date,state,district,block_id,block_name,panchayat_id,panchayat_name,rainfall_mm,n_cells,mapping_method,fallback_distance_m
2022-07-10,ANDHRA PRADESH,Anantapur,4689,ANANTAPUR,195802,A.NARAYANAPURAM,0.21248793446496608,4,area_weighted,
2022-07-10,ANDHRA PRADESH,Anantapur,4689,ANANTAPUR,195803,AKKAMPALLI,0.12661251425743103,1,direct_grid,
2022-07-10,ANDHRA PRADESH,Anantapur,4689,ANANTAPUR,195804,AKUTHOTAPALLI,0.1874668002128601,1,direct_grid,
2022-07-10,ANDHRA PRADESH,Anantapur,4689,ANANTAPUR,195805,ALAMURU,0.0961853638291359,1,direct_grid,
2022-07-10,ANDHRA PRADESH,Anantapur,4689,ANANTAPUR,195807,CHINNAMPALLI,0.004903935361653566,1,direct_grid,
2022-07-10,ANDHRA PRADESH,Anantapur,4689,ANANTAPUR,195808,CHIYYEDU,0.248321071267128,1,direct_grid,
2022-07-10,ANDHRA PRADESH,Anantapur,4689,ANANTAPUR,195812,KAMARUPALLI,0.004903935361653566,1,direct_grid,
2022-07-10,ANDHRA PRADESH,Anantapur,4689,ANANTAPUR,195813,KANDUKUR,0.17075786700350903,6,area_weighted,
2022-07-10,ANDHRA PRADESH,Anantapur,4689,ANANTAPUR,195814,KATIGANIKALVA,0.06575822830200195,1,direct_grid,
2022-07-10,ANDHRA PRADESH,Anantapur,4689,ANANTAPUR,195816,KODIMI,0.13673954690827217,2,area_weighted,
2022-07-10,ANDHRA PRADESH,Anantapur,4689,ANANTAPUR,195817,KURUGUNTA,0.03884572481146273,5,area_weighted,
2022-07-10,ANDHRA PRADESH,Anantapur,4689,ANANTAPUR,195818,MANNILA,0.12661251425743103,1,direct_grid,
2022-07-10,ANDHRA PRADESH,Anantapur,4689,ANANTAPUR,296296,Papampeta,0.131085803974257,5,area_weighted,
2022-07-10,ANDHRA PRADESH,Anantapur,4689,ANANTAPUR,195824,SOMALADODDI,0.248321071267128,1,direct_grid,
2022-07-10,ANDHRA PRADESH,Anantapur,4689,ANANTAPUR,195825,THATICHERLA,0.14991575479507446,1,direct_grid,
2022-07-10,ANDHRA PRADESH,Anantapur,4689,ANANTAPUR,195826,UPPARAPALLI,0.23310750722885132,2,direct_grid,
2022-07-10,ANDHRA PRADESH,Anantapur,4690,ATMAKUR,195827,ATMAKUR,0.004903935361653566,3,direct_grid,
2022-07-10,ANDHRA PRADESH,Anantapur,4690,ATMAKUR,195828,B.YALERU,0.004903935361653566,1,direct_grid,
2022-07-10,ANDHRA PRADESH,Anantapur,4690,ATMAKUR,195829,GORIDINDLA,0.004903935361653566,3,direct_grid,
2022-07-10,ANDHRA PRADESH,Anantapur,4690,ATMAKUR,195830,MADIGUBBA,0.004903935361653566,1,direct_grid,
2022-07-10,ANDHRA PRADESH,Anantapur,4690,ATMAKUR,195832,P.SIDDARAMPURAM,0.004903935361653566,8,area_weighted,
2022-07-10,ANDHRA PRADESH,Anantapur,4690,ATMAKUR,195835,RANGAMPETA,0.004903935361653566,1,direct_grid,
2022-07-10,ANDHRA PRADESH,Anantapur,4690,ATMAKUR,195838,TALUPURU,0.004903935361653567,4,area_weighted,
2022-07-10,ANDHRA PRADESH,Anantapur,4690,ATMAKUR,195839,THOPUDURTHI,0.004903935361653566,1,direct_grid,
2022-07-10,ANDHRA PRADESH,Anantapur,4692,BELUGUPPA,195854,ANKAMPALLI,0.004903935361653566,1,direct_grid,
2022-07-10,ANDHRA PRADESH,Anantapur,4692,BELUGUPPA,195855,AVULENNA,0.04311850638029804,5,area_weighted,
2022-07-10,ANDHRA PRADESH,Anantapur,4692,BELUGUPPA,195856,BELUGUPPA,0.06692153960466385,1,direct_grid,
2022-07-10,ANDHRA PRADESH,Anantapur,4692,BELUGUPPA,195857,BUDIGUMMA (RAMASAGARAM),0.007813389036481471,6,area_weighted,
2022-07-10,ANDHRA PRADESH,Anantapur,4692,BELUGUPPA,195858,DUDDEKUNTA,0.016021130469644335,4,area_weighted,
2022-07-10,ANDHRA PRADESH,Anantapur,4692,BELUGUPPA,195859,GANGAVARAM,0.02040833607316017,1,direct_grid,
2022-07-10,ANDHRA PRADESH,Anantapur,4692,BELUGUPPA,195860,HANIMIREDDIPALLI,0.004903935361653566,1,direct_grid,
2022-07-10,ANDHRA PRADESH,Anantapur,4692,BELUGUPPA,195862,KALVAPALLI,0.004903935361653566,4,area_weighted,
2022-07-10,ANDHRA PRADESH,Anantapur,4692,BELUGUPPA,195863,N. GUNDLAPALLI,0.08759406954050064,1,direct_grid,
2022-07-10,ANDHRA PRADESH,Anantapur,4692,BELUGUPPA,195864,NAKKALAPALLI,0.08242594450712204,1,direct_grid,
2022-07-10,ANDHRA PRADESH,Anantapur,4692,BELUGUPPA,195865,NARASAPURAM,0.051417138427495956,1,direct_grid,
2022-07-10,ANDHRA PRADESH,Anantapur,4692,BELUGUPPA,195867,SEERPI,0.035912737250328064,1,direct_grid,
2022-07-10,ANDHRA PRADESH,Anantapur,4692,BELUGUPPA,195869,THAGGUPARTHY,0.02834356070040655,2,area_weighted,
2022-07-10,ANDHRA PRADESH,Anantapur,4692,BELUGUPPA,195871,YERRAGUDI,0.035912735387682915,2,direct_grid,
2022-07-10,ANDHRA PRADESH,Anantapur,4693,BOMMANAHAL,195872,BANDUR,1.4304544925689697,1,direct_grid,
2022-07-10,ANDHRA PRADESH,Anantapur,4693,BOMMANAHAL,195873,BOLLANAGUDDAM,0.9408671259880066,1,direct_grid,
2022-07-10,ANDHRA PRADESH,Anantapur,4693,BOMMANAHAL,195874,BOMMANAHAL,1.5355266209095642,4,area_weighted,
2022-07-10,ANDHRA PRADESH,Anantapur,4693,BOMMANAHAL,195875,D.HONNUR,0.8211095929145813,1,direct_grid,
2022-07-10,ANDHRA PRADESH,Anantapur,4693,BOMMANAHAL,195876,ELANJI,0.9605328378710637,5,area_weighted,
2022-07-10,ANDHRA PRADESH,Anantapur,4693,BOMMANAHAL,195877,GONEHAL,0.7377598285675049,1,direct_grid,
2022-07-10,ANDHRA PRADESH,Anantapur,4693,BOMMANAHAL,195878,GOVINDAWADA,0.9849021434783936,1,direct_grid,
2022-07-10,ANDHRA PRADESH,Anantapur,4693,BOMMANAHAL,195879,HARESAMUDRAM,1.646297574043274,1,direct_grid,
2022-07-10,ANDHRA PRADESH,Anantapur,4693,BOMMANAHAL,195881,KOLAGANAHALLI,0.9847973585128784,1,direct_grid,
2022-07-10,ANDHRA PRADESH,Anantapur,4693,BOMMANAHAL,195882,KURUVALLI,1.6347556096840359,3,area_weighted,
2022-07-10,ANDHRA PRADESH,Anantapur,4693,BOMMANAHAL,195884,NEMAKALLU,1.2801542282104492,1,direct_grid,
2022-07-10,ANDHRA PRADESH,Anantapur,4693,BOMMANAHAL,195885,SIDDARAMPURAM,1.0569734278972687,4,area_weighted,
2022-07-10,ANDHRA PRADESH,Anantapur,4693,BOMMANAHAL,195886,SINGANAHALLI,1.0631423465794276,5,area_weighted,
2022-07-10,ANDHRA PRADESH,Anantapur,4693,BOMMANAHAL,195887,SREEDHARAGHATTA,1.2283705472946167,1,direct_grid,
2022-07-10,ANDHRA PRADESH,Anantapur,4693,BOMMANAHAL,195888,UDDEHAL,1.0971741676330566,1,direct_grid,
2022-07-10,ANDHRA PRADESH,Anantapur,4693,BOMMANAHAL,195889,UNTHAKAL,1.2291210345793449,3,area_weighted,
2022-07-10,ANDHRA PRADESH,Anantapur,4694,BRAHMASAMUDRAM,195891,BHAIRASAMUDRAM,0.26845191462854767,5,area_weighted,
2022-07-10,ANDHRA PRADESH,Anantapur,4694,BRAHMASAMUDRAM,195892,BHYRAVANITHIPPA,0.6918844806658839,4,area_weighted,
2022-07-10,ANDHRA PRADESH,Anantapur,4694,BRAHMASAMUDRAM,195893,BOMMAGANIPALLI,0.03419002331793308,3,direct_grid,
2022-07-10,ANDHRA PRADESH,Anantapur,4694,BRAHMASAMUDRAM,195894,BRAHMASAMUDRAM,0.250868022441864,1,direct_grid,
2022-07-10,ANDHRA PRADESH,Anantapur,4694,BRAHMASAMUDRAM,195895,ERADIKERA,0.27252471446990967,1,direct_grid,
2022-07-10,ANDHRA PRADESH,Anantapur,4694,BRAHMASAMUDRAM,195896,GUNDIGANIHALLI,0.6670423915437782,2,area_weighted,
2022-07-10,ANDHRA PRADESH,Anantapur,4694,BRAHMASAMUDRAM,195897,KANNEPALLI,0.22921128571033478,1,direct_grid,
2022-07-10,ANDHRA PRADESH,Anantapur,4694,BRAHMASAMUDRAM,195900,PALAVENKATAPURAM,0.12111546655009214,2,area_weighted,
2022-07-10,ANDHRA PRADESH,Anantapur,4694,BRAHMASAMUDRAM,195902,RAYALAPPADODDI,0.056585267186164856,1,direct_grid,
2022-07-10,ANDHRA PRADESH,Anantapur,4694,BRAHMASAMUDRAM,195903,S. KONDAPURAM,0.004903935361653566,1,direct_grid,
2022-07-10,ANDHRA PRADESH,Anantapur,4694,BRAHMASAMUDRAM,195905,VEPALAPARTHI,0.47099143266677856,1,direct_grid,
2022-07-10,ANDHRA PRADESH,Anantapur,4694,BRAHMASAMUDRAM,195906,WEST KODIPALLI,0.5401455163955688,1,direct_grid,
2022-07-10,ANDHRA PRADESH,Anantapur,4696,BUKKARAYASAMUDRAM,195918,B.K.SAMUDRAM,0.37002962827682495,1,direct_grid,
2022-07-10,ANDHRA PRADESH,Anantapur,4696,BUKKARAYASAMUDRAM,195919,B.KOTHAPALLI,0.25392353534698486,1,direct_grid,
2022-07-10,ANDHRA PRADESH,Anantapur,4696,BUKKARAYASAMUDRAM,195920,BOMMALATAPALLI,0.4034784503002201,5,area_weighted,
2022-07-10,ANDHRA PRADESH,Anantapur,4696,BUKKARAYASAMUDRAM,195921,CHEDULLA,0.2954464301198925,4,area_weighted,
2022-07-10,ANDHRA PRADESH,Anantapur,4696,BUKKARAYASAMUDRAM,195923,DANDUVARIPALLI,0.37002962827682495,1,direct_grid,
2022-07-10,ANDHRA PRADESH,Anantapur,4696,BUKKARAYASAMUDRAM,195924,DAYYALAKUNTAPALLI,0.5050547122955322,2,direct_grid,
2022-07-10,ANDHRA PRADESH,Anantapur,4696,BUKKARAYASAMUDRAM,195925,GOVINDAPALLI,0.27139589323550606,4,area_weighted,
2022-07-10,ANDHRA PRADESH,Anantapur,4696,BUKKARAYASAMUDRAM,195926,JANTHULUR,0.2731309235095978,1,direct_grid,
2022-07-10,ANDHRA PRADESH,Anantapur,4696,BUKKARAYASAMUDRAM,195928,KORRAPADU,0.250898152589798,1,direct_grid,
2022-07-10,ANDHRA PRADESH,Anantapur,4696,BUKKARAYASAMUDRAM,195929,NEELAMPALLI,0.2734636192399884,3,area_weighted,
2022-07-10,ANDHRA PRADESH,Anantapur,4696,BUKKARAYASAMUDRAM,195930,PASALUR,0.33525463654501847,6,area_weighted,
2022-07-10,ANDHRA PRADESH,Anantapur,4696,BUKKARAYASAMUDRAM,195932,REDDIPALLI,0.4243293468187284,4,area_weighted,
2022-07-10,ANDHRA PRADESH,Anantapur,4699,D.HIREHAL,195961,CHERLOPALLI,1.0219485747056438,4,area_weighted,
2022-07-10,ANDHRA PRADESH,Anantapur,4699,D.HIREHAL,195962,D.HIREHAL,0.9596675932407379,2,direct_grid,
2022-07-10,ANDHRA PRADESH,Anantapur,4699,D.HIREHAL,195963,DODAGHATTA,0.9083406925201416,1,direct_grid,
2022-07-10,ANDHRA PRADESH,Anantapur,4699,D.HIREHAL,195964,HULIKAL,0.7009670734405518,1,direct_grid,
2022-07-10,ANDHRA PRADESH,Anantapur,4699,D.HIREHAL,195965,JAJARAKAL,1.0764523011759775,6,area_weighted,
2022-07-10,ANDHRA PRADESH,Anantapur,4699,D.HIREHAL,195966,KADALUR,0.8984549825888086,5,area_weighted,
2022-07-10,ANDHRA PRADESH,Anantapur,4699,D.HIREHAL,195968,M.HANUMAPURAM,0.7315621972084045,1,direct_grid,
2022-07-10,ANDHRA PRADESH,Anantapur,4699,D.HIREHAL,195969,MADENAHALLI,0.8444409739265881,6,area_weighted,
2022-07-10,ANDHRA PRADESH,Anantapur,4699,D.HIREHAL,195970,MALAPANAGUDI,1.0222876071929932,1,direct_grid,
2022-07-10,ANDHRA PRADESH,Anantapur,4699,D.HIREHAL,195971,MALLIKETHI,1.0563786029815674,2,direct_grid,
2022-07-10,ANDHRA PRADESH,Anantapur,4699,D.HIREHAL,195974,OBULAPURAM,1.1981805562973022,1,direct_grid,
2022-07-10,ANDHRA PRADESH,Anantapur,4699,D.HIREHAL,195976,SOMALAPURAM,0.9295068979263306,2,direct_grid,
2022-07-10,ANDHRA PRADESH,Anantapur,4702,GARLADINNE,196007,BUDEDU,0.7186632249072623,3,area_weighted,
2022-07-10,ANDHRA PRADESH,Anantapur,4702,GARLADINNE,196008,GARLADINNE,0.6791127622127533,2,direct_grid,
2022-07-10,ANDHRA PRADESH,Anantapur,4702,GARLADINNE,196009,ILLURU,0.7629686687235627,4,area_weighted,
2022-07-10,ANDHRA PRADESH,Anantapur,4702,GARLADINNE,196010,KALLURU,0.7907504439353943,1,direct_grid,
2022-07-10,ANDHRA PRADESH,Anantapur,4702,GARLADINNE,196011,KAMALAPURAM,0.7865225672721863,1,direct_grid,
2022-07-10,ANDHRA PRADESH,Anantapur,4702,GARLADINNE,196012,KANAMPALLI,0.7087088380198543,4,area_weighted,
2022-07-10,ANDHRA PRADESH,Anantapur,4702,GARLADINNE,196013,KESAVAPURAM,0.7797839641571045,2,direct_grid,
2022-07-10,ANDHRA PRADESH,Anantapur,4702,GARLADINNE,196014,KOPPALAKONDA,0.8453153371810913,1,direct_grid,
2022-07-10,ANDHRA PRADESH,Anantapur,4702,GARLADINNE,196015,KOTANKA,0.3518174129901248,4,area_weighted,
2022-07-10,ANDHRA PRADESH,Anantapur,4702,GARLADINNE,196017,M.P.R. DAM,0.8342135548591614,1,direct_grid,
2022-07-10,ANDHRA PRADESH,Anantapur,4702,GARLADINNE,196018,MARTHADU,0.6135752201080322,1,direct_grid,
2022-07-10,ANDHRA PRADESH,Anantapur,4702,GARLADINNE,196019,MUKUNDAPURAM,0.5999056696891785,1,direct_grid,
2022-07-10,ANDHRA PRADESH,Anantapur,4702,GARLADINNE,196020,MUNTIMADUGU,0.8143027634536223,5,area_weighted,
2022-07-10,ANDHRA PRADESH,Anantapur,4702,GARLADINNE,196022,SIRIVARAM,0.7211144473514899,4,area_weighted,
2022-07-10,ANDHRA PRADESH,Anantapur,4703,GOOTY,196025,ABBEDODDI,1.760074200662591,2,area_weighted,
2022-07-10,ANDHRA PRADESH,Anantapur,4703,GOOTY,196026,BASINEPALLI,3.1223575426560353,2,area_weighted,
2022-07-10,ANDHRA PRADESH,Anantapur,4703,GOOTY,196027,BETHAPALLI,3.837841749191284,1,direct_grid,
2022-07-10,ANDHRA PRADESH,Anantapur,4703,GOOTY,196028,BRAMHANAPALLI,1.6341622019881656,3,area_weighted,
2022-07-10,ANDHRA PRADESH,Anantapur,4703,GOOTY,196029,CHERLOPALLI,2.1801846661787785,3,area_weighted,
2022-07-10,ANDHRA PRADESH,Anantapur,4703,GOOTY,196030,DHARMAPURAM,2.7712016105651855,1,direct_grid,
2022-07-10,ANDHRA PRADESH,Anantapur,4703,GOOTY,196031,ERRAGUDI,1.3941738605499268,1,direct_grid,
2022-07-10,ANDHRA PRADESH,Anantapur,4703,GOOTY,196032,ISSURARALLAPALLI,2.7989954948425293,1,direct_grid,
2022-07-10,ANDHRA PRADESH,Anantapur,4703,GOOTY,196035,KOJJEPALLI,2.7402071952819824,1,direct_grid,
2022-07-10,ANDHRA PRADESH,Anantapur,4703,GOOTY,196036,KOTHAPETA,1.9790358543395996,1,direct_grid,
2022-07-10,ANDHRA PRADESH,Anantapur,4703,GOOTY,196038,MAMADUR,1.3768073320388794,1,direct_grid,
2022-07-10,ANDHRA PRADESH,Anantapur,4703,GOOTY,196039,PEDDODDI,1.9979149103164673,2,direct_grid,
2022-07-10,ANDHRA PRADESH,Anantapur,4703,GOOTY,196040,RAJAPURAM,2.551423805073017,4,area_weighted,
2022-07-10,ANDHRA PRADESH,Anantapur,4703,GOOTY,196041,T.KOTHAPALLI,2.765214612342178,5,area_weighted,
2022-07-10,ANDHRA PRADESH,Anantapur,4703,GOOTY,196043,TURAKAPALLI,2.020746498546273,2,area_weighted,
2022-07-10,ANDHRA PRADESH,Anantapur,4703,GOOTY,196044,UBICHERLA,3.6955251414933024,4,area_weighted,
2022-07-10,ANDHRA PRADESH,Anantapur,4703,GOOTY,196045,UTAKALLU,4.0980835374097335,4,area_weighted,
2022-07-10,ANDHRA PRADESH,Anantapur,4706,GUMMAGATTA,196076,75.VEERAPURAM,0.4578119218349457,1,direct_grid,
2022-07-10,ANDHRA PRADESH,Anantapur,4706,GUMMAGATTA,196077,BELODU,0.30902745030828715,4,area_weighted,
2022-07-10,ANDHRA PRADESH,Anantapur,4706,GUMMAGATTA,196078,BHUPASAMUDRAM,0.1952243768397599,2,area_weighted,
2022-07-10,ANDHRA PRADESH,Anantapur,4706,GUMMAGATTA,196079,GALAGALA,0.6672708083947194,4,area_weighted,
2022-07-10,ANDHRA PRADESH,Anantapur,4706,GUMMAGATTA,196080,GOLLAPALLI,0.5685989260673523,1,direct_grid,
2022-07-10,ANDHRA PRADESH,Anantapur,4706,GUMMAGATTA,196081,GONABHAVI,0.5814759848442032,4,area_weighted,
2022-07-10,ANDHRA PRADESH,Anantapur,4706,GUMMAGATTA,196084,KALUGODU,0.4018373191356659,1,direct_grid,
2022-07-10,ANDHRA PRADESH,Anantapur,4706,GUMMAGATTA,196085,MAREM PALLI,0.20755457878112793,1,direct_grid,
2022-07-10,ANDHRA PRADESH,Anantapur,4706,GUMMAGATTA,196087,PULAKUNTA,0.5384543636418256,3,area_weighted,
2022-07-10,ANDHRA PRADESH,Anantapur,4706,GUMMAGATTA,196088,RANGASAMUDRAM,0.7110743522644043,1,direct_grid,
2022-07-10,ANDHRA PRADESH,Anantapur,4706,GUMMAGATTA,196090,TALLAKERA,0.7030257980028788,3,direct_grid,
2022-07-10,ANDHRA PRADESH,Anantapur,4707,GUNTAKAL,196092,CHINTALAMPALLI,1.3015793561935425,2,direct_grid,
2022-07-10,ANDHRA PRADESH,Anantapur,4707,GUNTAKAL,196093,DANCHERLA,1.9114505185734045,4,area_weighted,
2022-07-10,ANDHRA PRADESH,Anantapur,4707,GUNTAKAL,196094,DONIMUKKALA,2.5602742155547196,3,area_weighted,
2022-07-10,ANDHRA PRADESH,Anantapur,4707,GUNTAKAL,196095,DOSALUDIKI,3.5691447257995605,1,direct_grid,
2022-07-10,ANDHRA PRADESH,Anantapur,4707,GUNTAKAL,196097,GUNDALA,3.232724870203939,2,area_weighted,
2022-07-10,ANDHRA PRADESH,Anantapur,4707,GUNTAKAL,196098,GUNDALA THANDA,2.4901326190616357,4,area_weighted,
2022-07-10,ANDHRA PRADESH,Anantapur,4707,GUNTAKAL,196102,KASAPURAM,4.096755504608154,1,direct_grid,
2022-07-10,ANDHRA PRADESH,Anantapur,4707,GUNTAKAL,196103,KONGANAPALLI,2.6343889236450195,1,direct_grid,
2022-07-10,ANDHRA PRADESH,Anantapur,4707,GUNTAKAL,196104,MOLAKALPENTA,3.3933534622192383,1,direct_grid,
2022-07-10,ANDHRA PRADESH,Anantapur,4707,GUNTAKAL,196105,N.TIMMAPURAM,2.633049249649048,1,direct_grid,
2022-07-10,ANDHRA PRADESH,Anantapur,4707,GUNTAKAL,196108,NAKKANADODDI,2.656183518835621,4,area_weighted,
2022-07-10,ANDHRA PRADESH,Anantapur,4707,GUNTAKAL,196109,NALLADASARAPALLI,2.02181077003479,1,direct_grid,
2022-07-10,ANDHRA PRADESH,Anantapur,4707,GUNTAKAL,196111,OBULAPURAM,3.1887178873857325,4,area_weighted,
2022-07-10,ANDHRA PRADESH,Anantapur,4707,GUNTAKAL,196112,PATHAKOTHA CHERUVU,1.9871469736099243,1,direct_grid,
2022-07-10,ANDHRA PRADESH,Anantapur,4707,GUNTAKAL,196114,Y.T.CHERUVU,2.5398976802825928,1,direct_grid,
2022-07-10,ANDHRA PRADESH,Anantapur,4710,KALYANDRUG,196141,BHATTUVANIPALLI,0.006484582713928544,4,area_weighted,
2022-07-10,ANDHRA PRADESH,Anantapur,4710,KALYANDRUG,196142,BORAMPALLI,0.015240201726555824,1,direct_grid,
2022-07-10,ANDHRA PRADESH,Anantapur,4710,KALYANDRUG,196143,BYADRAHALLI,0.41599833965301514,1,direct_grid,
2022-07-10,ANDHRA PRADESH,Anantapur,4710,KALYANDRUG,196144,CHAPIRI,0.02557646855711937,1,direct_grid,
2022-07-10,ANDHRA PRADESH,Anantapur,4710,KALYANDRUG,196145,DURADAKUNTA,0.19077570360361337,2,area_weighted,
2022-07-10,ANDHRA PRADESH,Anantapur,4710,KALYANDRUG,196146,EAST KODIPALLI,0.007488002302125096,2,direct_grid,
2022-07-10,ANDHRA PRADESH,Anantapur,4710,KALYANDRUG,196147,GARUDAPURAM,0.15463181980885565,2,direct_grid,
2022-07-10,ANDHRA PRADESH,Anantapur,4710,KALYANDRUG,196148,GOLLA,0.010072068544104695,2,direct_grid,
2022-07-10,ANDHRA PRADESH,Anantapur,4710,KALYANDRUG,196149,HULIKAL,0.035912737250328064,1,direct_grid,
2022-07-10,ANDHRA PRADESH,Anantapur,4710,KALYANDRUG,196150,KONDAPURAM,0.004903935361653566,2,direct_grid,
2022-07-10,ANDHRA PRADESH,Anantapur,4710,KALYANDRUG,196153,MUDDINAYANAPALLI,0.004903935361653566,1,direct_grid,
2022-07-10,ANDHRA PRADESH,Anantapur,4710,KALYANDRUG,196154,NARAYANAPURAM,0.004903935361653566,1,direct_grid,
2022-07-10,ANDHRA PRADESH,Anantapur,4710,KALYANDRUG,196156,THIMMASAMUDRAM,0.004903935361653566,1,direct_grid,
2022-07-10,ANDHRA PRADESH,Anantapur,4711,KAMBADUR,196157,CHENNAMPALLI,0.652202308177948,1,direct_grid,
2022-07-10,ANDHRA PRADESH,Anantapur,4711,KAMBADUR,196158,GOLLAPALLI,0.5510941445827484,2,direct_grid,
2022-07-10,ANDHRA PRADESH,Anantapur,4711,KAMBADUR,196159,KAMBADUR,0.8899487555027008,2,direct_grid,
2022-07-10,ANDHRA PRADESH,Anantapur,4711,KAMBADUR,196160,KARTHANAPARTHI,0.483133465051651,1,direct_grid,
2022-07-10,ANDHRA PRADESH,Anantapur,4711,KAMBADUR,196161,KURAKULAPALLI,0.5589645802974701,2,direct_grid,
2022-07-10,ANDHRA PRADESH,Anantapur,4711,KAMBADUR,196162,MARRIMAKULA PALLI,0.7455024719238281,1,direct_grid,
2022-07-10,ANDHRA PRADESH,Anantapur,4711,KAMBADUR,196164,NUTHIMADUGU,0.004903935361653566,1,direct_grid,
2022-07-10,ANDHRA PRADESH,Anantapur,4711,KAMBADUR,196166,RALLA ANANTAPURAM,0.6439311504364014,1,direct_grid,
2022-07-10,ANDHRA PRADESH,Anantapur,4711,KAMBADUR,196167,RAMAPURAM,0.004903935361653566,1,direct_grid,
2022-07-10,ANDHRA PRADESH,Anantapur,4711,KAMBADUR,196168,TIMMAPURAM,0.7875255048274994,2,direct_grid,
2022-07-10,ANDHRA PRADESH,Anantapur,4713,KANEKAL,196187,BIDURUKUNTHAM,0.7707073092460632,1,direct_grid,
2022-07-10,ANDHRA PRADESH,Anantapur,4713,KANEKAL,196188,BRAHMASAMUDRAM,0.8681895251025048,4,area_weighted,
2022-07-10,ANDHRA PRADESH,Anantapur,4713,KANEKAL,196189,GANIGERA,1.0390266180038452,1,direct_grid,
2022-07-10,ANDHRA PRADESH,Anantapur,4713,KANEKAL,196190,GARUDACHEDU,0.7957884073257446,1,direct_grid,
2022-07-10,ANDHRA PRADESH,Anantapur,4713,KANEKAL,196191,GOPULA PURAM,0.14839430898427963,2,direct_grid,
2022-07-10,ANDHRA PRADESH,Anantapur,4713,KANEKAL,196192,HANAKANAHAL,0.056585267186164856,1,direct_grid,
2022-07-10,ANDHRA PRADESH,Anantapur,4713,KANEKAL,196195,KALEKURTHY,0.2293408426988119,4,area_weighted,
2022-07-10,ANDHRA PRADESH,Anantapur,4713,KANEKAL,196196,KANEKAL,0.735272228717804,2,direct_grid,
2022-07-10,ANDHRA PRADESH,Anantapur,4713,KANEKAL,196197,MALYAM,0.6206533908843994,1,direct_grid,
2022-07-10,ANDHRA PRADESH,Anantapur,4713,KANEKAL,196198,N.HANUMAPURAM,0.7605683610914101,2,area_weighted,
2022-07-10,ANDHRA PRADESH,Anantapur,4713,KANEKAL,196199,RATCHUMARRI,0.10826659947633743,1,direct_grid,
2022-07-10,ANDHRA PRADESH,Anantapur,4713,KANEKAL,196200,SOLLAPURAM,0.5609785914421082,1,direct_grid,
2022-07-10,ANDHRA PRADESH,Anantapur,4713,KANEKAL,196201,THUMBIGANUR,0.7727150917053223,1,direct_grid,
2022-07-10,ANDHRA PRADESH,Anantapur,4713,KANEKAL,196202,UDEGOLAM,0.8458389639854431,1,direct_grid,
2022-07-10,ANDHRA PRADESH,Anantapur,4713,KANEKAL,196203,YERRAGUNTA,0.8866291382592487,5,area_weighted,
2022-07-10,ANDHRA PRADESH,Anantapur,4715,KUDAIR,196219,ARAVAKUR,0.004903935361653566,1,direct_grid,
2022-07-10,ANDHRA PRADESH,Anantapur,4715,KUDAIR,196220,CHOLASAMUDRAM,0.004903935361653566,1,direct_grid,
2022-07-10,ANDHRA PRADESH,Anantapur,4715,KUDAIR,196221,GOTUKURU,0.004903935361653566,1,direct_grid,
2022-07-10,ANDHRA PRADESH,Anantapur,4715,KUDAIR,196222,IPPERU,0.004903935361653566,2,direct_grid,
2022-07-10,ANDHRA PRADESH,Anantapur,4715,KUDAIR,196223,JALLIPALLI,0.6552695780992508,2,direct_grid,
2022-07-10,ANDHRA PRADESH,Anantapur,4715,KUDAIR,196224,KALAGALLA,0.5873234272003174,2,direct_grid,
2022-07-10,ANDHRA PRADESH,Anantapur,4715,KUDAIR,196226,KORRAKODU,0.004903935361653566,1,direct_grid,
2022-07-10,ANDHRA PRADESH,Anantapur,4715,KUDAIR,196227,KUDAIR,0.004903935361653566,2,direct_grid,
2022-07-10,ANDHRA PRADESH,Anantapur,4715,KUDAIR,196228,MARUTLA,0.8609559535980225,1,direct_grid,
2022-07-10,ANDHRA PRADESH,Anantapur,4715,KUDAIR,196230,P.NARAYANAPURAM,0.004903935361653566,1,direct_grid,
2022-07-10,ANDHRA PRADESH,Anantapur,4716,KUNDURPI,196233,APPILEPALLI,0.4354262179972594,4,area_weighted,
2022-07-10,ANDHRA PRADESH,Anantapur,4716,KUNDURPI,196234,BASAPURAM,0.1952497363090515,1,direct_grid,
2022-07-10,ANDHRA PRADESH,Anantapur,4716,KUNDURPI,196235,BESTHARAPALLI,0.4902161657810211,1,direct_grid,
2022-07-10,ANDHRA PRADESH,Anantapur,4716,KUNDURPI,196236,JAMBUGUMPALA,0.0,2,direct_grid,
2022-07-10,ANDHRA PRADESH,Anantapur,4716,KUNDURPI,196237,KARIGANIPALLI,0.6682000160217285,1,direct_grid,
2022-07-10,ANDHRA PRADESH,Anantapur,4716,KUNDURPI,196238,KUNDURPI,0.1659374814480543,2,direct_grid,
2022-07-10,ANDHRA PRADESH,Anantapur,4716,KUNDURPI,196240,MALAYANUR,0.0,2,direct_grid,
2022-07-10,ANDHRA PRADESH,Anantapur,4716,KUNDURPI,196241,NIJAVALLI,0.0,2,area_weighted,
2022-07-10,ANDHRA PRADESH,Anantapur,4716,KUNDURPI,196245,YENUMALADODDI,0.637111485004425,2,direct_grid,
2022-07-10,ANDHRA PRADESH,Anantapur,4723,NARPALA,196330,B.PAPPURU,0.5777105689048767,1,direct_grid,
2022-07-10,ANDHRA PRADESH,Anantapur,4723,NARPALA,196331,BANDLAPALLI,0.3091753423213959,1,direct_grid,
2022-07-10,ANDHRA PRADESH,Anantapur,4723,NARPALA,196333,CHAMALURU,0.2190186157822609,2,direct_grid,
2022-07-10,ANDHRA PRADESH,Anantapur,4723,NARPALA,196335,GADAMNAGEPALLE,0.41481769433989757,4,area_weighted,
2022-07-10,ANDHRA PRADESH,Anantapur,4723,NARPALA,196336,GANGANAPALLI,0.666815459728241,1,direct_grid,
2022-07-10,ANDHRA PRADESH,Anantapur,4723,NARPALA,196338,GUNJEPALLE,0.47460585832595825,1,direct_grid,
2022-07-10,ANDHRA PRADESH,Anantapur,4723,NARPALA,196342,NARPALA,0.4714784820874532,3,direct_grid,
2022-07-10,ANDHRA PRADESH,Anantapur,4723,NARPALA,196343,NAYANAPALLI,0.5124423503875732,1,direct_grid,
2022-07-10,ANDHRA PRADESH,Anantapur,4723,NARPALA,196345,SIDDARACHERLA,0.46131107211112976,1,direct_grid,
2022-07-10,ANDHRA PRADESH,Anantapur,4725,PAMIDI,196360,ANUMPALLI,0.7172738015651703,2,direct_grid,
2022-07-10,ANDHRA PRADESH,Anantapur,4725,PAMIDI,196091,AYYAVARIPALLI,0.8221134543418884,1,direct_grid,
2022-07-10,ANDHRA PRADESH,Anantapur,4725,PAMIDI,196361,DEVARAPALLI,0.8254557805320726,2,area_weighted,
2022-07-10,ANDHRA PRADESH,Anantapur,4725,PAMIDI,196363,EDDULAPALLI,0.8658654689788818,1,direct_grid,
2022-07-10,ANDHRA PRADESH,Anantapur,4725,PAMIDI,196364,EDURURU,1.2010549634782715,2,area_weighted,
2022-07-10,ANDHRA PRADESH,Anantapur,4725,PAMIDI,196365,GAJARAMPALLI,0.7333725690841675,1,direct_grid,
2022-07-10,ANDHRA PRADESH,Anantapur,4725,PAMIDI,196366,GULIMIKONDLA KOTTALA,0.7589009296257944,4,area_weighted,
2022-07-10,ANDHRA PRADESH,Anantapur,4725,PAMIDI,196367,KANDLAPALLI,0.8338474035263062,1,direct_grid,
2022-07-10,ANDHRA PRADESH,Anantapur,4725,PAMIDI,196370,KHADARPETA,0.8160484858004753,4,area_weighted,
2022-07-10,ANDHRA PRADESH,Anantapur,4725,PAMIDI,196371,NEELURU,0.608573853969574,1,direct_grid,
2022-07-10,ANDHRA PRADESH,Anantapur,4725,PAMIDI,196372,PALYAM,0.8896779417991638,1,direct_grid,
2022-07-10,ANDHRA PRADESH,Anantapur,4725,PAMIDI,196374,RAMAGIRI,0.8123291540550817,3,area_weighted,
2022-07-10,ANDHRA PRADESH,Anantapur,4725,PAMIDI,196375,RAMARAJUPALLI,1.1320212312892717,5,area_weighted,
2022-07-10,ANDHRA PRADESH,Anantapur,4725,PAMIDI,196376,SORAKAYALAPETA,0.8591466661321627,2,area_weighted,
2022-07-10,ANDHRA PRADESH,Anantapur,4725,PAMIDI,196377,VANKARAJUKALVA,0.8546557426452637,1,direct_grid,
2022-07-10,ANDHRA PRADESH,Anantapur,4727,PEDDAPAPPUR,196392,AMMALADINNE,0.6276582878357877,4,area_weighted,
2022-07-10,ANDHRA PRADESH,Anantapur,4727,PEDDAPAPPUR,196393,C.CHIKKEPALLI,0.6735987663269043,1,direct_grid,
2022-07-10,ANDHRA PRADESH,Anantapur,4727,PEDDAPAPPUR,196397,DEVANUPPALAPADU,0.6910772789627132,4,area_weighted,
2022-07-10,ANDHRA PRADESH,Anantapur,4727,PEDDAPAPPUR,196398,DHARMAPURAM,0.6008898061549379,3,area_weighted,
2022-07-10,ANDHRA PRADESH,Anantapur,4727,PEDDAPAPPUR,196400,JUTUR,0.605290025472641,2,direct_grid,
2022-07-10,ANDHRA PRADESH,Anantapur,4727,PEDDAPAPPUR,196401,KUMMETHA,0.5661768451603468,4,area_weighted,
2022-07-10,ANDHRA PRADESH,Anantapur,4727,PEDDAPAPPUR,196402,MUCHUKOTA,0.6401853561401367,1,direct_grid,
2022-07-10,ANDHRA PRADESH,Anantapur,4727,PEDDAPAPPUR,196404,NARASAPURAM,0.5666751265525818,1,direct_grid,
2022-07-10,ANDHRA PRADESH,Anantapur,4727,PEDDAPAPPUR,196405,P.CHERLOPALLI,0.6088968515396118,1,direct_grid,
2022-07-10,ANDHRA PRADESH,Anantapur,4727,PEDDAPAPPUR,196406,PASALUR,0.6142086982727051,1,direct_grid,
2022-07-10,ANDHRA PRADESH,Anantapur,4727,PEDDAPAPPUR,196407,PEDDAPAPPUR,0.6457362386806386,4,area_weighted,
2022-07-10,ANDHRA PRADESH,Anantapur,4727,PEDDAPAPPUR,196410,TABJULA,0.663686439179102,5,area_weighted,
2022-07-10,ANDHRA PRADESH,Anantapur,4728,PEDDAVADUGUR,196412,A.THIMMAPURAM,2.1556153297424316,1,direct_grid,
2022-07-10,ANDHRA PRADESH,Anantapur,4728,PEDDAVADUGUR,196414,BHEEMUNIPALLI,0.5096055269241333,1,direct_grid,
2022-07-10,ANDHRA PRADESH,Anantapur,4728,PEDDAVADUGUR,196416,CHINNAVADUGURU,0.5109265446662903,1,direct_grid,
2022-07-10,ANDHRA PRADESH,Anantapur,4728,PEDDAVADUGUR,196417,CHINTHALA CHERUVU,0.5407086138562758,2,area_weighted,
2022-07-10,ANDHRA PRADESH,Anantapur,4728,PEDDAVADUGUR,196418,CHITRACHEDU,0.6991114318370819,2,direct_grid,
2022-07-10,ANDHRA PRADESH,Anantapur,4728,PEDDAVADUGUR,196419,CHITTURU,0.6386462450027466,1,direct_grid,
2022-07-10,ANDHRA PRADESH,Anantapur,4728,PEDDAVADUGUR,196420,DIMMAGUDI,0.5991769655379233,3,area_weighted,
2022-07-10,ANDHRA PRADESH,Anantapur,4728,PEDDAVADUGUR,196421,G.VENKATAMPALLI,1.238630771636963,1,direct_grid,
2022-07-10,ANDHRA PRADESH,Anantapur,4728,PEDDAVADUGUR,196422,GOOTY ANANTHAPURAM,1.2766073942184448,1,direct_grid,
2022-07-10,ANDHRA PRADESH,Anantapur,4728,PEDDAVADUGUR,196423,KANDLAGUDURU,0.5734530625371124,4,area_weighted,
2022-07-10,ANDHRA PRADESH,Anantapur,4728,PEDDAVADUGUR,196425,KRISTIPADU,1.3596282005310059,1,direct_grid,
2022-07-10,ANDHRA PRADESH,Anantapur,4728,PEDDAVADUGUR,196426,LAKSHUMPALLI,0.8799552415851656,6,area_weighted,
2022-07-10,ANDHRA PRADESH,Anantapur,4728,PEDDAVADUGUR,196427,MALLENIPALLI,1.246147584909079,2,area_weighted,
2022-07-10,ANDHRA PRADESH,Anantapur,4728,PEDDAVADUGUR,196428,MEDIMAKULAPALLI,0.562257707118988,1,direct_grid,
2022-07-10,ANDHRA PRADESH,Anantapur,4728,PEDDAVADUGUR,196430,MUPPALAGUTTI,1.3462619157696034,3,area_weighted,
2022-07-10,ANDHRA PRADESH,Anantapur,4728,PEDDAVADUGUR,196431,P.KOTTALAPALLI,0.6449141281768385,2,area_weighted,
2022-07-10,ANDHRA PRADESH,Anantapur,4728,PEDDAVADUGUR,196433,PENAKALAPADU (U.I),0.7066618800163269,1,direct_grid,
2022-07-10,ANDHRA PRADESH,Anantapur,4728,PEDDAVADUGUR,196435,RAVULUDIKI,0.5755095173494601,2,area_weighted,
2022-07-10,ANDHRA PRADESH,Anantapur,4728,PEDDAVADUGUR,196436,VIRUPAPURAM,1.2557486629822812,2,area_weighted,
2022-07-10,ANDHRA PRADESH,Anantapur,4730,PUTLUR,196451,A.KONDAPURAM,0.5960583686828613,1,direct_grid,
2022-07-10,ANDHRA PRADESH,Anantapur,4730,PUTLUR,196453,BALAPURAM,0.408104807138443,1,direct_grid,
2022-07-10,ANDHRA PRADESH,Anantapur,4730,PUTLUR,196454,C.VENGANNAPALLI,0.17061680555343628,1,direct_grid,
2022-07-10,ANDHRA PRADESH,Anantapur,4730,PUTLUR,196455,CHALAVEMULA,0.17341208457946777,1,direct_grid,
2022-07-10,ANDHRA PRADESH,Anantapur,4730,PUTLUR,196456,CHERLOPALLI,0.24569006264209747,1,direct_grid,
2022-07-10,ANDHRA PRADESH,Anantapur,4730,PUTLUR,196457,DOSALEDU,0.48478955030441284,1,direct_grid,
2022-07-10,ANDHRA PRADESH,Anantapur,4730,PUTLUR,196458,ELLUTLA,0.7300333976745605,1,direct_grid,
2022-07-10,ANDHRA PRADESH,Anantapur,4730,PUTLUR,196459,GANDLAPADU,0.30805692076683044,1,direct_grid,
2022-07-10,ANDHRA PRADESH,Anantapur,4730,PUTLUR,196460,GARUGU CHINTALAPALLI,0.31402939558029175,1,direct_grid,
2022-07-10,ANDHRA PRADESH,Anantapur,4730,PUTLUR,196461,JANGAMREDDIPETA,0.6204511523246765,1,direct_grid,
2022-07-10,ANDHRA PRADESH,Anantapur,4730,PUTLUR,196462,KADAVAKAL,0.49011925192777206,5,area_weighted,
2022-07-10,ANDHRA PRADESH,Anantapur,4730,PUTLUR,196463,KANDIKAPULA,0.5059338808059692,1,direct_grid,
2022-07-10,ANDHRA PRADESH,Anantapur,4730,PUTLUR,196464,KOMATIKUNTLA,0.0,1,direct_grid,
2022-07-10,ANDHRA PRADESH,Anantapur,4730,PUTLUR,196466,KUMMANAMALA,0.5435790419578552,1,direct_grid,
2022-07-10,ANDHRA PRADESH,Anantapur,4730,PUTLUR,196472,SUREPALLI,0.5659035659102506,4,area_weighted,
2022-07-10,ANDHRA PRADESH,Anantapur,4733,RAPTADU,196496,BANDAMEEDAPALLI,0.004903935361653566,1,direct_grid,
2022-07-10,ANDHRA PRADESH,Anantapur,4733,RAPTADU,196497,BHOGINEPALLI,0.004903935361653566,1,direct_grid,
2022-07-10,ANDHRA PRADESH,Anantapur,4733,RAPTADU,196498,BOMMEPARTHY,0.0861350105174083,4,area_weighted,
2022-07-10,ANDHRA PRADESH,Anantapur,4733,RAPTADU,196499,BUKKACHERLA,0.04155048756988919,4,area_weighted,
2022-07-10,ANDHRA PRADESH,Anantapur,4733,RAPTADU,196500,CHERLOPALLI,0.004903935361653566,2,direct_grid,
2022-07-10,ANDHRA PRADESH,Anantapur,4733,RAPTADU,196501,GANDLAPARTHY,0.03533107787370682,1,direct_grid,
2022-07-10,ANDHRA PRADESH,Anantapur,4733,RAPTADU,196503,GONDIREDDIPALLI,0.06575822830200195,1,direct_grid,
2022-07-10,ANDHRA PRADESH,Anantapur,4733,RAPTADU,196504,HAMPAPURAM,0.0961853638291359,1,direct_grid,
2022-07-10,ANDHRA PRADESH,Anantapur,4733,RAPTADU,196508,PARASANNAYAPALLI,0.12661251425743103,1,direct_grid,
2022-07-10,ANDHRA PRADESH,Anantapur,4733,RAPTADU,196510,RAPTADU,0.13993349094855562,2,area_weighted,
2022-07-10,ANDHRA PRADESH,Anantapur,4733,RAPTADU,196511,YERRAGUNTA,0.01668142710059423,4,area_weighted,
2022-07-10,ANDHRA PRADESH,Anantapur,4734,RAYADURG,196512,AVULADATLA,0.10826659947633743,1,direct_grid,
2022-07-10,ANDHRA PRADESH,Anantapur,4734,RAYADURG,196513,B.N. HALLI,0.332683265209198,1,direct_grid,
2022-07-10,ANDHRA PRADESH,Anantapur,4734,RAYADURG,196514,BONDANAKAL,0.19437506794929504,1,direct_grid,
2022-07-10,ANDHRA PRADESH,Anantapur,4734,RAYADURG,196515,C.GOLLALA DODDI,0.4068007614038295,4,area_weighted,
2022-07-10,ANDHRA PRADESH,Anantapur,4734,RAYADURG,196517,D.KONDAPURAM,0.18589787185192108,1,direct_grid,
2022-07-10,ANDHRA PRADESH,Anantapur,4734,RAYADURG,196518,GRAMADATLA,0.7174410223960876,1,direct_grid,
2022-07-10,ANDHRA PRADESH,Anantapur,4734,RAYADURG,196519,JUNJURAMPALLI,0.07467374205589294,2,direct_grid,
2022-07-10,ANDHRA PRADESH,Anantapur,4734,RAYADURG,196520,KENCHANAPALLI,0.08807289848704061,6,area_weighted,
2022-07-10,ANDHRA PRADESH,Anantapur,4734,RAYADURG,196521,KONTANAPALLI,0.27070099039915146,2,area_weighted,
2022-07-10,ANDHRA PRADESH,Anantapur,4734,RAYADURG,196522,MALLAPURAM,0.2387903407216072,2,direct_grid,
2022-07-10,ANDHRA PRADESH,Anantapur,4734,RAYADURG,196523,MECHIRI,0.38956134728312325,2,area_weighted,
2022-07-10,ANDHRA PRADESH,Anantapur,4734,RAYADURG,196524,NAGIREDDIPALLI,0.11493714046260543,4,area_weighted,
2022-07-10,ANDHRA PRADESH,Anantapur,4734,RAYADURG,196528,UDEGOLAM,0.30660009568294405,4,area_weighted,
2022-07-10,ANDHRA PRADESH,Anantapur,4734,RAYADURG,196529,VADRAHONNUR,0.26352912187576294,1,direct_grid,
2022-07-10,ANDHRA PRADESH,Anantapur,4737,SETTUR,196557,ANUMPALLI,0.5581240653991699,2,direct_grid,
2022-07-10,ANDHRA PRADESH,Anantapur,4737,SETTUR,196558,AYYAGARLAPALLI,0.37520530819892883,2,direct_grid,
2022-07-10,ANDHRA PRADESH,Anantapur,4737,SETTUR,196559,BACHEHALLI,0.19272111356258392,1,direct_grid,
2022-07-10,ANDHRA PRADESH,Anantapur,4737,SETTUR,196560,CHERLOPALLI,0.3805382549762726,1,direct_grid,
2022-07-10,ANDHRA PRADESH,Anantapur,4737,SETTUR,196561,CHINNAMPALLI,0.004903935361653566,1,direct_grid,
2022-07-10,ANDHRA PRADESH,Anantapur,4737,SETTUR,196562,CHINTARLAPALLI,0.15726107358932495,1,direct_grid,
2022-07-10,ANDHRA PRADESH,Anantapur,4737,SETTUR,196566,LAKSHMAMPALLI,0.4864269495010376,1,direct_grid,
2022-07-10,ANDHRA PRADESH,Anantapur,4737,SETTUR,196570,SETTUR,0.08108250796794891,1,direct_grid,
2022-07-10,ANDHRA PRADESH,Anantapur,4738,SINGANAMALA,196573,AKULEDU,0.5351786613464355,1,direct_grid,
2022-07-10,ANDHRA PRADESH,Anantapur,4738,SINGANAMALA,196574,CHAKRAYAPETA,0.36652607934167614,6,area_weighted,
2022-07-10,ANDHRA PRADESH,Anantapur,4738,SINGANAMALA,196575,GUMMEPALLI,0.7385978698730469,1,direct_grid,
2022-07-10,ANDHRA PRADESH,Anantapur,4738,SINGANAMALA,196576,JOOLAKALVA,0.6584919691085815,1,direct_grid,
2022-07-10,ANDHRA PRADESH,Anantapur,4738,SINGANAMALA,196578,KORIVIPALLE,0.6536823911742482,5,area_weighted,
2022-07-10,ANDHRA PRADESH,Anantapur,4738,SINGANAMALA,196579,LOLUR,0.5879120230674744,1,direct_grid,
2022-07-10,ANDHRA PRADESH,Anantapur,4738,SINGANAMALA,289577,NAGULAGUDDAM THANDA,0.5703671788121627,4,area_weighted,
2022-07-10,ANDHRA PRADESH,Anantapur,4738,SINGANAMALA,196580,NAYANAVARIPALLI,0.6681509981122489,3,area_weighted,
2022-07-10,ANDHRA PRADESH,Anantapur,4738,SINGANAMALA,196581,NIDHANAWADA,0.728924619939195,2,area_weighted,
2022-07-10,ANDHRA PRADESH,Anantapur,4738,SINGANAMALA,196582,P.MATLAGONDI,0.6328059732776545,4,area_weighted,
2022-07-10,ANDHRA PRADESH,Anantapur,4738,SINGANAMALA,196583,PERAVALI,0.5133063793182373,1,direct_grid,
2022-07-10,ANDHRA PRADESH,Anantapur,4738,SINGANAMALA,196584,RACHEPALLE,0.707438428602768,6,area_weighted,
2022-07-10,ANDHRA PRADESH,Anantapur,4738,SINGANAMALA,196585,SALAKAMCHERUVU,0.6575448513031006,2,direct_grid,
2022-07-10,ANDHRA PRADESH,Anantapur,4738,SINGANAMALA,196586,SINGANAMALA,0.5032558143138885,2,direct_grid,
2022-07-10,ANDHRA PRADESH,Anantapur,4738,SINGANAMALA,196587,SODANAPALLI,0.513766872223711,4,area_weighted,
2022-07-10,ANDHRA PRADESH,Anantapur,4738,SINGANAMALA,196588,TARIMELA,0.7105324268341064,1,direct_grid,
2022-07-10,ANDHRA PRADESH,Anantapur,4738,SINGANAMALA,196589,ULLIKALLU,0.6899401545524597,1,direct_grid,
2022-07-10,ANDHRA PRADESH,Anantapur,4738,SINGANAMALA,196590,WEST NARASAPURAM,0.5051304697990417,1,area_weighted,
2022-07-10,ANDHRA PRADESH,Anantapur,4741,TADIPATRI,196621,ALUR,0.5028944313526154,2,direct_grid,
2022-07-10,ANDHRA PRADESH,Anantapur,4741,TADIPATRI,196622,BHOGASAMUDRAM,1.03500035405159,2,direct_grid,
2022-07-10,ANDHRA PRADESH,Anantapur,4741,TADIPATRI,196623,BODAIPALLI,0.3780510425567627,1,direct_grid,
2022-07-10,ANDHRA PRADESH,Anantapur,4741,TADIPATRI,196624,BONDALADINNE,0.1693442463874817,1,direct_grid,
2022-07-10,ANDHRA PRADESH,Anantapur,4741,TADIPATRI,196625,BRAMHANAPALLI,0.6465166807174683,1,direct_grid,
2022-07-10,ANDHRA PRADESH,Anantapur,4741,TADIPATRI,196626,CHALLAVARIPALLI,0.2944749896801075,4,area_weighted,
2022-07-10,ANDHRA PRADESH,Anantapur,4741,TADIPATRI,196628,CHUKKALUR,0.6104825872465349,3,area_weighted,
2022-07-10,ANDHRA PRADESH,Anantapur,4741,TADIPATRI,196630,GANGADEVIPALLI,0.6030186685759499,4,area_weighted,
2022-07-10,ANDHRA PRADESH,Anantapur,4741,TADIPATRI,196632,HUSSAIN PURAM,0.38446414424881886,2,area_weighted,
2022-07-10,ANDHRA PRADESH,Anantapur,4741,TADIPATRI,196633,IGUDUR,0.606254511247075,4,area_weighted,
2022-07-10,ANDHRA PRADESH,Anantapur,4741,TADIPATRI,196634,KAVETISAMUDRAM,0.5381226539611816,1,direct_grid,
2022-07-10,ANDHRA PRADESH,Anantapur,4741,TADIPATRI,196635,KOMALI,0.5633159010232353,6,area_weighted,
2022-07-10,ANDHRA PRADESH,Anantapur,4741,TADIPATRI,196637,PEDDAPOLAMADA,0.5593471527099609,2,direct_grid,
2022-07-10,ANDHRA PRADESH,Anantapur,4741,TADIPATRI,196639,SAJJALADINNE,0.5930183243672008,6,area_weighted,
2022-07-10,ANDHRA PRADESH,Anantapur,4741,TADIPATRI,196640,TERANNAPALLI,0.4461263347454167,4,area_weighted,
2022-07-10,ANDHRA PRADESH,Anantapur,4741,TADIPATRI,196641,URICHINTHALA,0.7715202569961548,1,direct_grid,
2022-07-10,ANDHRA PRADESH,Anantapur,4741,TADIPATRI,196642,VANGANUR,0.1740804649734362,3,area_weighted,
2022-07-10,ANDHRA PRADESH,Anantapur,4741,TADIPATRI,196644,VELAMAKUR,0.2615373730659485,1,direct_grid,
2022-07-10,ANDHRA PRADESH,Anantapur,4744,URAVAKONDA,196680,AMIDALA,0.6363197962443033,3,direct_grid,
2022-07-10,ANDHRA PRADESH,Anantapur,4744,URAVAKONDA,196681,BUDAGAVI,0.14252472296933538,4,area_weighted,
2022-07-10,ANDHRA PRADESH,Anantapur,4744,URAVAKONDA,196682,CHINNAMUSTURU,0.6046734931837141,3,area_weighted,
2022-07-10,ANDHRA PRADESH,Anantapur,4744,URAVAKONDA,196683,INDRAVATHI,0.46871368560311744,2,area_weighted,
2022-07-10,ANDHRA PRADESH,Anantapur,4744,URAVAKONDA,196684,LATHAVARAM,0.490717337271278,4,area_weighted,
2022-07-10,ANDHRA PRADESH,Anantapur,4744,URAVAKONDA,196685,MOPIDI,0.5336754483629275,6,area_weighted,
2022-07-10,ANDHRA PRADESH,Anantapur,4744,URAVAKONDA,196686,NERIMETLA,0.6485407048088956,3,area_weighted,
2022-07-10,ANDHRA PRADESH,Anantapur,4744,URAVAKONDA,196687,NIMBAGAL,0.6697877049446106,1,direct_grid,
2022-07-10,ANDHRA PRADESH,Anantapur,4744,URAVAKONDA,196688,PEDDA MUSTURU,0.43792295455932617,1,direct_grid,
2022-07-10,ANDHRA PRADESH,Anantapur,4744,URAVAKONDA,196689,PEDDAKOWKUNTLA,0.23662158446386458,5,direct_grid,
2022-07-10,ANDHRA PRADESH,Anantapur,4744,URAVAKONDA,196690,RAKETLA,0.4804358831846196,6,area_weighted,
2022-07-10,ANDHRA PRADESH,Anantapur,4744,URAVAKONDA,196691,RAYAMPALLI,0.6146489930857095,4,area_weighted,
2022-07-10,ANDHRA PRADESH,Anantapur,4744,URAVAKONDA,196692,RENIMAKULAPALLI,0.5842093405471213,4,area_weighted,
2022-07-10,ANDHRA PRADESH,Anantapur,4744,URAVAKONDA,196693,SHAIKSANIPALLI,0.7062892317771912,1,direct_grid,
2022-07-10,ANDHRA PRADESH,Anantapur,4744,URAVAKONDA,196694,URAVAKONDA (MAJOR),0.031156931072473526,1,direct_grid,
2022-07-10,ANDHRA PRADESH,Anantapur,4744,URAVAKONDA,196695,VELIGONDA,0.0,1,direct_grid,
2022-07-10,ANDHRA PRADESH,Anantapur,4745,VAJRAKARUR,196697,CHABALA,0.9920764565467834,1,direct_grid,
2022-07-10,ANDHRA PRADESH,Anantapur,4745,VAJRAKARUR,196698,CHAYAPURAM,2.201056957244873,2,direct_grid,
2022-07-10,ANDHRA PRADESH,Anantapur,4745,VAJRAKARUR,196699,CHINNA HOTHUR,0.06633249046788503,3,area_weighted,
2022-07-10,ANDHRA PRADESH,Anantapur,4745,VAJRAKARUR,196701,GADE HOTHUR,0.0,1,direct_grid,
2022-07-10,ANDHRA PRADESH,Anantapur,4745,VAJRAKARUR,196702,GANJIKUNTA,0.3468166119929583,3,area_weighted,
2022-07-10,ANDHRA PRADESH,Anantapur,4745,VAJRAKARUR,196703,GULAPALEM,1.772176537557375,4,area_weighted,
2022-07-10,ANDHRA PRADESH,Anantapur,4745,VAJRAKARUR,196704,J.RAMPURAM,0.8688285946846008,2,direct_grid,
2022-07-10,ANDHRA PRADESH,Anantapur,4745,VAJRAKARUR,196705,KAMALAPADU,1.366308331489563,1,direct_grid,
2022-07-10,ANDHRA PRADESH,Anantapur,4745,VAJRAKARUR,289579,NNP THANDA,0.2439054660499096,2,direct_grid,
2022-07-10,ANDHRA PRADESH,Anantapur,4745,VAJRAKARUR,196707,PANDIKUNTA,0.7802922129631042,1,direct_grid,
2022-07-10,ANDHRA PRADESH,Anantapur,4745,VAJRAKARUR,196708,PATHA KADAMALA KUNTA,0.42433056411780123,4,area_weighted,
2022-07-10,ANDHRA PRADESH,Anantapur,4745,VAJRAKARUR,196709,PEDDA PYAPILI,0.53870590031147,2,direct_grid,
2022-07-10,ANDHRA PRADESH,Anantapur,4745,VAJRAKARUR,196710,RAGULAPADU,0.19713351786402827,5,area_weighted,
2022-07-10,ANDHRA PRADESH,Anantapur,4745,VAJRAKARUR,196712,VAJRAKARUR,1.2691709995269775,1,direct_grid,
2022-07-10,ANDHRA PRADESH,Anantapur,4745,VAJRAKARUR,196713,VENKATAMPALLI,0.762416464715116,4,area_weighted,
2022-07-10,ANDHRA PRADESH,Anantapur,4746,VIDAPANAKAL,196715,CHEEKALAGURIKI,0.0,1,direct_grid,
2022-07-10,ANDHRA PRADESH,Anantapur,4746,VIDAPANAKAL,196716,DONEKAL,2.560567617416382,2,direct_grid,
2022-07-10,ANDHRA PRADESH,Anantapur,4746,VIDAPANAKAL,196717,GADEKAL,2.5376358032226562,1,direct_grid,
2022-07-10,ANDHRA PRADESH,Anantapur,4746,VIDAPANAKAL,196718,HANCHANAHAL,2.899099588394165,2,direct_grid,
2022-07-10,ANDHRA PRADESH,Anantapur,4746,VIDAPANAKAL,196719,HAVALIGI,0.44236257672309875,1,direct_grid,
2022-07-10,ANDHRA PRADESH,Anantapur,4746,VIDAPANAKAL,196720,JANARDHANA PALLI,0.9715575575828552,1,direct_grid,
2022-07-10,ANDHRA PRADESH,Anantapur,4746,VIDAPANAKAL,196721,KADADARABENCHI,2.733506414867356,3,area_weighted,
2022-07-10,ANDHRA PRADESH,Anantapur,4746,VIDAPANAKAL,196722,KARAKAMUKKALA,0.03748461604118347,1,direct_grid,
2022-07-10,ANDHRA PRADESH,Anantapur,4746,VIDAPANAKAL,196724,MALAPURAM,0.5640011985421277,4,area_weighted,
2022-07-10,ANDHRA PRADESH,Anantapur,4746,VIDAPANAKAL,196725,PALTHURU,0.5674065947532654,1,direct_grid,
2022-07-10,ANDHRA PRADESH,Anantapur,4746,VIDAPANAKAL,196726,POLIKI,1.1387563943862915,1,direct_grid,
2022-07-10,ANDHRA PRADESH,Anantapur,4746,VIDAPANAKAL,196728,UNDABANDA,0.39145100116729736,1,direct_grid,
2022-07-10,ANDHRA PRADESH,Anantapur,4746,VIDAPANAKAL,196729,V.KOTHAKOTA,1.3583794236183167,2,direct_grid,
2022-07-10,ANDHRA PRADESH,Anantapur,4747,YADIKI,196732,CHANDANA,1.7422370910644531,1,direct_grid,
2022-07-10,ANDHRA PRADESH,Anantapur,4747,YADIKI,196733,GUDIPADU,1.4703186750411987,3,direct_grid,
2022-07-10,ANDHRA PRADESH,Anantapur,4747,YADIKI,196734,KAMALAPADU,1.263061291532345,4,area_weighted,
2022-07-10,ANDHRA PRADESH,Anantapur,4747,YADIKI,196735,KONUPPALAPADU,1.6676459312438965,2,direct_grid,
2022-07-10,ANDHRA PRADESH,Anantapur,4747,YADIKI,196738,NAGARUR,0.5469158748959639,4,area_weighted,
2022-07-10,ANDHRA PRADESH,Anantapur,4747,YADIKI,196740,P.VENGANNAPALLI,0.6270520700157648,4,area_weighted,
2022-07-10,ANDHRA PRADESH,Anantapur,4747,YADIKI,196742,RAYALACHERUVU,1.155017375946045,1,direct_grid,
2022-07-10,ANDHRA PRADESH,Anantapur,4747,YADIKI,196743,TUTRALLAPALLI,0.9608013543519814,4,area_weighted,
2022-07-10,ANDHRA PRADESH,Anantapur,4747,YADIKI,196744,VEMULAPADU,0.5505371689796448,1,direct_grid,
2022-07-10,ANDHRA PRADESH,Anantapur,4747,YADIKI,196745,YADIKI,1.0325707793235779,2,direct_grid,
2022-07-10,ANDHRA PRADESH,Anantapur,4748,YELLANUR,196746,85 NITTOR,0.0,1,direct_grid,
2022-07-10,ANDHRA PRADESH,Anantapur,4748,YELLANUR,196747,BOPPEPALLI,0.7163755297660828,1,direct_grid,
2022-07-10,ANDHRA PRADESH,Anantapur,4748,YELLANUR,196748,BUKKAPURAM,0.5179277658462524,1,direct_grid,
2022-07-10,ANDHRA PRADESH,Anantapur,4748,YELLANUR,196749,CHILAMAKURU,0.37282902532785517,4,area_weighted,
2022-07-10,ANDHRA PRADESH,Anantapur,4748,YELLANUR,196750,CHINTHAKAYAMANDA,0.5535223874212966,6,area_weighted,
2022-07-10,ANDHRA PRADESH,Anantapur,4748,YELLANUR,196751,DANTHALAPALLI,0.5916898891974129,4,area_weighted,
2022-07-10,ANDHRA PRADESH,Anantapur,4748,YELLANUR,196752,GUDDUMARRI,0.4411606192588806,2,direct_grid,
2022-07-10,ANDHRA PRADESH,Anantapur,4748,YELLANUR,196753,JANGAMPALLI,0.23528234660625458,2,direct_grid,
2022-07-10,ANDHRA PRADESH,Anantapur,4748,YELLANUR,196754,KALLURU,0.6224234700202942,1,direct_grid,
2022-07-10,ANDHRA PRADESH,Anantapur,4748,YELLANUR,196756,MALLAGUNDLA,0.5093111395835876,1,direct_grid,
2022-07-10,ANDHRA PRADESH,Anantapur,4748,YELLANUR,196757,MEDIKURTHI,0.0,2,area_weighted,
2022-07-10,ANDHRA PRADESH,Anantapur,4748,YELLANUR,196759,PATHAPALLI,0.27771792979790233,5,area_weighted,
2022-07-10,ANDHRA PRADESH,Anantapur,4748,YELLANUR,196760,PEDDAMALLEPALLI,0.14659410889962576,4,area_weighted,
2022-07-10,ANDHRA PRADESH,Anantapur,4748,YELLANUR,196762,THIRUMALAPURAM,0.2802304518511268,3,area_weighted,
2022-07-10,ANDHRA PRADESH,Anantapur,4748,YELLANUR,196763,VEMULAPALLI,0.0,2,area_weighted,
2022-07-10,ANDHRA PRADESH,Anantapur,4748,YELLANUR,196765,VENNAPUSAPALLI,0.35941004753112793,1,direct_grid,
2022-07-10,ANDHRA PRADESH,Annamayya,4749,B.KOTHAKOTA,196767,B.KOTHAKOTA,0.4543933868408203,1,direct_grid,
2022-07-10,ANDHRA PRADESH,Annamayya,4749,B.KOTHAKOTA,196768,BADIKAYALAPALLE,0.5939190983772278,1,direct_grid,
2022-07-10,ANDHRA PRADESH,Annamayya,4749,B.KOTHAKOTA,196770,BEERANGI,0.5697931051254272,1,direct_grid,
2022-07-10,ANDHRA PRADESH,Annamayya,4749,B.KOTHAKOTA,196772,GATTU,0.4602174311876297,2,direct_grid,
2022-07-10,ANDHRA PRADESH,Annamayya,4749,B.KOTHAKOTA,196774,GUMMASAMUDRAM,0.4399144947528839,1,direct_grid,
2022-07-10,ANDHRA PRADESH,Annamayya,4749,B.KOTHAKOTA,196777,THUMMANAMGUTTA,0.41032436157079816,2,area_weighted,
2022-07-10,ANDHRA PRADESH,Annamayya,4771,MULAKALACHERUVU,197242,BURAKAYALAKOTA,0.3979511559009552,1,direct_grid,
2022-07-10,ANDHRA PRADESH,Annamayya,4771,MULAKALACHERUVU,197243,CHOWDASAMUDRAM,0.0,4,area_weighted,
2022-07-10,ANDHRA PRADESH,Annamayya,4771,MULAKALACHERUVU,197244,DEVALCHERUVU,0.17894506454467773,1,direct_grid,
2022-07-10,ANDHRA PRADESH,Annamayya,4771,MULAKALACHERUVU,197245,GUDUPALLE,0.046261949990627924,6,area_weighted,
2022-07-10,ANDHRA PRADESH,Annamayya,4771,MULAKALACHERUVU,197246,KADIRINATHUNIKOTA,0.21885315882920361,4,area_weighted,
2022-07-10,ANDHRA PRADESH,Annamayya,4771,MULAKALACHERUVU,197247,KALAVAPALLE,0.0,1,direct_grid,
2022-07-10,ANDHRA PRADESH,Annamayya,4771,MULAKALACHERUVU,296729,Konetivaripalli,0.0,2,direct_grid,
2022-07-10,ANDHRA PRADESH,Annamayya,4771,MULAKALACHERUVU,197248,MADDINAYANIPALLE,0.3568578362464905,1,direct_grid,
2022-07-10,ANDHRA PRADESH,Annamayya,4771,MULAKALACHERUVU,197249,MOLAKALACHERUVU,0.12996084988117218,1,direct_grid,
2022-07-10,ANDHRA PRADESH,Annamayya,4771,MULAKALACHERUVU,197250,NAYANICHERUVUPALLE,0.2738637105819339,2,area_weighted,
2022-07-10,ANDHRA PRADESH,Annamayya,4771,MULAKALACHERUVU,197251,PEDDAPALEM,0.3424026072025299,1,direct_grid,
2022-07-10,ANDHRA PRADESH,Annamayya,4771,MULAKALACHERUVU,197253,VEPURIKOTA,0.36330451084265636,4,area_weighted,
2022-07-10,ANDHRA PRADESH,Annamayya,4782,PEDDATHIPPASAMUDRAM,197430,ANKIREDDIPALLE,0.4138367850914018,4,area_weighted,
2022-07-10,ANDHRA PRADESH,Annamayya,4782,PEDDATHIPPASAMUDRAM,197431,BOORLAPALLE,0.41648969054222107,1,direct_grid,
2022-07-10,ANDHRA PRADESH,Annamayya,4782,PEDDATHIPPASAMUDRAM,197432,BUCHIPALLE,0.6318377256393433,1,direct_grid,
2022-07-10,ANDHRA PRADESH,Annamayya,4782,PEDDATHIPPASAMUDRAM,296734,Devappakota,0.3879133462905884,1,direct_grid,
2022-07-10,ANDHRA PRADESH,Annamayya,4782,PEDDATHIPPASAMUDRAM,197433,KANDUKURU,0.38468873500823975,1,direct_grid,
2022-07-10,ANDHRA PRADESH,Annamayya,4782,PEDDATHIPPASAMUDRAM,197434,KATNAGALLU,0.38641467690467834,1,direct_grid,
2022-07-10,ANDHRA PRADESH,Annamayya,4782,PEDDATHIPPASAMUDRAM,296735,Kammacheruvu,0.3773186206817627,1,direct_grid,
2022-07-10,ANDHRA PRADESH,Annamayya,4782,PEDDATHIPPASAMUDRAM,197435,MADDAIAHGARIPALLE,0.39051636868942174,3,area_weighted,
2022-07-10,ANDHRA PRADESH,Annamayya,4782,PEDDATHIPPASAMUDRAM,197437,MALLELA,0.4848077893257141,1,direct_grid,
2022-07-10,ANDHRA PRADESH,Annamayya,4782,PEDDATHIPPASAMUDRAM,296736,Nawabukota,0.5374120528944175,2,area_weighted,
2022-07-10,ANDHRA PRADESH,Annamayya,4782,PEDDATHIPPASAMUDRAM,197440,PULIKALLU,0.35154419936121756,4,area_weighted,
2022-07-10,ANDHRA PRADESH,Annamayya,4782,PEDDATHIPPASAMUDRAM,197441,RANGASAMUDRAM,0.3816220760345459,1,direct_grid,
2022-07-10,ANDHRA PRADESH,Annamayya,4782,PEDDATHIPPASAMUDRAM,197443,SAMPATHIKOTA,0.5537344494351595,4,area_weighted,
2022-07-10,ANDHRA PRADESH,Annamayya,4782,PEDDATHIPPASAMUDRAM,197444,T.SADUM,0.5467768907546997,1,direct_grid,
2022-07-10,ANDHRA PRADESH,Annamayya,4792,RAMASAMUDRAM,197635,ELAKAPALLE,0.5951615571975708,1,area_weighted,
2022-07-10,ANDHRA PRADESH,Annamayya,4792,RAMASAMUDRAM,197636,ELAVANELLORU,0.5836754656887317,2,area_weighted,
2022-07-10,ANDHRA PRADESH,Annamayya,4801,THAMBALLAPALLE,197829,BALREDDIGARIPALLE,0.3979511559009552,1,area_weighted,
2022-07-10,ANDHRA PRADESH,Annamayya,4801,THAMBALLAPALLE,197830,DIGUVAPALEM,0.09904970608129268,2,area_weighted,
2022-07-10,ANDHRA PRADESH,Annamayya,4801,THAMBALLAPALLE,197832,GANGIREDDIPALLE,0.0,1,direct_grid,
2022-07-10,ANDHRA PRADESH,Annamayya,4801,THAMBALLAPALLE,197834,GUNDLAPALLE,0.1508024428471545,2,area_weighted,
2022-07-10,ANDHRA PRADESH,Annamayya,4801,THAMBALLAPALLE,197838,KOTALA,0.0,1,area_weighted,
2022-07-10,ANDHRA PRADESH,Annamayya,4801,THAMBALLAPALLE,197847,ZUNJURUPENTA,0.0,2,area_weighted,
2022-07-10,ANDHRA PRADESH,Chittoor,4795,SANTHIPURAM HO ARIMUTHANAPALLE,197697,121.PEDDURU,0.0,1,direct_grid,
2022-07-10,ANDHRA PRADESH,Chittoor,4795,SANTHIPURAM HO ARIMUTHANAPALLE,197682,ANIKERA,0.0015778847705640588,2,area_weighted,
2022-07-10,ANDHRA PRADESH,Chittoor,4795,SANTHIPURAM HO ARIMUTHANAPALLE,197684,CHENGUBALLA,0.0,1,area_weighted,
2022-07-10,ANDHRA PRADESH,Chittoor,4795,SANTHIPURAM HO ARIMUTHANAPALLE,197685,CHINNARADODDI,0.0,1,area_weighted,
2022-07-10,ANDHRA PRADESH,Chittoor,4795,SANTHIPURAM HO ARIMUTHANAPALLE,197687,GUNJARLAPALLE,0.0,1,area_weighted,
2022-07-10,ANDHRA PRADESH,Chittoor,4795,SANTHIPURAM HO ARIMUTHANAPALLE,197692,KONERUKUPPAM,0.0,2,area_weighted,
2022-07-10,ANDHRA PRADESH,Chittoor,4795,SANTHIPURAM HO ARIMUTHANAPALLE,197698,RALLABUDUGURU,0.0,2,area_weighted,
2022-07-10,ANDHRA PRADESH,Chittoor,4795,SANTHIPURAM HO ARIMUTHANAPALLE,197699,REGADADINNEPALLE,0.0,1,area_weighted,
2022-07-10,ANDHRA PRADESH,Kurnool,5149,ADONI,203859,AREKAL,9.601266936833568,2,area_weighted,
2022-07-10,ANDHRA PRADESH,Kurnool,5149,ADONI,203860,BALADUR,11.061327326212572,4,area_weighted,
2022-07-10,ANDHRA PRADESH,Kurnool,5149,ADONI,203862,BASAPURAM,11.308343887329102,1,direct_grid,
2022-07-10,ANDHRA PRADESH,Kurnool,5149,ADONI,203863,BASARAKODU,9.827110569064656,3,area_weighted,
2022-07-10,ANDHRA PRADESH,Kurnool,5149,ADONI,203861,BILLEKALLU,10.481200380838713,2,area_weighted,
2022-07-10,ANDHRA PRADESH,Kurnool,5149,ADONI,203864,BYCHIGERI,10.22785234451294,2,direct_grid,
2022-07-10,ANDHRA PRADESH,Kurnool,5149,ADONI,203865,CHINNA HARIVANAM,11.242061648188548,4,area_weighted,
2022-07-10,ANDHRA PRADESH,Kurnool,5149,ADONI,203866,CHINNAPENDEKAL,8.930220603942871,1,direct_grid,
2022-07-10,ANDHRA PRADESH,Kurnool,5149,ADONI,296448,Chagi,12.170441929626286,4,area_weighted,
2022-07-10,ANDHRA PRADESH,Kurnool,5149,ADONI,203867,DHANAPURAM,12.088333715919083,3,area_weighted,
2022-07-10,ANDHRA PRADESH,Kurnool,5149,ADONI,203868,DIBBANAKAL,10.555133111712726,2,area_weighted,
2022-07-10,ANDHRA PRADESH,Kurnool,5149,ADONI,203869,DODDANAKERI,10.334687266821165,4,area_weighted,
2022-07-10,ANDHRA PRADESH,Kurnool,5149,ADONI,203870,G.HOSALLI,10.827767531411117,3,area_weighted,
2022-07-10,ANDHRA PRADESH,Kurnool,5149,ADONI,203871,GANEKAL,10.786129108834963,2,area_weighted,
2022-07-10,ANDHRA PRADESH,Kurnool,5149,ADONI,203872,GONABAVI,10.168894980027172,3,area_weighted,
2022-07-10,ANDHRA PRADESH,Kurnool,5149,ADONI,203873,HANAVALU,10.892787882784534,6,area_weighted,
2022-07-10,ANDHRA PRADESH,Kurnool,5149,ADONI,203874,ISVI,11.320263862609863,1,direct_grid,
2022-07-10,ANDHRA PRADESH,Kurnool,5149,ADONI,203875,JALIBENCHI,10.82959407604967,3,area_weighted,
2022-07-10,ANDHRA PRADESH,Kurnool,5149,ADONI,203876,KADITHOTA,11.076320390234436,4,area_weighted,
2022-07-10,ANDHRA PRADESH,Kurnool,5149,ADONI,203877,KAPATI,10.032022443925536,4,area_weighted,
2022-07-10,ANDHRA PRADESH,Kurnool,5149,ADONI,203878,KUPPAGAL,10.233975353583876,4,area_weighted,
2022-07-10,ANDHRA PRADESH,Kurnool,5149,ADONI,296502,Kothur,10.257668495178223,1,direct_grid,
2022-07-10,ANDHRA PRADESH,Kurnool,5149,ADONI,203879,MADIRE,11.054705619812012,1,direct_grid,
2022-07-10,ANDHRA PRADESH,Kurnool,5149,ADONI,203880,MANDAGERI,10.729740142822266,1,direct_grid,
2022-07-10,ANDHRA PRADESH,Kurnool,5149,ADONI,203881,MANTRIKI,10.03959154728078,2,area_weighted,
2022-07-10,ANDHRA PRADESH,Kurnool,5149,ADONI,203883,NAGANATHANA HALLI,11.709999084472656,1,direct_grid,
2022-07-10,ANDHRA PRADESH,Kurnool,5149,ADONI,203884,NARANAPURAM,12.288185119628906,1,direct_grid,
2022-07-10,ANDHRA PRADESH,Kurnool,5149,ADONI,203885,NETTEKAL,9.998594970684948,3,area_weighted,
2022-07-10,ANDHRA PRADESH,Kurnool,5149,ADONI,203886,PANDAVAGALLU,10.831642150878906,1,direct_grid,
2022-07-10,ANDHRA PRADESH,Kurnool,5149,ADONI,203887,PEDDA HARIVANAM,11.051299095153809,2,direct_grid,
2022-07-10,ANDHRA PRADESH,Kurnool,5149,ADONI,203889,PEDDA THUMBALAM,10.037883758544922,1,direct_grid,
2022-07-10,ANDHRA PRADESH,Kurnool,5149,ADONI,203890,PESALABANDA,10.390502442229609,2,area_weighted,
2022-07-10,ANDHRA PRADESH,Kurnool,5149,ADONI,203892,SALAKALAKONDA,9.94438648223877,1,direct_grid,
2022-07-10,ANDHRA PRADESH,Kurnool,5149,ADONI,203893,SAMBAGALLU,9.73871327237266,4,area_weighted,
2022-07-10,ANDHRA PRADESH,Kurnool,5149,ADONI,203894,SANTHAKUDLUR,11.022540092468262,1,direct_grid,
2022-07-10,ANDHRA PRADESH,Kurnool,5149,ADONI,296501,Sulthanapuram,10.39250740446008,2,area_weighted,
2022-07-10,ANDHRA PRADESH,Kurnool,5149,ADONI,203895,VIRUPAPURAM,10.457240948445257,4,area_weighted,
2022-07-10,ANDHRA PRADESH,Kurnool,5151,ALUR,203913,ALUR,10.371292114257812,1,direct_grid,
2022-07-10,ANDHRA PRADESH,Kurnool,5151,ALUR,203914,ARIKERA,9.08364200592041,1,direct_grid,
2022-07-10,ANDHRA PRADESH,Kurnool,5151,ALUR,203915,HATHI BELGAL,8.468986352284748,3,direct_grid,
2022-07-10,ANDHRA PRADESH,Kurnool,5151,ALUR,203916,HULEBEEDU,10.872565927635858,4,area_weighted,
2022-07-10,ANDHRA PRADESH,Kurnool,5151,ALUR,203917,KAMMARACHEDU,13.243168830871582,1,direct_grid,
2022-07-10,ANDHRA PRADESH,Kurnool,5151,ALUR,203918,KURUKUNDA,12.612763404846191,1,direct_grid,
2022-07-10,ANDHRA PRADESH,Kurnool,5151,ALUR,203919,KURUVALLI,7.817378742203493,3,area_weighted,
2022-07-10,ANDHRA PRADESH,Kurnool,5151,ALUR,296485,Kuruvakottala,6.824761629104614,2,direct_grid,
2022-07-10,ANDHRA PRADESH,Kurnool,5151,ALUR,203920,MANIKURTHI,11.992480669251186,4,area_weighted,
2022-07-10,ANDHRA PRADESH,Kurnool,5151,ALUR,203921,MARAKATTU,11.972109305589411,4,area_weighted,
2022-07-10,ANDHRA PRADESH,Kurnool,5151,ALUR,203923,MUDDANAGIRI,10.546283721923828,1,direct_grid,
2022-07-10,ANDHRA PRADESH,Kurnool,5151,ALUR,203924,MUSANAHALLI,12.748961082677294,2,area_weighted,
2022-07-10,ANDHRA PRADESH,Kurnool,5151,ALUR,203925,PEDDAHOTHUR,9.050485610961914,1,direct_grid,
2022-07-10,ANDHRA PRADESH,Kurnool,5151,ALUR,203926,THUMBALABEEDU,11.566784858703613,1,direct_grid,
2022-07-10,ANDHRA PRADESH,Kurnool,5152,ASPARI,203927,ASPARI,8.4733145236969,2,direct_grid,
2022-07-10,ANDHRA PRADESH,Kurnool,5152,ASPARI,296481,Attekal,7.027645587921143,1,direct_grid,
2022-07-10,ANDHRA PRADESH,Kurnool,5152,ASPARI,203928,BANAVANUR,5.719106197357178,1,direct_grid,
2022-07-10,ANDHRA PRADESH,Kurnool,5152,ASPARI,296482,Bingeri,10.073814744478298,2,area_weighted,
2022-07-10,ANDHRA PRADESH,Kurnool,5152,ASPARI,203930,CHIGILI,10.289669036865234,1,direct_grid,
2022-07-10,ANDHRA PRADESH,Kurnool,5152,ASPARI,203931,CHINNAHOTHUR,10.888728618621826,2,direct_grid,
2022-07-10,ANDHRA PRADESH,Kurnool,5152,ASPARI,203932,CHIRAMANDODDI,8.793370246887207,1,direct_grid,
2022-07-10,ANDHRA PRADESH,Kurnool,5152,ASPARI,203933,D. KOTAKONDA,8.738929015525189,4,area_weighted,
2022-07-10,ANDHRA PRADESH,Kurnool,5152,ASPARI,203934,HALIGERA,8.798211097717285,1,direct_grid,
2022-07-10,ANDHRA PRADESH,Kurnool,5152,ASPARI,203935,JOHARAPURAM,7.6157426834106445,2,direct_grid,
2022-07-10,ANDHRA PRADESH,Kurnool,5152,ASPARI,203936,KARUMANCHI,7.654022216796875,1,direct_grid,
2022-07-10,ANDHRA PRADESH,Kurnool,5152,ASPARI,203937,KHYRUPPALA,7.298032760620117,1,direct_grid,
2022-07-10,ANDHRA PRADESH,Kurnool,5152,ASPARI,203938,MULUGUNDAM,7.8836798667907715,1,direct_grid,
2022-07-10,ANDHRA PRADESH,Kurnool,5152,ASPARI,203939,MUTHUKUR,4.517654895782471,1,direct_grid,
2022-07-10,ANDHRA PRADESH,Kurnool,5152,ASPARI,203940,NAGARUR,11.013256072998047,1,direct_grid,
2022-07-10,ANDHRA PRADESH,Kurnool,5152,ASPARI,203942,SANKARABANDA,9.798878562197588,2,area_weighted,
2022-07-10,ANDHRA PRADESH,Kurnool,5152,ASPARI,203943,TANGARADONA,10.001181602478027,1,direct_grid,
2022-07-10,ANDHRA PRADESH,Kurnool,5152,ASPARI,203944,THOGALAGALLU,7.772082844426007,5,area_weighted,
2022-07-10,ANDHRA PRADESH,Kurnool,5157,C.BELAGAL,204017,BRAHMANADODDI,8.700972557067871,1,direct_grid,
2022-07-10,ANDHRA PRADESH,Kurnool,5157,C.BELAGAL,204018,BURANDODDI,8.616556167602539,1,direct_grid,
2022-07-10,ANDHRA PRADESH,Kurnool,5157,C.BELAGAL,204019,C.BELAGAL,8.823434829711914,1,direct_grid,
2022-07-10,ANDHRA PRADESH,Kurnool,5157,C.BELAGAL,296480,Eraladinne,8.798643500984255,5,area_weighted,
2022-07-10,ANDHRA PRADESH,Kurnool,5157,C.BELAGAL,204020,GUNDREVULA,10.26208782196045,1,direct_grid,
2022-07-10,ANDHRA PRADESH,Kurnool,5157,C.BELAGAL,204021,KAMBADAHAL,10.000820105521496,4,area_weighted,
2022-07-10,ANDHRA PRADESH,Kurnool,5157,C.BELAGAL,204022,KONDAPURAM,10.924936435788219,5,area_weighted,
2022-07-10,ANDHRA PRADESH,Kurnool,5157,C.BELAGAL,204025,PALUKUDODDI,11.193808240162118,5,area_weighted,
2022-07-10,ANDHRA PRADESH,Kurnool,5157,C.BELAGAL,204026,POLAKAL,10.320544242858887,1,direct_grid,
2022-07-10,ANDHRA PRADESH,Kurnool,5157,C.BELAGAL,204027,SANGALA,10.496232986450195,1,direct_grid,
2022-07-10,ANDHRA PRADESH,Kurnool,5159,CHIPPAGIRI,204046,BANTANAHAL,4.188682889891379,2,area_weighted,
2022-07-10,ANDHRA PRADESH,Kurnool,5159,CHIPPAGIRI,204047,BELDONA,7.735571117445926,6,area_weighted,
2022-07-10,ANDHRA PRADESH,Kurnool,5159,CHIPPAGIRI,204048,CHIPPAGIRI,5.7000322341918945,2,direct_grid,
2022-07-10,ANDHRA PRADESH,Kurnool,5159,CHIPPAGIRI,204049,DEGALAHAL,5.439126507902046,2,area_weighted,
2022-07-10,ANDHRA PRADESH,Kurnool,5159,CHIPPAGIRI,204050,DOULATHAPURAM,4.52276086807251,1,direct_grid,
2022-07-10,ANDHRA PRADESH,Kurnool,5159,CHIPPAGIRI,204051,GUMMANUR,4.055408477783203,1,direct_grid,
2022-07-10,ANDHRA PRADESH,Kurnool,5159,CHIPPAGIRI,204052,KHAJIPURAM,3.6258500952297537,2,area_weighted,
2022-07-10,ANDHRA PRADESH,Kurnool,5159,CHIPPAGIRI,204053,KUNDANAGURTHI,7.1048760414123535,1,direct_grid,
2022-07-10,ANDHRA PRADESH,Kurnool,5159,CHIPPAGIRI,204054,NAGARADONA,8.28367805480957,1,direct_grid,
2022-07-10,ANDHRA PRADESH,Kurnool,5159,CHIPPAGIRI,204055,NEMAKAL,7.43865966796875,1,direct_grid,
2022-07-10,ANDHRA PRADESH,Kurnool,5159,CHIPPAGIRI,296497,Nancharla,5.463477281034429,4,area_weighted,
2022-07-10,ANDHRA PRADESH,Kurnool,5159,CHIPPAGIRI,204056,RAMADURGAM,8.713047981262207,1,direct_grid,
2022-07-10,ANDHRA PRADESH,Kurnool,5159,CHIPPAGIRI,204057,YERUR,5.949326038360596,1,direct_grid,
2022-07-10,ANDHRA PRADESH,Kurnool,5160,DEVANAKONDA,204058,ALARUDINNE,5.325485467910767,2,direct_grid,
2022-07-10,ANDHRA PRADESH,Kurnool,5160,DEVANAKONDA,296459,Bandapalli,6.654032230377197,1,direct_grid,
2022-07-10,ANDHRA PRADESH,Kurnool,5160,DEVANAKONDA,204060,DEVANAKONDA,5.952507019042969,1,direct_grid,
2022-07-10,ANDHRA PRADESH,Kurnool,5160,DEVANAKONDA,296458,Gudimiralla,6.157725811004639,2,direct_grid,
2022-07-10,ANDHRA PRADESH,Kurnool,5160,DEVANAKONDA,204062,IRANBANDA,6.915583610534668,1,direct_grid,
2022-07-10,ANDHRA PRADESH,Kurnool,5160,DEVANAKONDA,204063,JILLEDUBUDAKALA,6.381299257278442,2,direct_grid,
2022-07-10,ANDHRA PRADESH,Kurnool,5160,DEVANAKONDA,204065,KAPPATRALLA,6.734772205352783,1,direct_grid,
2022-07-10,ANDHRA PRADESH,Kurnool,5160,DEVANAKONDA,204067,KUNKANUR,5.832601347642962,5,area_weighted,
2022-07-10,ANDHRA PRADESH,Kurnool,5160,DEVANAKONDA,204141,KURNUR,7.093313217163086,1,direct_grid,
2022-07-10,ANDHRA PRADESH,Kurnool,5160,DEVANAKONDA,296462,Karidikonda,6.611238479614258,1,direct_grid,
2022-07-10,ANDHRA PRADESH,Kurnool,5160,DEVANAKONDA,296463,Kothapeta,6.078018223013551,2,area_weighted,
2022-07-10,ANDHRA PRADESH,Kurnool,5160,DEVANAKONDA,204069,NALLACHELIMALA,5.834529638290405,2,direct_grid,
2022-07-10,ANDHRA PRADESH,Kurnool,5160,DEVANAKONDA,204072,P.KOTAKONDA,6.769198417663574,1,direct_grid,
2022-07-10,ANDHRA PRADESH,Kurnool,5160,DEVANAKONDA,204076,TERNEKAL,6.60601806640625,2,direct_grid,
2022-07-10,ANDHRA PRADESH,Kurnool,5164,GONEGANDLA,204130,ALWALA,7.004587173461914,1,direct_grid,
2022-07-10,ANDHRA PRADESH,Kurnool,5164,GONEGANDLA,204131,B. AGRAHARAM,7.079317696670611,4,area_weighted,
2022-07-10,ANDHRA PRADESH,Kurnool,5164,GONEGANDLA,204132,BYLUPPALA,6.266297340393066,1,direct_grid,
2022-07-10,ANDHRA PRADESH,Kurnool,5164,GONEGANDLA,204134,ERRABADU,7.034392833709717,1,direct_grid,
2022-07-10,ANDHRA PRADESH,Kurnool,5164,GONEGANDLA,204135,GAJULADINNE,7.036920950881505,5,area_weighted,
2022-07-10,ANDHRA PRADESH,Kurnool,5164,GONEGANDLA,204136,GANJIHALLI,7.016351222991943,1,direct_grid,
2022-07-10,ANDHRA PRADESH,Kurnool,5164,GONEGANDLA,204137,GONEGANDLA,7.075850486755371,1,direct_grid,
2022-07-10,ANDHRA PRADESH,Kurnool,5164,GONEGANDLA,204138,HANDRI KHAIRAWADI,7.021708165650094,3,area_weighted,
2022-07-10,ANDHRA PRADESH,Kurnool,5164,GONEGANDLA,204140,KULUMALA,6.920260469883058,4,area_weighted,
2022-07-10,ANDHRA PRADESH,Kurnool,5164,GONEGANDLA,204142,LINGAMDINNE,7.076583492508884,3,area_weighted,
2022-07-10,ANDHRA PRADESH,Kurnool,5164,GONEGANDLA,204068,MACHAPURAM,6.918035984039307,1,direct_grid,
2022-07-10,ANDHRA PRADESH,Kurnool,5164,GONEGANDLA,204143,NERUDUPPALA,6.97842272864414,4,area_weighted,
2022-07-10,ANDHRA PRADESH,Kurnool,5164,GONEGANDLA,204145,PEDDA MARRIVEEDU,7.198550080897241,3,area_weighted,
2022-07-10,ANDHRA PRADESH,Kurnool,5164,GONEGANDLA,204146,PEDDA NELATUR,6.858144760131836,1,direct_grid,
2022-07-10,ANDHRA PRADESH,Kurnool,5164,GONEGANDLA,204147,PUTTAPASAM,6.891318321228027,1,direct_grid,
2022-07-10,ANDHRA PRADESH,Kurnool,5164,GONEGANDLA,204148,THIPPANUR,6.896601060301696,5,area_weighted,
2022-07-10,ANDHRA PRADESH,Kurnool,5166,GUDUR,204165,BUDIDAPADU,3.9100635552486587,4,area_weighted,
2022-07-10,ANDHRA PRADESH,Kurnool,5166,GUDUR,204166,CHANUGONDLA,6.290596773853084,4,area_weighted,
2022-07-10,ANDHRA PRADESH,Kurnool,5166,GUDUR,204167,GUDIPADU,4.558223247528076,1,direct_grid,
2022-07-10,ANDHRA PRADESH,Kurnool,5166,GUDUR,204168,JULAKALLU,7.845114560816578,2,area_weighted,
2022-07-10,ANDHRA PRADESH,Kurnool,5166,GUDUR,204169,K.NAGALAPURAM,3.848788261413574,1,direct_grid,
2022-07-10,ANDHRA PRADESH,Kurnool,5166,GUDUR,204171,MUNAGALA,8.632890701293945,1,direct_grid,
2022-07-10,ANDHRA PRADESH,Kurnool,5166,GUDUR,204172,PENCHIKALAPADU,4.342974199266502,4,area_weighted,
2022-07-10,ANDHRA PRADESH,Kurnool,5166,GUDUR,204173,REGADI KHANAPURAM,6.094299793243408,1,direct_grid,
2022-07-10,ANDHRA PRADESH,Kurnool,5167,HALAHARVI,204174,BAPURAM,6.112869411563278,4,area_weighted,
2022-07-10,ANDHRA PRADESH,Kurnool,5167,HALAHARVI,204175,BEVINAHAL,3.778677076731416,4,area_weighted,
2022-07-10,ANDHRA PRADESH,Kurnool,5167,HALAHARVI,204176,BILEHAL,7.744895975832762,3,area_weighted,
2022-07-10,ANDHRA PRADESH,Kurnool,5167,HALAHARVI,204177,CHINTHAKUNTA,4.482363224029541,1,direct_grid,
2022-07-10,ANDHRA PRADESH,Kurnool,5167,HALAHARVI,204178,GULYAM,6.048578621148693,4,area_weighted,
2022-07-10,ANDHRA PRADESH,Kurnool,5167,HALAHARVI,204179,HALAHARVI,6.279214382171631,2,direct_grid,
2022-07-10,ANDHRA PRADESH,Kurnool,5167,HALAHARVI,204180,HARDAGIRI,6.926601409912109,1,direct_grid,
2022-07-10,ANDHRA PRADESH,Kurnool,5167,HALAHARVI,204181,KAMINHAL,6.1464524269104,1,direct_grid,
2022-07-10,ANDHRA PRADESH,Kurnool,5167,HALAHARVI,204182,KOKKARACHEDU,4.4416985511779785,1,direct_grid,
2022-07-10,ANDHRA PRADESH,Kurnool,5167,HALAHARVI,204183,MALLIKARJUNAPALLY,6.524857799933238,4,area_weighted,
2022-07-10,ANDHRA PRADESH,Kurnool,5167,HALAHARVI,204184,MEDEHAL,5.523001155215109,4,area_weighted,
2022-07-10,ANDHRA PRADESH,Kurnool,5167,HALAHARVI,204185,NITRAVATTI,6.131516456604004,1,direct_grid,
2022-07-10,ANDHRA PRADESH,Kurnool,5167,HALAHARVI,204187,TSAKIBANDA,2.4295263290405273,1,direct_grid,
2022-07-10,ANDHRA PRADESH,Kurnool,5167,HALAHARVI,204188,VIRUPAPURAM,7.713705062866211,1,direct_grid,
2022-07-10,ANDHRA PRADESH,Kurnool,5168,HOLAGUNDA,204189,CHINNAHYTA,12.241299629211426,1,direct_grid,
2022-07-10,ANDHRA PRADESH,Kurnool,5168,HOLAGUNDA,204190,GAJJEHALLI,11.510570526123047,1,direct_grid,
2022-07-10,ANDHRA PRADESH,Kurnool,5168,HOLAGUNDA,204191,HEBBATAM,11.44071102142334,1,direct_grid,
2022-07-10,ANDHRA PRADESH,Kurnool,5168,HOLAGUNDA,204192,HOLAGUNDA,12.63544750213623,1,direct_grid,
2022-07-10,ANDHRA PRADESH,Kurnool,5168,HOLAGUNDA,204193,HONNUR,13.505230903625488,1,direct_grid,
2022-07-10,ANDHRA PRADESH,Kurnool,5168,HOLAGUNDA,204194,INGALADAHAL,11.125114440917969,1,direct_grid,
2022-07-10,ANDHRA PRADESH,Kurnool,5168,HOLAGUNDA,204196,LINGADAHALLI,12.158568283474766,4,area_weighted,
2022-07-10,ANDHRA PRADESH,Kurnool,5168,HOLAGUNDA,204197,MADDI LINGADAHALLI,11.095329548155496,4,area_weighted,
2022-07-10,ANDHRA PRADESH,Kurnool,5168,HOLAGUNDA,204198,MARLAMADIKI,9.668737411499023,1,direct_grid,
2022-07-10,ANDHRA PRADESH,Kurnool,5168,HOLAGUNDA,204199,NERANIKI,12.33787727355957,1,direct_grid,
2022-07-10,ANDHRA PRADESH,Kurnool,5168,HOLAGUNDA,204201,PEDDA GONEHAL,11.311002248175704,3,area_weighted,
2022-07-10,ANDHRA PRADESH,Kurnool,5168,HOLAGUNDA,204202,SAMMATHAGIRI,9.576665878295898,1,direct_grid,
2022-07-10,ANDHRA PRADESH,Kurnool,5168,HOLAGUNDA,204186,SIDDAPURAM,8.081731077694757,4,area_weighted,
2022-07-10,ANDHRA PRADESH,Kurnool,5168,HOLAGUNDA,204203,SULUVOY,8.431154102868978,5,area_weighted,
2022-07-10,ANDHRA PRADESH,Kurnool,5168,HOLAGUNDA,204204,VANDAVAGALI,11.232951164245605,1,direct_grid,
2022-07-10,ANDHRA PRADESH,Kurnool,5168,HOLAGUNDA,204205,YELLARTHY,12.116183251403776,5,area_weighted,
2022-07-10,ANDHRA PRADESH,Kurnool,5170,KALLUR,204218,A.GOKULAPADU,4.341863632202148,1,direct_grid,
2022-07-10,ANDHRA PRADESH,Kurnool,5170,KALLUR,204219,BASTIPADU,3.350419644460847,4,area_weighted,
2022-07-10,ANDHRA PRADESH,Kurnool,5170,KALLUR,204483,BODDUVANIPALLE,2.86928867735395,4,area_weighted,
2022-07-10,ANDHRA PRADESH,Kurnool,5170,KALLUR,204220,BOLLAVARAM,3.5835330486297607,1,direct_grid,
2022-07-10,ANDHRA PRADESH,Kurnool,5170,KALLUR,204221,CHETLA MALLAPURAM,3.4191019475176097,4,area_weighted,
2022-07-10,ANDHRA PRADESH,Kurnool,5170,KALLUR,204222,CHINNA TEKUR,2.99570631980896,1,direct_grid,
2022-07-10,ANDHRA PRADESH,Kurnool,5170,KALLUR,204223,K.MARKAPURAM,3.390178295255045,2,area_weighted,
2022-07-10,ANDHRA PRADESH,Kurnool,5170,KALLUR,204224,KONGANAPADU,3.85866202351502,4,area_weighted,
2022-07-10,ANDHRA PRADESH,Kurnool,5170,KALLUR,204226,NAYAKALLU,3.645766496658325,1,direct_grid,
2022-07-10,ANDHRA PRADESH,Kurnool,5170,KALLUR,204229,PARLA,5.152370452880859,1,direct_grid,
2022-07-10,ANDHRA PRADESH,Kurnool,5170,KALLUR,204230,PEDDAKOTTALA,2.831539254920607,5,area_weighted,
2022-07-10,ANDHRA PRADESH,Kurnool,5170,KALLUR,204232,PEDDATEKUR,2.8146489394210015,4,area_weighted,
2022-07-10,ANDHRA PRADESH,Kurnool,5170,KALLUR,204233,PUSULUR,3.7748444695966183,6,area_weighted,
2022-07-10,ANDHRA PRADESH,Kurnool,5170,KALLUR,204235,SALKAPURAM,2.9385379552841187,2,direct_grid,
2022-07-10,ANDHRA PRADESH,Kurnool,5170,KALLUR,204236,THADAKANAPALLE,2.698540643678701,4,area_weighted,
2022-07-10,ANDHRA PRADESH,Kurnool,5170,KALLUR,204237,ULINDAKONDA,3.2129554748535156,1,direct_grid,
2022-07-10,ANDHRA PRADESH,Kurnool,5170,KALLUR,204238,YAPARLAPADU,3.134049415588379,1,direct_grid,
2022-07-10,ANDHRA PRADESH,Kurnool,5171,KODUMUR,204239,AMADAGUNTLA,4.912700653076172,1,direct_grid,
2022-07-10,ANDHRA PRADESH,Kurnool,5171,KODUMUR,204240,ANUGONDA,4.144052028656006,1,direct_grid,
2022-07-10,ANDHRA PRADESH,Kurnool,5171,KODUMUR,204241,GORANTLA,5.00615119934082,1,direct_grid,
2022-07-10,ANDHRA PRADESH,Kurnool,5171,KODUMUR,204242,KALLAPARRI,6.669354438781738,1,direct_grid,
2022-07-10,ANDHRA PRADESH,Kurnool,5171,KODUMUR,204243,KODUMUR,5.781505107879639,1,direct_grid,
2022-07-10,ANDHRA PRADESH,Kurnool,5171,KODUMUR,204244,KRISHNAPURAM,5.906859874725342,1,direct_grid,
2022-07-10,ANDHRA PRADESH,Kurnool,5171,KODUMUR,204245,LADDAGIRI,4.265897274017334,1,direct_grid,
2022-07-10,ANDHRA PRADESH,Kurnool,5171,KODUMUR,204248,PYALAKURTHY,5.111752969953608,4,area_weighted,
2022-07-10,ANDHRA PRADESH,Kurnool,5171,KODUMUR,204249,VARKUR,7.056726455688477,1,direct_grid,
2022-07-10,ANDHRA PRADESH,Kurnool,5171,KODUMUR,204251,YERRADODDI,4.719155518710824,4,area_weighted,
2022-07-10,ANDHRA PRADESH,Kurnool,5174,KOSIGI,204291,AGASANUR,12.51422119140625,1,direct_grid,
2022-07-10,ANDHRA PRADESH,Kurnool,5174,KOSIGI,204292,ARLABANDA,12.208634376525879,1,direct_grid,
2022-07-10,ANDHRA PRADESH,Kurnool,5174,KOSIGI,204294,CHINTAKUNTA,11.900812089918887,3,area_weighted,
2022-07-10,ANDHRA PRADESH,Kurnool,5174,KOSIGI,204295,CHIRTHANAKAL,12.246732711791992,1,direct_grid,
2022-07-10,ANDHRA PRADESH,Kurnool,5174,KOSIGI,296471,Chinna Bompalli,12.543225288391113,1,direct_grid,
2022-07-10,ANDHRA PRADESH,Kurnool,5174,KOSIGI,204293,D. BELAGAL,12.151076345738668,4,area_weighted,
2022-07-10,ANDHRA PRADESH,Kurnool,5174,KOSIGI,204296,DUDDI,12.151421231541915,2,area_weighted,
2022-07-10,ANDHRA PRADESH,Kurnool,5174,KOSIGI,296473,Gowdegallu,11.385001287850214,4,area_weighted,
2022-07-10,ANDHRA PRADESH,Kurnool,5174,KOSIGI,204297,IRANGAL,12.36123154646908,3,area_weighted,
2022-07-10,ANDHRA PRADESH,Kurnool,5174,KOSIGI,204298,JAMPAPURAM,12.345312118530273,1,direct_grid,
2022-07-10,ANDHRA PRADESH,Kurnool,5174,KOSIGI,204299,JUMALADINNE,11.2074741909352,2,area_weighted,
2022-07-10,ANDHRA PRADESH,Kurnool,5174,KOSIGI,204300,KAMANDODDI,12.22231219547562,3,area_weighted,
2022-07-10,ANDHRA PRADESH,Kurnool,5174,KOSIGI,204301,KANDUKUR,12.337922008277665,4,area_weighted,
2022-07-10,ANDHRA PRADESH,Kurnool,5174,KOSIGI,204302,KOSIGI,11.896644592285156,1,direct_grid,
2022-07-10,ANDHRA PRADESH,Kurnool,5174,KOSIGI,296486,Kadidoddi,12.282310013300247,2,area_weighted,
2022-07-10,ANDHRA PRADESH,Kurnool,5174,KOSIGI,296474,Mugaladoddi,12.433917271361288,2,area_weighted,
2022-07-10,ANDHRA PRADESH,Kurnool,5174,KOSIGI,296470,Nela Kosigi,11.875874405414232,3,area_weighted,
2022-07-10,ANDHRA PRADESH,Kurnool,5174,KOSIGI,204303,PALLIPADU,11.904343605041504,1,direct_grid,
2022-07-10,ANDHRA PRADESH,Kurnool,5174,KOSIGI,204305,SAJJALAGUDDAM,12.1381849899735,4,area_weighted,
2022-07-10,ANDHRA PRADESH,Kurnool,5174,KOSIGI,204306,SATHANUR,12.560837023157845,4,area_weighted,
2022-07-10,ANDHRA PRADESH,Kurnool,5174,KOSIGI,296475,Thumbiganur,12.678000450134277,1,direct_grid,
2022-07-10,ANDHRA PRADESH,Kurnool,5174,KOSIGI,204307,VANDAGALLU,11.877949714660645,1,direct_grid,
2022-07-10,ANDHRA PRADESH,Kurnool,5176,KOWTHALAM,296493,Agasaladinne,11.202069817659295,2,area_weighted,
2022-07-10,ANDHRA PRADESH,Kurnool,5176,KOWTHALAM,204320,BADINEHAL,10.836139678955078,1,direct_grid,
2022-07-10,ANDHRA PRADESH,Kurnool,5176,KOWTHALAM,204321,BAPURAM,11.186086654663086,1,direct_grid,
2022-07-10,ANDHRA PRADESH,Kurnool,5176,KOWTHALAM,296490,Bantakunta,11.26056050518064,2,area_weighted,
2022-07-10,ANDHRA PRADESH,Kurnool,5176,KOWTHALAM,204322,CHIRTAPALLE,11.616349604731479,4,area_weighted,
2022-07-10,ANDHRA PRADESH,Kurnool,5176,KOWTHALAM,204323,CHUDI,11.881661415100098,1,direct_grid,
2022-07-10,ANDHRA PRADESH,Kurnool,5176,KOWTHALAM,296492,Dommaladinne,11.202458404504974,2,area_weighted,
2022-07-10,ANDHRA PRADESH,Kurnool,5176,KOWTHALAM,204324,GOTHULADODDI,11.889914885566345,2,area_weighted,
2022-07-10,ANDHRA PRADESH,Kurnool,5176,KOWTHALAM,204325,GUDIKAMBALI,11.896414756774902,1,direct_grid,
2022-07-10,ANDHRA PRADESH,Kurnool,5176,KOWTHALAM,204326,HALVI,11.894924748085938,4,area_weighted,
2022-07-10,ANDHRA PRADESH,Kurnool,5176,KOWTHALAM,204327,KAMAVARAM,11.191338539123535,1,direct_grid,
2022-07-10,ANDHRA PRADESH,Kurnool,5176,KOWTHALAM,204328,KATRIKI,11.641014099121094,1,direct_grid,
2022-07-10,ANDHRA PRADESH,Kurnool,5176,KOWTHALAM,204329,KOWTHALAM,10.7253999710083,3,direct_grid,
2022-07-10,ANDHRA PRADESH,Kurnool,5176,KOWTHALAM,204330,KUMBALANUR,11.746004323937228,4,area_weighted,
2022-07-10,ANDHRA PRADESH,Kurnool,5176,KOWTHALAM,204331,KUNTANAHAL,10.807867050170898,1,direct_grid,
2022-07-10,ANDHRA PRADESH,Kurnool,5176,KOWTHALAM,296464,Karani,11.879209603029485,2,area_weighted,
2022-07-10,ANDHRA PRADESH,Kurnool,5176,KOWTHALAM,204332,LINGALADINNE,11.470113899872143,4,area_weighted,
2022-07-10,ANDHRA PRADESH,Kurnool,5176,KOWTHALAM,204333,MALLANAHATTI,11.729338174715526,3,area_weighted,
2022-07-10,ANDHRA PRADESH,Kurnool,5176,KOWTHALAM,296491,Marali,11.884650530524546,2,area_weighted,
2022-07-10,ANDHRA PRADESH,Kurnool,5176,KOWTHALAM,204334,NADICHAGI,11.60848331451416,1,direct_grid,
2022-07-10,ANDHRA PRADESH,Kurnool,5176,KOWTHALAM,204335,PODALAKUNTA,11.671852724260999,2,area_weighted,
2022-07-10,ANDHRA PRADESH,Kurnool,5176,KOWTHALAM,204336,ROWDUR,10.796026229858398,1,direct_grid,
2022-07-10,ANDHRA PRADESH,Kurnool,5176,KOWTHALAM,204337,SULAKERI,11.503880146956655,4,area_weighted,
2022-07-10,ANDHRA PRADESH,Kurnool,5176,KOWTHALAM,204338,THOVI,10.765316009521484,1,direct_grid,
2022-07-10,ANDHRA PRADESH,Kurnool,5176,KOWTHALAM,296465,Tippaladoddi,12.023509360598952,4,area_weighted,
2022-07-10,ANDHRA PRADESH,Kurnool,5176,KOWTHALAM,204339,UPPARAHAL,10.586904658292493,3,area_weighted,
2022-07-10,ANDHRA PRADESH,Kurnool,5176,KOWTHALAM,204340,URUKUNDA,11.251791051446045,3,area_weighted,
2022-07-10,ANDHRA PRADESH,Kurnool,5176,KOWTHALAM,204341,VALLURU,12.135859757639272,4,area_weighted,
2022-07-10,ANDHRA PRADESH,Kurnool,5176,KOWTHALAM,204342,YERIGIRI,10.177481651306152,1,direct_grid,
2022-07-10,ANDHRA PRADESH,Kurnool,5177,KRISHNAGIRI,204343,AGAVELI,7.01730142254114,4,area_weighted,
2022-07-10,ANDHRA PRADESH,Kurnool,5177,KRISHNAGIRI,204344,ALAMKONDA,6.580652236938477,2,direct_grid,
2022-07-10,ANDHRA PRADESH,Kurnool,5177,KRISHNAGIRI,204345,AMAKATHADU,5.417139053344727,1,direct_grid,
2022-07-10,ANDHRA PRADESH,Kurnool,5177,KRISHNAGIRI,204346,CHITYALA,6.391157159025194,4,area_weighted,
2022-07-10,ANDHRA PRADESH,Kurnool,5177,KRISHNAGIRI,204347,CHUNCHU YERRAGUDI,7.080734729766846,1,direct_grid,
2022-07-10,ANDHRA PRADESH,Kurnool,5177,KRISHNAGIRI,204348,KAMBALAPADU,6.100271701812744,1,direct_grid,
2022-07-10,ANDHRA PRADESH,Kurnool,5177,KRISHNAGIRI,204349,KATARIKONDA,6.362692038359576,6,area_weighted,
2022-07-10,ANDHRA PRADESH,Kurnool,5177,KRISHNAGIRI,204351,KRISHNAGIRI,5.619986057281494,2,direct_grid,
2022-07-10,ANDHRA PRADESH,Kurnool,5177,KRISHNAGIRI,204352,LAKKASAGARAM,6.536684036254883,1,direct_grid,
2022-07-10,ANDHRA PRADESH,Kurnool,5177,KRISHNAGIRI,204353,POTHUGAL,6.525754451751709,2,direct_grid,
2022-07-10,ANDHRA PRADESH,Kurnool,5177,KRISHNAGIRI,204354,SHO. YERRAGUDI,5.114856719970703,1,direct_grid,
2022-07-10,ANDHRA PRADESH,Kurnool,5177,KRISHNAGIRI,204355,TALLAGOKULAPADU,4.341511249542236,1,direct_grid,
2022-07-10,ANDHRA PRADESH,Kurnool,5177,KRISHNAGIRI,204356,THOGARCHEDU,4.828653759618491,4,area_weighted,
2022-07-10,ANDHRA PRADESH,Kurnool,5177,KRISHNAGIRI,204357,YERUKALACHERUVU,7.05580997467041,1,direct_grid,
2022-07-10,ANDHRA PRADESH,Kurnool,5178,KURNOOL,204358,B.THANDRAPADU,2.4074018001556396,1,direct_grid,
2022-07-10,ANDHRA PRADESH,Kurnool,5178,KURNOOL,204359,BASAVAPURAM,5.086507797241211,1,direct_grid,
2022-07-10,ANDHRA PRADESH,Kurnool,5178,KURNOOL,204360,DEVAMADA,3.755013825538953,5,area_weighted,
2022-07-10,ANDHRA PRADESH,Kurnool,5178,KURNOOL,204361,DIGUVAPADU,2.1578614609722298,4,area_weighted,
2022-07-10,ANDHRA PRADESH,Kurnool,5178,KURNOOL,204362,DINNEDEVARAPADU,2.6940136074877508,4,area_weighted,
2022-07-10,ANDHRA PRADESH,Kurnool,5178,KURNOOL,204364,EDURUR,7.030716419219971,1,direct_grid,
2022-07-10,ANDHRA PRADESH,Kurnool,5178,KURNOOL,204365,G.SINGAVARAM,5.675639521858472,4,area_weighted,
2022-07-10,ANDHRA PRADESH,Kurnool,5178,KURNOOL,204366,GARGEYAPURAM,2.7998998165130615,1,direct_grid,
2022-07-10,ANDHRA PRADESH,Kurnool,5178,KURNOOL,204367,GONDIPARLA,3.995065450668335,1,direct_grid,
2022-07-10,ANDHRA PRADESH,Kurnool,5178,KURNOOL,204370,NANDANAPALLI,2.0639572143554688,1,direct_grid,
2022-07-10,ANDHRA PRADESH,Kurnool,5178,KURNOOL,204371,NIDZUR,4.58525649920984,4,area_weighted,
2022-07-10,ANDHRA PRADESH,Kurnool,5178,KURNOOL,204374,PANCHALINGALA,4.149964904860867,4,area_weighted,
2022-07-10,ANDHRA PRADESH,Kurnool,5178,KURNOOL,204375,PASUPULA,3.1220169067382812,1,direct_grid,
2022-07-10,ANDHRA PRADESH,Kurnool,5178,KURNOOL,204376,PUDUR,3.553420305252075,1,direct_grid,
2022-07-10,ANDHRA PRADESH,Kurnool,5178,KURNOOL,234533,R.K.DUDYALA,7.533114060594341,4,area_weighted,
2022-07-10,ANDHRA PRADESH,Kurnool,5178,KURNOOL,204378,REMATA,7.306453704833984,1,direct_grid,
2022-07-10,ANDHRA PRADESH,Kurnool,5178,KURNOOL,204381,SUNKESULA,7.758771921113421,4,area_weighted,
2022-07-10,ANDHRA PRADESH,Kurnool,5178,KURNOOL,204382,ULCHALA,6.193830490112305,1,direct_grid,
2022-07-10,ANDHRA PRADESH,Kurnool,5179,MADDIKERA (EAST),204383,BASINEPALLI,4.33700966835022,2,direct_grid,
2022-07-10,ANDHRA PRADESH,Kurnool,5179,MADDIKERA (EAST),204384,BURUJULA,5.347046375274658,1,direct_grid,
2022-07-10,ANDHRA PRADESH,Kurnool,5179,MADDIKERA (EAST),204386,MADDIKERA,6.076772848765055,3,direct_grid,
2022-07-10,ANDHRA PRADESH,Kurnool,5179,MADDIKERA (EAST),204387,MADDIKERA AGRAHARAM,5.187855144167537,4,area_weighted,
2022-07-10,ANDHRA PRADESH,Kurnool,5179,MADDIKERA (EAST),204388,PERAVALI,3.52402400970459,1,direct_grid,
2022-07-10,ANDHRA PRADESH,Kurnool,5179,MADDIKERA (EAST),204389,YEDAVALI,4.91928768157959,1,direct_grid,
2022-07-10,ANDHRA PRADESH,Kurnool,5181,MANTRALAYAM,204401,BASAPURAM 52,12.977531860812803,6,area_weighted,
2022-07-10,ANDHRA PRADESH,Kurnool,5181,MANTRALAYAM,204402,BUDUR,12.122778219234926,4,area_weighted,
2022-07-10,ANDHRA PRADESH,Kurnool,5181,MANTRALAYAM,204403,CHETNIHALLI,13.433540475262731,4,area_weighted,
2022-07-10,ANDHRA PRADESH,Kurnool,5181,MANTRALAYAM,204404,CHILAKALADONA,11.944207682189454,4,area_weighted,
2022-07-10,ANDHRA PRADESH,Kurnool,5181,MANTRALAYAM,204405,KACHAPURAM,13.170125007629395,1,direct_grid,
2022-07-10,ANDHRA PRADESH,Kurnool,5181,MANTRALAYAM,204406,KAGGALLU,12.806510588828639,3,area_weighted,
2022-07-10,ANDHRA PRADESH,Kurnool,5181,MANTRALAYAM,204407,KALLUDEVAKUNTA,12.858903499530049,2,area_weighted,
2022-07-10,ANDHRA PRADESH,Kurnool,5181,MANTRALAYAM,204408,MADHAVARAM,13.23001890122153,3,area_weighted,
2022-07-10,ANDHRA PRADESH,Kurnool,5181,MANTRALAYAM,204409,MALAPALLE,11.182486606463844,4,area_weighted,
2022-07-10,ANDHRA PRADESH,Kurnool,5181,MANTRALAYAM,204410,MANCHALA (MANTRALAYAM),13.68080410553322,4,area_weighted,
2022-07-10,ANDHRA PRADESH,Kurnool,5181,MANTRALAYAM,204411,PARAMANDODDI,10.969935458855748,2,area_weighted,
2022-07-10,ANDHRA PRADESH,Kurnool,5181,MANTRALAYAM,204412,RACHUMARRI,12.76761245727539,1,direct_grid,
2022-07-10,ANDHRA PRADESH,Kurnool,5181,MANTRALAYAM,204413,RAMPURAM,13.619379997253418,1,direct_grid,
2022-07-10,ANDHRA PRADESH,Kurnool,5181,MANTRALAYAM,204414,SUGUR,12.854340553283691,1,direct_grid,
2022-07-10,ANDHRA PRADESH,Kurnool,5181,MANTRALAYAM,204415,SUNKESWARI,11.899849891662598,1,direct_grid,
2022-07-10,ANDHRA PRADESH,Kurnool,5181,MANTRALAYAM,296499,Singarajanahalli,10.717667579650879,1,direct_grid,
2022-07-10,ANDHRA PRADESH,Kurnool,5181,MANTRALAYAM,296500,Sowlahally,11.8989527218928,3,area_weighted,
2022-07-10,ANDHRA PRADESH,Kurnool,5183,NANDAVARAM,204437,GURUJALA,12.23303508758545,1,direct_grid,
2022-07-10,ANDHRA PRADESH,Kurnool,5183,NANDAVARAM,204438,HALAHARVI,10.992268244425455,3,direct_grid,
2022-07-10,ANDHRA PRADESH,Kurnool,5183,NANDAVARAM,204439,IBRAHIMPURAM,12.863981246948242,1,direct_grid,
2022-07-10,ANDHRA PRADESH,Kurnool,5183,NANDAVARAM,204440,KANAKAVEEDU,10.99046516418457,1,direct_grid,
2022-07-10,ANDHRA PRADESH,Kurnool,5183,NANDAVARAM,204441,MACHAPURAM,12.840789393404465,2,area_weighted,
2022-07-10,ANDHRA PRADESH,Kurnool,5183,NANDAVARAM,204442,MITTASOMPURAM,12.210015151148133,3,area_weighted,
2022-07-10,ANDHRA PRADESH,Kurnool,5183,NANDAVARAM,204443,MUGUTHI,9.020598411560059,1,direct_grid,
2022-07-10,ANDHRA PRADESH,Kurnool,5183,NANDAVARAM,204444,NADIKHAIRAVADI,13.481395222847294,4,area_weighted,
2022-07-10,ANDHRA PRADESH,Kurnool,5183,NANDAVARAM,204445,NAGALADINNE,12.543428421020508,1,direct_grid,
2022-07-10,ANDHRA PRADESH,Kurnool,5183,NANDAVARAM,204446,NANDAVARAM,11.123810768127441,1,direct_grid,
2022-07-10,ANDHRA PRADESH,Kurnool,5183,NANDAVARAM,204447,PEDDAKOTHILIKI,12.912907936032163,3,area_weighted,
2022-07-10,ANDHRA PRADESH,Kurnool,5183,NANDAVARAM,204448,PONAKALADINNE,10.775412559509277,1,direct_grid,
2022-07-10,ANDHRA PRADESH,Kurnool,5183,NANDAVARAM,204449,POOLACHINTA,12.810982704162598,1,direct_grid,
2022-07-10,ANDHRA PRADESH,Kurnool,5183,NANDAVARAM,204450,T.SOMALAGUDURU,11.16097564010165,4,area_weighted,
2022-07-10,ANDHRA PRADESH,Kurnool,5186,ORVAKAL,204484,BRAHMANAPALLE,1.500868558883667,1,direct_grid,
2022-07-10,ANDHRA PRADESH,Kurnool,5186,ORVAKAL,296469,Chintalapalli,2.2991509437561035,1,direct_grid,
2022-07-10,ANDHRA PRADESH,Kurnool,5186,ORVAKAL,289631,GUDUMBAI THANDA,2.066624641418457,1,direct_grid,
2022-07-10,ANDHRA PRADESH,Kurnool,5186,ORVAKAL,204486,HUSAINAPURAM,2.0539987087249756,1,direct_grid,
2022-07-10,ANDHRA PRADESH,Kurnool,5186,ORVAKAL,204488,KANNAMADAKALA,1.7635071277618408,1,direct_grid,
2022-07-10,ANDHRA PRADESH,Kurnool,5186,ORVAKAL,204489,KETHAVARAM,1.6229994297027588,1,direct_grid,
2022-07-10,ANDHRA PRADESH,Kurnool,5186,ORVAKAL,204491,LODDIPALLE,2.755551464628362,4,area_weighted,
2022-07-10,ANDHRA PRADESH,Kurnool,5186,ORVAKAL,204492,MEEDIVEMULA,2.594547748565674,1,direct_grid,
2022-07-10,ANDHRA PRADESH,Kurnool,5186,ORVAKAL,204493,N.KONTHALAPADU,2.371734142303467,1,direct_grid,
2022-07-10,ANDHRA PRADESH,Kurnool,5186,ORVAKAL,204494,NANNUR,2.641633152961731,2,direct_grid,
2022-07-10,ANDHRA PRADESH,Kurnool,5186,ORVAKAL,204495,ORVAKAL,2.201364517211914,1,direct_grid,
2022-07-10,ANDHRA PRADESH,Kurnool,5186,ORVAKAL,204496,PALAKOLANU,2.3425188064575195,1,direct_grid,
2022-07-10,ANDHRA PRADESH,Kurnool,5186,ORVAKAL,204497,PUDICHERLA,2.045020646263543,4,area_weighted,
2022-07-10,ANDHRA PRADESH,Kurnool,5186,ORVAKAL,204498,SAKUNALA,1.2060784101486206,1,direct_grid,
2022-07-10,ANDHRA PRADESH,Kurnool,5186,ORVAKAL,204500,THIPPAYAPALLE,1.8767185183475101,4,area_weighted,
2022-07-10,ANDHRA PRADESH,Kurnool,5186,ORVAKAL,204501,UPPALAPADU,2.472508139967982,4,area_weighted,
2022-07-10,ANDHRA PRADESH,Kurnool,5186,ORVAKAL,204502,UYYALAWADA,2.819714069366455,1,direct_grid,
2022-07-10,ANDHRA PRADESH,Kurnool,5191,PATTIKONDA,289622,BUGGA THANDA,3.8353240489959717,2,direct_grid,
2022-07-10,ANDHRA PRADESH,Kurnool,5191,PATTIKONDA,204560,CHAKKARALLA,4.999414920806885,1,direct_grid,
2022-07-10,ANDHRA PRADESH,Kurnool,5191,PATTIKONDA,204561,CHANDOLI,5.346519231796265,2,direct_grid,
2022-07-10,ANDHRA PRADESH,Kurnool,5191,PATTIKONDA,204562,CHINNAHULTHI,6.401913642883301,1,direct_grid,
2022-07-10,ANDHRA PRADESH,Kurnool,5191,PATTIKONDA,204564,DUDEKONDA,4.248927116394043,1,direct_grid,
2022-07-10,ANDHRA PRADESH,Kurnool,5191,PATTIKONDA,204565,HOSUR,5.966018709169776,6,area_weighted,
2022-07-10,ANDHRA PRADESH,Kurnool,5191,PATTIKONDA,204566,JUTUR,5.4693101656028205,6,area_weighted,
2022-07-10,ANDHRA PRADESH,Kurnool,5191,PATTIKONDA,204569,NALAKADODDI,7.397175840638978,5,area_weighted,
2022-07-10,ANDHRA PRADESH,Kurnool,5191,PATTIKONDA,204572,PEDDA HULTHI,5.894518852233887,1,direct_grid,
2022-07-10,ANDHRA PRADESH,Kurnool,5191,PATTIKONDA,204574,PUTCHAKAYALAMADA,4.135042369558608,5,area_weighted,
2022-07-10,ANDHRA PRADESH,Kurnool,5193,PEDDAKADABUR,204601,BASALADODDI,11.120278469213867,4,area_weighted,
2022-07-10,ANDHRA PRADESH,Kurnool,5193,PEDDAKADABUR,296451,Bapuladoddi,11.158987045288086,1,direct_grid,
2022-07-10,ANDHRA PRADESH,Kurnool,5193,PEDDAKADABUR,204602,CHINNATUMBALAM,10.898324966430664,1,direct_grid,
2022-07-10,ANDHRA PRADESH,Kurnool,5193,PEDDAKADABUR,296453,Chinnakadabur,9.845748865555775,4,area_weighted,
2022-07-10,ANDHRA PRADESH,Kurnool,5193,PEDDAKADABUR,204603,DODDIMEKALA,8.223621606826782,2,direct_grid,
2022-07-10,ANDHRA PRADESH,Kurnool,5193,PEDDAKADABUR,204604,GAVIGATTU,11.18298289992842,2,area_weighted,
2022-07-10,ANDHRA PRADESH,Kurnool,5193,PEDDAKADABUR,204607,JALVADI,10.755368487875625,4,area_weighted,
2022-07-10,ANDHRA PRADESH,Kurnool,5193,PEDDAKADABUR,204608,KALLUKUNTA,9.503420018284514,3,area_weighted,
2022-07-10,ANDHRA PRADESH,Kurnool,5193,PEDDAKADABUR,204609,KAMBADAHAL,10.22683334350586,1,direct_grid,
2022-07-10,ANDHRA PRADESH,Kurnool,5193,PEDDAKADABUR,204610,KAMBALADINNE,10.765000448946195,3,area_weighted,
2022-07-10,ANDHRA PRADESH,Kurnool,5193,PEDDAKADABUR,204611,MYAKADONA,9.644948959350586,1,direct_grid,
2022-07-10,ANDHRA PRADESH,Kurnool,5193,PEDDAKADABUR,296452,Muchigiri,10.013280973959173,2,area_weighted,
2022-07-10,ANDHRA PRADESH,Kurnool,5193,PEDDAKADABUR,204612,NOWLEKAL,9.941651570505691,4,area_weighted,
2022-07-10,ANDHRA PRADESH,Kurnool,5193,PEDDAKADABUR,204613,PEDDA KADUBUR,9.23292064666748,1,direct_grid,
2022-07-10,ANDHRA PRADESH,Kurnool,5193,PEDDAKADABUR,204614,PEEKALABETTA,11.159428144584327,2,area_weighted,
2022-07-10,ANDHRA PRADESH,Kurnool,5193,PEDDAKADABUR,204615,TARAPURAM,10.014972509470667,2,area_weighted,
2022-07-10,ANDHRA PRADESH,Kurnool,5198,TUGGALI,204664,BONDIMADUGULA,6.025409698486328,1,direct_grid,
2022-07-10,ANDHRA PRADESH,Kurnool,5198,TUGGALI,204665,CHENNAMPALLE,5.042464256286621,2,direct_grid,
2022-07-10,ANDHRA PRADESH,Kurnool,5198,TUGGALI,204666,EDDULADODDI,5.120090484619141,1,direct_grid,
2022-07-10,ANDHRA PRADESH,Kurnool,5198,TUGGALI,204667,GIRIGETLA,4.48785400390625,1,direct_grid,
2022-07-10,ANDHRA PRADESH,Kurnool,5198,TUGGALI,204669,JONNAGIRI,4.592689037322998,1,direct_grid,
2022-07-10,ANDHRA PRADESH,Kurnool,5198,TUGGALI,204670,KANDAMAKUNTLA,4.486166715621948,2,direct_grid,
2022-07-10,ANDHRA PRADESH,Kurnool,5198,TUGGALI,204671,MARELLA,5.773724555969238,1,direct_grid,
2022-07-10,ANDHRA PRADESH,Kurnool,5198,TUGGALI,204674,PAGIDIROY,5.040694713592529,1,direct_grid,
2022-07-10,ANDHRA PRADESH,Kurnool,5198,TUGGALI,204675,PENDEKALLU,5.390267848968506,1,direct_grid,
2022-07-10,ANDHRA PRADESH,Kurnool,5198,TUGGALI,204679,RATANA,4.657431602478027,1,direct_grid,
2022-07-10,ANDHRA PRADESH,Kurnool,5200,VELDURTHI,204700,ALLUGUNDU,3.7411060333251953,1,direct_grid,
2022-07-10,ANDHRA PRADESH,Kurnool,5200,VELDURTHI,204701,BHOGOLU,4.284204138058039,4,area_weighted,
2022-07-10,ANDHRA PRADESH,Kurnool,5200,VELDURTHI,204702,BINGIDODDI,4.481292963027954,2,direct_grid,
2022-07-10,ANDHRA PRADESH,Kurnool,5200,VELDURTHI,204703,BOMMIREDDIPALLI,3.947795763923842,4,area_weighted,
2022-07-10,ANDHRA PRADESH,Kurnool,5200,VELDURTHI,204704,BUKKAPURAM,2.5137808322906494,1,direct_grid,
2022-07-10,ANDHRA PRADESH,Kurnool,5200,VELDURTHI,204705,CHERUKULAPADU,4.510393142700195,1,direct_grid,
2022-07-10,ANDHRA PRADESH,Kurnool,5200,VELDURTHI,204706,GOVARDHANAGIRI,3.824130472530291,5,area_weighted,
2022-07-10,ANDHRA PRADESH,Kurnool,5200,VELDURTHI,204707,KALUGOTLA,2.8001699447631836,1,direct_grid,
2022-07-10,ANDHRA PRADESH,Kurnool,5200,VELDURTHI,204708,LAXMIPURAM,3.748656749725342,1,direct_grid,
2022-07-10,ANDHRA PRADESH,Kurnool,5200,VELDURTHI,204709,MADAR PURAM,3.9069063663482666,1,direct_grid,
2022-07-10,ANDHRA PRADESH,Kurnool,5200,VELDURTHI,204711,NARASAPURAM,3.3065519265691994,4,area_weighted,
2022-07-10,ANDHRA PRADESH,Kurnool,5200,VELDURTHI,204718,PEREMULA,4.171546762275744,2,area_weighted,
2022-07-10,ANDHRA PRADESH,Kurnool,5200,VELDURTHI,204713,PULLAGUMMI,2.8993665883082387,4,area_weighted,
2022-07-10,ANDHRA PRADESH,Kurnool,5200,VELDURTHI,204714,RAMALLAKOTA,3.20806577590996,5,area_weighted,
2022-07-10,ANDHRA PRADESH,Kurnool,5200,VELDURTHI,204716,SARPARAJAPURAM,3.1312766075134277,2,direct_grid,
2022-07-10,ANDHRA PRADESH,Kurnool,5200,VELDURTHI,204717,SHO.BOYANAPALLE,3.419975996017456,1,area_weighted,
2022-07-10,ANDHRA PRADESH,Kurnool,5202,YEMMIGANUR,204730,BANAVASI,8.602701808846158,6,area_weighted,
2022-07-10,ANDHRA PRADESH,Kurnool,5202,YEMMIGANUR,204731,DEVIBETTA,8.882835231807963,5,area_weighted,
2022-07-10,ANDHRA PRADESH,Kurnool,5202,YEMMIGANUR,204732,DIVAMDINNE,9.97847837151529,4,area_weighted,
2022-07-10,ANDHRA PRADESH,Kurnool,5202,YEMMIGANUR,204733,ENIGABALA,9.011441230773926,1,direct_grid,
2022-07-10,ANDHRA PRADESH,Kurnool,5202,YEMMIGANUR,204734,GUDIKAL,7.282467535059898,3,area_weighted,
2022-07-10,ANDHRA PRADESH,Kurnool,5202,YEMMIGANUR,204735,K.THIMMAPURAM,9.080780029296875,1,direct_grid,
2022-07-10,ANDHRA PRADESH,Kurnool,5202,YEMMIGANUR,204736,KADIMETLA,6.986518383026123,1,direct_grid,
2022-07-10,ANDHRA PRADESH,Kurnool,5202,YEMMIGANUR,204737,KADIVELLA,6.59848690032959,1,direct_grid,
2022-07-10,ANDHRA PRADESH,Kurnool,5202,YEMMIGANUR,204738,KALUGOTLA,8.096420804295082,4,area_weighted,
2022-07-10,ANDHRA PRADESH,Kurnool,5202,YEMMIGANUR,204739,KANDANATHI,8.043001174926758,1,direct_grid,
2022-07-10,ANDHRA PRADESH,Kurnool,5202,YEMMIGANUR,204740,KOTEKAL,8.947338104248047,1,direct_grid,
2022-07-10,ANDHRA PRADESH,Kurnool,5202,YEMMIGANUR,204741,MALAKAPURAM,9.78829288482666,1,direct_grid,
2022-07-10,ANDHRA PRADESH,Kurnool,5202,YEMMIGANUR,204742,PARLAPALLE,8.092558642451687,4,area_weighted,
2022-07-10,ANDHRA PRADESH,Kurnool,5202,YEMMIGANUR,204743,PESALADINNE,9.043366588036797,2,area_weighted,
2022-07-10,ANDHRA PRADESH,Kurnool,5202,YEMMIGANUR,204744,SOGANUR,9.126745689909589,4,area_weighted,
2022-07-10,ANDHRA PRADESH,Kurnool,5202,YEMMIGANUR,204745,TSALLAKULLUR,10.060215147300019,3,area_weighted,
2022-07-10,ANDHRA PRADESH,Nandyal,5154,BANAGANAPALLE,203959,APPALAPURAM,2.8030803203582764,1,direct_grid,
2022-07-10,ANDHRA PRADESH,Nandyal,5154,BANAGANAPALLE,203960,BEERAVOLU,2.4202334821515885,4,area_weighted,
2022-07-10,ANDHRA PRADESH,Nandyal,5154,BANAGANAPALLE,262939,Banganapalle,2.5933217307477925,4,area_weighted,
2022-07-10,ANDHRA PRADESH,Nandyal,5154,BANAGANAPALLE,203961,CHERUVUPALLI,2.016798257827759,1,direct_grid,
2022-07-10,ANDHRA PRADESH,Nandyal,5154,BANAGANAPALLE,203962,ENAKANDLA,2.637191568119797,3,area_weighted,
2022-07-10,ANDHRA PRADESH,Nandyal,5154,BANAGANAPALLE,289620,GULAMALIBAD THANDA,3.5198959847616145,4,area_weighted,
2022-07-10,ANDHRA PRADESH,Nandyal,5154,BANAGANAPALLE,203963,ILLURUKOTHAPETA,2.885476589202881,1,direct_grid,
2022-07-10,ANDHRA PRADESH,Nandyal,5154,BANAGANAPALLE,203964,KRISHNAGIRI,3.513493299484253,1,direct_grid,
2022-07-10,ANDHRA PRADESH,Nandyal,5154,BANAGANAPALLE,203965,KYAPA,2.7577840369721427,4,area_weighted,
2022-07-10,ANDHRA PRADESH,Nandyal,5154,BANAGANAPALLE,203966,MEERAPURAM,3.069671154022217,1,direct_grid,
2022-07-10,ANDHRA PRADESH,Nandyal,5154,BANAGANAPALLE,262940,MITTAPALLE,2.5492265224456787,1,direct_grid,
2022-07-10,ANDHRA PRADESH,Nandyal,5154,BANAGANAPALLE,203967,NANDAVARAM,2.499955270193682,5,area_weighted,
2022-07-10,ANDHRA PRADESH,Nandyal,5154,BANAGANAPALLE,203968,NANDIVARGAM,2.5874459999302464,4,area_weighted,
2022-07-10,ANDHRA PRADESH,Nandyal,5154,BANAGANAPALLE,203969,PALUKUR,2.3926587104797363,1,direct_grid,
2022-07-10,ANDHRA PRADESH,Nandyal,5154,BANAGANAPALLE,203970,PASUPULA,3.905420904660594,4,area_weighted,
2022-07-10,ANDHRA PRADESH,Nandyal,5154,BANAGANAPALLE,203971,PATHAPADU,2.9031496047973633,1,direct_grid,
2022-07-10,ANDHRA PRADESH,Nandyal,5154,BANAGANAPALLE,203972,RAMATHEERTHAM,2.0936816005847954,6,area_weighted,
2022-07-10,ANDHRA PRADESH,Nandyal,5154,BANAGANAPALLE,203973,TANGUTOOR,2.971275806427002,1,direct_grid,
2022-07-10,ANDHRA PRADESH,Nandyal,5154,BANAGANAPALLE,203974,THAMMADAPALLE,3.051910638809204,1,direct_grid,
2022-07-10,ANDHRA PRADESH,Nandyal,5154,BANAGANAPALLE,203975,THIMMAPURAM,2.5549638271331787,1,direct_grid,
2022-07-10,ANDHRA PRADESH,Nandyal,5154,BANAGANAPALLE,203976,VENKATAPURAM,2.274467706680298,1,direct_grid,
2022-07-10,ANDHRA PRADESH,Nandyal,5154,BANAGANAPALLE,262941,YAGANTIPALLE,2.6872358322143555,1,direct_grid,
2022-07-10,ANDHRA PRADESH,Nandyal,5154,BANAGANAPALLE,203977,YERRAGUDI,2.582305669784546,1,direct_grid,
2022-07-10,ANDHRA PRADESH,Nandyal,5156,BETHAMCHERLA,203997,AMBAPURAM,2.742605686187744,1,direct_grid,
2022-07-10,ANDHRA PRADESH,Nandyal,5156,BETHAMCHERLA,289628,BUGGANIPALLE THANDA,2.200343399946582,4,area_weighted,
2022-07-10,ANDHRA PRADESH,Nandyal,5156,BETHAMCHERLA,204001,EMBOY,2.487434148788452,1,direct_grid,
2022-07-10,ANDHRA PRADESH,Nandyal,5156,BETHAMCHERLA,204002,GOLLAGUTTA,2.4159902971649307,4,area_weighted,
2022-07-10,ANDHRA PRADESH,Nandyal,5156,BETHAMCHERLA,204004,GUTUPALLE,3.022974729537964,1,direct_grid,
2022-07-10,ANDHRA PRADESH,Nandyal,5156,BETHAMCHERLA,204005,H KOTTALA,2.398676872253418,1,direct_grid,
2022-07-10,ANDHRA PRADESH,Nandyal,5156,BETHAMCHERLA,204007,KOLUMULAPALLE,2.5838208198547363,1,direct_grid,
2022-07-10,ANDHRA PRADESH,Nandyal,5156,BETHAMCHERLA,204009,M.PENDAKAL,2.78124233572769,4,area_weighted,
2022-07-10,ANDHRA PRADESH,Nandyal,5156,BETHAMCHERLA,204010,MUDDAVARAM,2.588646411895752,1,direct_grid,
2022-07-10,ANDHRA PRADESH,Nandyal,5156,BETHAMCHERLA,204011,R.BUKKAPURAM,3.4766619403529484,4,area_weighted,
2022-07-10,ANDHRA PRADESH,Nandyal,5156,BETHAMCHERLA,204012,R.S.RANGAPURAM,3.1536922454833984,1,direct_grid,
2022-07-10,ANDHRA PRADESH,Nandyal,5161,DHONE ALIAS DRONACHALAM,204078,AVULADODDI,4.479491029339077,4,area_weighted,
2022-07-10,ANDHRA PRADESH,Nandyal,5161,DHONE ALIAS DRONACHALAM,296440,B.Ramgadurgam,6.3251848220825195,2,direct_grid,
2022-07-10,ANDHRA PRADESH,Nandyal,5161,DHONE ALIAS DRONACHALAM,204079,CHANUGONDLA,5.63728666305542,1,direct_grid,
2022-07-10,ANDHRA PRADESH,Nandyal,5161,DHONE ALIAS DRONACHALAM,204080,CHINNA MALKAPURAM,4.099531968434651,3,direct_grid,
2022-07-10,ANDHRA PRADESH,Nandyal,5161,DHONE ALIAS DRONACHALAM,296438,Chintalapeta,4.558619976043701,1,direct_grid,
2022-07-10,ANDHRA PRADESH,Nandyal,5161,DHONE ALIAS DRONACHALAM,204081,DEVARABANDA,5.294368267059326,1,direct_grid,
2022-07-10,ANDHRA PRADESH,Nandyal,5161,DHONE ALIAS DRONACHALAM,204082,DHARMAVARAM,5.0583391189575195,1,direct_grid,
2022-07-10,ANDHRA PRADESH,Nandyal,5161,DHONE ALIAS DRONACHALAM,204086,GUMMAKONDA,5.599771022796631,2,direct_grid,
2022-07-10,ANDHRA PRADESH,Nandyal,5161,DHONE ALIAS DRONACHALAM,204087,JAGADURTHI,4.657362461090088,1,direct_grid,
2022-07-10,ANDHRA PRADESH,Nandyal,5161,DHONE ALIAS DRONACHALAM,204092,KOTHA BURUJU,5.4514507489204,2,area_weighted,
2022-07-10,ANDHRA PRADESH,Nandyal,5161,DHONE ALIAS DRONACHALAM,204093,KOTHAKOTA,5.817136287689209,1,direct_grid,
2022-07-10,ANDHRA PRADESH,Nandyal,5161,DHONE ALIAS DRONACHALAM,204094,KOTRAI,5.796497441652644,2,area_weighted,
2022-07-10,ANDHRA PRADESH,Nandyal,5161,DHONE ALIAS DRONACHALAM,296439,Malliyala,5.663678169250488,1,direct_grid,
2022-07-10,ANDHRA PRADESH,Nandyal,5161,DHONE ALIAS DRONACHALAM,296495,Seesamguntla,5.195867393287998,6,area_weighted,
2022-07-10,ANDHRA PRADESH,Nandyal,5161,DHONE ALIAS DRONACHALAM,204097,UDUMULAPADU,4.914163829801474,4,area_weighted,
2022-07-10,ANDHRA PRADESH,Nandyal,5162,DORNIPADU,204110,KRISTIPADU,3.475185006226717,2,area_weighted,
2022-07-10,ANDHRA PRADESH,Nandyal,5162,DORNIPADU,204112,W.GOVINDINNE,3.444300651550293,1,area_weighted,
2022-07-10,ANDHRA PRADESH,Nandyal,5163,GADIVEMULA,204116,CHINDUKURU,1.8956938982009888,1,area_weighted,
2022-07-10,ANDHRA PRADESH,Nandyal,5163,GADIVEMULA,204118,GADIGAREVULA,2.040264258746389,2,area_weighted,
2022-07-10,ANDHRA PRADESH,Nandyal,5163,GADIVEMULA,204120,GANI,1.7836155891418457,1,direct_grid,
2022-07-10,ANDHRA PRADESH,Nandyal,5163,GADIVEMULA,204125,LAXMAIAHKUNTA THANDA,1.8956938982009888,1,direct_grid,
2022-07-10,ANDHRA PRADESH,Nandyal,5163,GADIVEMULA,204126,MANCHALAKATTA,1.398536545659602,2,area_weighted,
2022-07-10,ANDHRA PRADESH,Nandyal,5165,GOSPADU,204162,TELLAPURI,2.9710838620909175,2,area_weighted,
2022-07-10,ANDHRA PRADESH,Nandyal,5165,GOSPADU,204163,VANTIVELAGALA,2.971275806427002,1,area_weighted,
2022-07-10,ANDHRA PRADESH,Nandyal,5169,JUPADU BUNGALOW,204210,MANDIEM,2.738737322815938,4,area_weighted,
2022-07-10,ANDHRA PRADESH,Nandyal,5169,JUPADU BUNGALOW,204212,PARUMANCHALA,1.5900727736595361,3,area_weighted,
2022-07-10,ANDHRA PRADESH,Nandyal,5169,JUPADU BUNGALOW,204213,TANGADANCHA,2.4704057751827415,2,area_weighted,
2022-07-10,ANDHRA PRADESH,Nandyal,5169,JUPADU BUNGALOW,204215,TARTUR,2.395838975906372,2,direct_grid,
2022-07-10,ANDHRA PRADESH,Nandyal,5169,JUPADU BUNGALOW,204216,TATIPADU,2.859274695613955,2,area_weighted,
2022-07-10,ANDHRA PRADESH,Nandyal,5172,KOILAKUNTLA,204252,AMADALA,3.2238391269479774,2,area_weighted,
2022-07-10,ANDHRA PRADESH,Nandyal,5172,KOILAKUNTLA,204253,BHEEMUNIPADU,3.4598151164968765,2,area_weighted,
2022-07-10,ANDHRA PRADESH,Nandyal,5172,KOILAKUNTLA,204254,BIJINAVEMULA,3.1580252989071127,4,area_weighted,
2022-07-10,ANDHRA PRADESH,Nandyal,5172,KOILAKUNTLA,204255,CHINNA KOPPERLA,3.1868879795074463,1,direct_grid,
2022-07-10,ANDHRA PRADESH,Nandyal,5172,KOILAKUNTLA,204256,GULLADURTHI,3.416783332824707,1,direct_grid,
2022-07-10,ANDHRA PRADESH,Nandyal,5172,KOILAKUNTLA,204108,GUNDUPAPALA,3.1868879795074463,1,area_weighted,
2022-07-10,ANDHRA PRADESH,Nandyal,5172,KOILAKUNTLA,204257,GUNJALAPADU,3.3636889457702637,1,direct_grid,
2022-07-10,ANDHRA PRADESH,Nandyal,5172,KOILAKUNTLA,204258,JOLADARASI,3.444300651550293,1,direct_grid,
2022-07-10,ANDHRA PRADESH,Nandyal,5172,KOILAKUNTLA,204259,KALUGOTLA,3.263154440051336,2,area_weighted,
2022-07-10,ANDHRA PRADESH,Nandyal,5172,KOILAKUNTLA,204260,KAMPAMALLA,3.4759175777435303,1,area_weighted,
2022-07-10,ANDHRA PRADESH,Nandyal,5172,KOILAKUNTLA,204262,LINGALA,3.105862687842788,2,area_weighted,
2022-07-10,ANDHRA PRADESH,Nandyal,5172,KOILAKUNTLA,204263,PEDDA KOPPERLA,3.0340476036071777,1,direct_grid,
2022-07-10,ANDHRA PRADESH,Nandyal,5172,KOILAKUNTLA,204264,POTTIPADU,3.4759175777435303,1,direct_grid,
2022-07-10,ANDHRA PRADESH,Nandyal,5172,KOILAKUNTLA,204265,REVANUR,3.1868879795074463,1,area_weighted,
2022-07-10,ANDHRA PRADESH,Nandyal,5172,KOILAKUNTLA,204266,SOUDERDINNE,3.248977240566555,4,area_weighted,
2022-07-10,ANDHRA PRADESH,Nandyal,5172,KOILAKUNTLA,204267,VALLAMPADU,3.1441119519176146,4,area_weighted,
2022-07-10,ANDHRA PRADESH,Nandyal,5172,KOILAKUNTLA,204268,VELAGATUR,3.31563663482666,1,direct_grid,
2022-07-10,ANDHRA PRADESH,Nandyal,5173,KOLIMIGUNDLA,204269,ABDULLAPURAM,1.362445592880249,1,direct_grid,
2022-07-10,ANDHRA PRADESH,Nandyal,5173,KOLIMIGUNDLA,204270,ANKIREDDIPALLI,1.2676517963409424,2,direct_grid,
2022-07-10,ANDHRA PRADESH,Nandyal,5173,KOLIMIGUNDLA,204271,B. UPPALUR,1.7955727817488896,4,area_weighted,
2022-07-10,ANDHRA PRADESH,Nandyal,5173,KOLIMIGUNDLA,204273,BELUM,2.3911430835723877,1,direct_grid,
2022-07-10,ANDHRA PRADESH,Nandyal,5173,KOLIMIGUNDLA,204274,BELUMSINGAVARAM,2.7597122192382812,1,direct_grid,
2022-07-10,ANDHRA PRADESH,Nandyal,5173,KOLIMIGUNDLA,204275,CHINTALAYAPALLE,1.4551138108378472,6,area_weighted,
2022-07-10,ANDHRA PRADESH,Nandyal,5173,KOLIMIGUNDLA,204276,ERRAGUDI,2.1430139541625977,1,direct_grid,
2022-07-10,ANDHRA PRADESH,Nandyal,5173,KOLIMIGUNDLA,204277,GORVIMANUPALLE,2.0466647148132324,1,direct_grid,
2022-07-10,ANDHRA PRADESH,Nandyal,5173,KOLIMIGUNDLA,204278,ITIKALA,1.8687735795974731,1,direct_grid,
2022-07-10,ANDHRA PRADESH,Nandyal,5173,KOLIMIGUNDLA,204279,KALVATALA,2.266813039779663,1,direct_grid,
2022-07-10,ANDHRA PRADESH,Nandyal,5173,KOLIMIGUNDLA,204280,KAMMAVARIPALLI,2.546896945678659,5,area_weighted,
2022-07-10,ANDHRA PRADESH,Nandyal,5173,KOLIMIGUNDLA,204282,KOLIMIGUNDLA,2.121452642468444,4,area_weighted,
2022-07-10,ANDHRA PRADESH,Nandyal,5173,KOLIMIGUNDLA,204283,KOTAPADU,2.500709868517643,3,area_weighted,
2022-07-10,ANDHRA PRADESH,Nandyal,5173,KOLIMIGUNDLA,204284,MIRJAPURAM,2.7597122192382812,1,area_weighted,
2022-07-10,ANDHRA PRADESH,Nandyal,5173,KOLIMIGUNDLA,204285,NANDIPADU,2.153729500056826,2,area_weighted,
2022-07-10,ANDHRA PRADESH,Nandyal,5173,KOLIMIGUNDLA,204288,THIMMANAYUNIPETA,1.7911165952682495,1,direct_grid,
2022-07-10,ANDHRA PRADESH,Nandyal,5173,KOLIMIGUNDLA,204289,THOLLAMADUGU,1.017605185508728,1,direct_grid,
2022-07-10,ANDHRA PRADESH,Nandyal,5175,KOTHAPALLE,204310,ERRAMATAM,5.10067058486762,4,area_weighted,
2022-07-10,ANDHRA PRADESH,Nandyal,5182,MIDTHUR,204420,BYRAPURAM,1.5668056617164965,2,area_weighted,
2022-07-10,ANDHRA PRADESH,Nandyal,5182,MIDTHUR,204421,CHERUKUCHERLA,0.7984310827006134,4,area_weighted,
2022-07-10,ANDHRA PRADESH,Nandyal,5182,MIDTHUR,204422,CHINTALAPALLE,1.308595061302185,1,direct_grid,
2022-07-10,ANDHRA PRADESH,Nandyal,5182,MIDTHUR,204423,CHOWTAKUR,1.1651024554320073,4,area_weighted,
2022-07-10,ANDHRA PRADESH,Nandyal,5182,MIDTHUR,204424,DEVANUR,0.4570525288581848,1,direct_grid,
2022-07-10,ANDHRA PRADESH,Nandyal,5182,MIDTHUR,204425,JALAKANUR,1.3340930282893846,4,area_weighted,
2022-07-10,ANDHRA PRADESH,Nandyal,5182,MIDTHUR,204426,KADUMUR,0.8370140479808135,4,area_weighted,
2022-07-10,ANDHRA PRADESH,Nandyal,5182,MIDTHUR,204427,MASAPETA,1.0949490070343018,1,direct_grid,
2022-07-10,ANDHRA PRADESH,Nandyal,5182,MIDTHUR,204428,MIDTHUR,1.6827274560928345,1,direct_grid,
2022-07-10,ANDHRA PRADESH,Nandyal,5182,MIDTHUR,204429,NAGALOOTY,1.8185396194458008,1,direct_grid,
2022-07-10,ANDHRA PRADESH,Nandyal,5182,MIDTHUR,204432,ROLLAPADU,0.41248664259910583,1,direct_grid,
2022-07-10,ANDHRA PRADESH,Nandyal,5182,MIDTHUR,204433,SUNKESULA,0.4575943946838379,1,direct_grid,
2022-07-10,ANDHRA PRADESH,Nandyal,5182,MIDTHUR,204434,TALAMUDIPI,1.3675694465637207,1,direct_grid,
2022-07-10,ANDHRA PRADESH,Nandyal,5182,MIDTHUR,204435,THIMMAPURAM,1.5336620807647705,1,direct_grid,
2022-07-10,ANDHRA PRADESH,Nandyal,5182,MIDTHUR,204436,VEEPANAGANDLA,1.8773170178681209,5,area_weighted,
2022-07-10,ANDHRA PRADESH,Nandyal,5184,NANDIKOTKUR,204453,10. BOLLAVARAM,2.538313781018494,6,area_weighted,
2022-07-10,ANDHRA PRADESH,Nandyal,5184,NANDIKOTKUR,204451,ALLUR,3.3081586722045797,4,area_weighted,
2022-07-10,ANDHRA PRADESH,Nandyal,5184,NANDIKOTKUR,204452,BIJINAVEMULA,3.720957617168311,2,area_weighted,
2022-07-10,ANDHRA PRADESH,Nandyal,5184,NANDIKOTKUR,204454,BRAHMANAKOTKUR,2.301036834716797,1,direct_grid,
2022-07-10,ANDHRA PRADESH,Nandyal,5184,NANDIKOTKUR,204455,DAMAGATLA,2.01685244194998,4,area_weighted,
2022-07-10,ANDHRA PRADESH,Nandyal,5184,NANDIKOTKUR,204456,KOLLABAVAPURAM,3.184953212738037,1,direct_grid,
2022-07-10,ANDHRA PRADESH,Nandyal,5184,NANDIKOTKUR,204458,KONIDELA,3.651806645144454,2,area_weighted,
2022-07-10,ANDHRA PRADESH,Nandyal,5184,NANDIKOTKUR,204459,MALYALA,3.580929756164551,1,direct_grid,
2022-07-10,ANDHRA PRADESH,Nandyal,5184,NANDIKOTKUR,204460,NAGATOOR,3.193296194076538,1,direct_grid,
2022-07-10,ANDHRA PRADESH,Nandyal,5184,NANDIKOTKUR,204461,SATHANIKOTA,3.8294804096221924,1,direct_grid,
2022-07-10,ANDHRA PRADESH,Nandyal,5185,NANDYAL,204469,GUNTHANALA,2.7533621697103534,2,area_weighted,
2022-07-10,ANDHRA PRADESH,Nandyal,5187,OWK,204503,ANNAVARAM,3.669077504834824,4,area_weighted,
2022-07-10,ANDHRA PRADESH,Nandyal,5187,OWK,204577,BURUGULA,2.0447022914886475,1,direct_grid,
2022-07-10,ANDHRA PRADESH,Nandyal,5187,OWK,204505,CHENNAMPALLE,3.502641699046262,2,area_weighted,
2022-07-10,ANDHRA PRADESH,Nandyal,5187,OWK,204506,CHERLOPALLE,2.917365074157715,1,direct_grid,
2022-07-10,ANDHRA PRADESH,Nandyal,5187,OWK,204507,GUNDLA SINGAVARAM,3.8756682872772217,1,direct_grid,
2022-07-10,ANDHRA PRADESH,Nandyal,5187,OWK,204508,JUNUTHALA,2.380433274800384,3,area_weighted,
2022-07-10,ANDHRA PRADESH,Nandyal,5187,OWK,204510,KUNUKUNTLA,3.3674373626708984,2,direct_grid,
2022-07-10,ANDHRA PRADESH,Nandyal,5187,OWK,204511,MAGAMPETA,3.64661930029344,2,area_weighted,
2022-07-10,ANDHRA PRADESH,Nandyal,5187,OWK,204512,METTUPALLE,4.083596229553223,1,direct_grid,
2022-07-10,ANDHRA PRADESH,Nandyal,5187,OWK,204513,OWK,3.464003562927246,1,direct_grid,
2022-07-10,ANDHRA PRADESH,Nandyal,5187,OWK,204514,RAMAPURAM,3.1506641814696557,4,area_weighted,
2022-07-10,ANDHRA PRADESH,Nandyal,5187,OWK,204515,RAMAVARAM,3.5275057334749684,6,area_weighted,
2022-07-10,ANDHRA PRADESH,Nandyal,5187,OWK,204516,SANGAPATNAM,3.1824090480804443,1,direct_grid,
2022-07-10,ANDHRA PRADESH,Nandyal,5187,OWK,204517,SINGANAPALLE,3.540959119796753,1,direct_grid,
2022-07-10,ANDHRA PRADESH,Nandyal,5187,OWK,204518,SIVAVARAM,3.393742799758911,1,direct_grid,
2022-07-10,ANDHRA PRADESH,Nandyal,5187,OWK,204519,SUNKESULA,2.926470187142407,3,area_weighted,
2022-07-10,ANDHRA PRADESH,Nandyal,5187,OWK,204520,UPPALAPADU,2.287430292628758,2,area_weighted,
2022-07-10,ANDHRA PRADESH,Nandyal,5187,OWK,204521,VEMULAPADU,3.5015132427215576,1,direct_grid,
2022-07-10,ANDHRA PRADESH,Nandyal,5188,PAGIDYALA,204522,KOTHAMUCHUMARRI,4.3173969984054565,2,direct_grid,
2022-07-10,ANDHRA PRADESH,Nandyal,5188,PAGIDYALA,204523,LAXMAPURAM,2.9044158458709717,1,direct_grid,
2022-07-10,ANDHRA PRADESH,Nandyal,5188,PAGIDYALA,204524,M.GANAPURAM,3.5667426586151123,1,direct_grid,
2022-07-10,ANDHRA PRADESH,Nandyal,5188,PAGIDYALA,204525,NEHRU NAGAR,4.726528240871221,6,area_weighted,
2022-07-10,ANDHRA PRADESH,Nandyal,5188,PAGIDYALA,204526,PAGIDYALA,4.386282920837402,1,direct_grid,
2022-07-10,ANDHRA PRADESH,Nandyal,5190,PANYAM,204542,ALAMUR,1.9686358571052551,2,direct_grid,
2022-07-10,ANDHRA PRADESH,Nandyal,5190,PANYAM,204543,ANUPUR,2.7304675947441184,2,area_weighted,
2022-07-10,ANDHRA PRADESH,Nandyal,5190,PANYAM,204544,BALAPANUR,2.260608874434993,2,area_weighted,
2022-07-10,ANDHRA PRADESH,Nandyal,5190,PANYAM,204545,BHUPANAPADU,2.5006027221679688,1,direct_grid,
2022-07-10,ANDHRA PRADESH,Nandyal,5190,PANYAM,204546,GAGGATUR,2.7572033449719338,2,area_weighted,
2022-07-10,ANDHRA PRADESH,Nandyal,5190,PANYAM,204547,GONAVARAM,2.42436467160985,3,area_weighted,
2022-07-10,ANDHRA PRADESH,Nandyal,5190,PANYAM,204548,GORUKALLU,2.164482355117798,1,area_weighted,
2022-07-10,ANDHRA PRADESH,Nandyal,5190,PANYAM,204551,KONIDEDU,2.0949292182922363,1,direct_grid,
2022-07-10,ANDHRA PRADESH,Nandyal,5190,PANYAM,204553,MADDUR,2.539380878060072,2,area_weighted,
2022-07-10,ANDHRA PRADESH,Nandyal,5190,PANYAM,204554,NERAWADA,2.3956802049619834,2,area_weighted,
2022-07-10,ANDHRA PRADESH,Nandyal,5190,PANYAM,204555,PANYAM,2.23783540725708,2,direct_grid,
2022-07-10,ANDHRA PRADESH,Nandyal,5190,PANYAM,204556,PINNAPURAM,1.5722377300262451,1,direct_grid,
2022-07-10,ANDHRA PRADESH,Nandyal,5190,PANYAM,204557,S.KOTHURU,2.749795913696289,1,direct_grid,
2022-07-10,ANDHRA PRADESH,Nandyal,5190,PANYAM,204558,THAMMARAJUPALLE,1.7617632150650024,2,direct_grid,
2022-07-10,ANDHRA PRADESH,Nandyal,5192,PEAPULLY,289630,ALABED THANDA,4.341378586834226,4,area_weighted,
2022-07-10,ANDHRA PRADESH,Nandyal,5192,PEAPULLY,204575,BAVIPALLI,2.7787014388467113,4,area_weighted,
2022-07-10,ANDHRA PRADESH,Nandyal,5192,PEAPULLY,204576,BOINCHERUVUPALLI,4.376701354980469,1,direct_grid,
2022-07-10,ANDHRA PRADESH,Nandyal,5192,PEAPULLY,204578,CHANDRAPALLE,3.1033425331115723,1,direct_grid,
2022-07-10,ANDHRA PRADESH,Nandyal,5192,PEAPULLY,204579,CHINNAPODILLA,5.357824325561523,1,direct_grid,
2022-07-10,ANDHRA PRADESH,Nandyal,5192,PEAPULLY,204580,GUDIPADU,3.3745384216308594,3,direct_grid,
2022-07-10,ANDHRA PRADESH,Nandyal,5192,PEAPULLY,296456,Garaladinne,4.1033085427292,5,area_weighted,
2022-07-10,ANDHRA PRADESH,Nandyal,5192,PEAPULLY,204582,JAKKASANIKUNTLA,2.996448516845703,1,direct_grid,
2022-07-10,ANDHRA PRADESH,Nandyal,5192,PEAPULLY,204583,JALADURGAM,4.214740753173828,1,direct_grid,
2022-07-10,ANDHRA PRADESH,Nandyal,5192,PEAPULLY,204584,KALACHETLA,5.471850395202637,1,direct_grid,
2022-07-10,ANDHRA PRADESH,Nandyal,5192,PEAPULLY,204588,METTUPALLE,5.074177980422974,2,direct_grid,
2022-07-10,ANDHRA PRADESH,Nandyal,5192,PEAPULLY,204591,NEREDUCHERLA,2.8944411277770996,1,direct_grid,
2022-07-10,ANDHRA PRADESH,Nandyal,5192,PEAPULLY,204593,PEAPULLY,4.903890480465445,6,area_weighted,
2022-07-10,ANDHRA PRADESH,Nandyal,5192,PEAPULLY,204596,POTHIDODDI,3.912393808364868,1,direct_grid,
2022-07-10,ANDHRA PRADESH,Nandyal,5192,PEAPULLY,204599,VENGALAMPALLE,5.874352931976318,1,direct_grid,
2022-07-10,ANDHRA PRADESH,Nandyal,5195,SANJAMALA,204637,AKUMALLA,3.2264463901519775,1,direct_grid,
2022-07-10,ANDHRA PRADESH,Nandyal,5195,SANJAMALA,204638,ALVAKONDA,2.9246702194213867,1,direct_grid,
2022-07-10,ANDHRA PRADESH,Nandyal,5195,SANJAMALA,204639,EGGONI,3.234714972062915,3,area_weighted,
2022-07-10,ANDHRA PRADESH,Nandyal,5195,SANJAMALA,204640,GIDDALUR,2.7851415872573853,2,direct_grid,
2022-07-10,ANDHRA PRADESH,Nandyal,5195,SANJAMALA,204641,KAMALAPURI,3.002298355102539,1,direct_grid,
2022-07-10,ANDHRA PRADESH,Nandyal,5195,SANJAMALA,204642,KANALA,3.110520839691162,1,direct_grid,
2022-07-10,ANDHRA PRADESH,Nandyal,5195,SANJAMALA,204643,MUDIGEDU,3.1540638333893574,4,area_weighted,
2022-07-10,ANDHRA PRADESH,Nandyal,5195,SANJAMALA,204644,MUKKAMALLA,3.035950183868408,1,direct_grid,
2022-07-10,ANDHRA PRADESH,Nandyal,5195,SANJAMALA,204645,NATLA KOTHUR,2.903295093485521,2,area_weighted,
2022-07-10,ANDHRA PRADESH,Nandyal,5195,SANJAMALA,204647,PERUSOMALA,2.524089813232422,1,direct_grid,
2022-07-10,ANDHRA PRADESH,Nandyal,5195,SANJAMALA,204648,R.LINGAM DINNE,2.994371801438559,3,area_weighted,
2022-07-10,ANDHRA PRADESH,Nandyal,5195,SANJAMALA,204649,SANJAMALA,3.328153610229492,1,direct_grid,
2022-07-10,ANDHRA PRADESH,Nandyal,5195,SANJAMALA,204650,VASANTHAPURAM,3.1559544177750647,4,area_weighted,
2022-07-10,ANDHRA PRADESH,Nandyal,5199,UYYALAWADA,204636,AKKAMPALLI,2.55511474609375,1,direct_grid,
2022-07-10,ANDHRA PRADESH,Nandyal,5199,UYYALAWADA,204683,ALLUR,3.2086272901960946,3,area_weighted,
2022-07-10,ANDHRA PRADESH,Nandyal,5199,UYYALAWADA,204685,GOVINDAPALLE,2.829543113708496,1,area_weighted,
2022-07-10,ANDHRA PRADESH,Nandyal,5199,UYYALAWADA,204686,HARIVARAM,3.4170638173559653,2,area_weighted,
2022-07-10,ANDHRA PRADESH,Nandyal,5199,UYYALAWADA,204690,MAYALUR,3.1885571479797363,1,direct_grid,
2022-07-10,ANDHRA PRADESH,Nandyal,5199,UYYALAWADA,204691,NARSEPALLE,3.4143875617215285,2,area_weighted,
2022-07-10,ANDHRA PRADESH,Nandyal,5199,UYYALAWADA,296442,Padigapadu,3.1885571479797363,1,area_weighted,
2022-07-10,ANDHRA PRADESH,Nandyal,5199,UYYALAWADA,204695,RUPANAGUDI,3.1146967180228025,2,area_weighted,
2022-07-10,ANDHRA PRADESH,Nandyal,5199,UYYALAWADA,296622,S.Kothapalle,3.2749746719099964,4,area_weighted,
2022-07-10,ANDHRA PRADESH,Nandyal,5199,UYYALAWADA,204697,SUDDAMALLA,3.2335565639280484,2,area_weighted,
2022-07-10,ANDHRA PRADESH,Nandyal,5199,UYYALAWADA,204698,THUDUMULADINNE,3.093391885164959,4,area_weighted,
2022-07-10,ANDHRA PRADESH,Sri Sathya Sai,4686,AGALI,195775,AGALI,0.47381147742271423,1,direct_grid,
2022-07-10,ANDHRA PRADESH,Sri Sathya Sai,4686,AGALI,257938,HALIKERA,0.9999185800552368,1,direct_grid,
2022-07-10,ANDHRA PRADESH,Sri Sathya Sai,4686,AGALI,195776,HULLEKERADEVARAHALLI,0.0,1,direct_grid,
2022-07-10,ANDHRA PRADESH,Sri Sathya Sai,4686,AGALI,195777,INGALORE,0.7435785214462636,2,area_weighted,
2022-07-10,ANDHRA PRADESH,Sri Sathya Sai,4686,AGALI,195778,KODIHALLI,0.4755161702632904,1,direct_grid,
2022-07-10,ANDHRA PRADESH,Sri Sathya Sai,4686,AGALI,296299,Komarepalli,1.0368659776683442,4,area_weighted,
2022-07-10,ANDHRA PRADESH,Sri Sathya Sai,4686,AGALI,195779,MADHUDI,0.49278706460234306,4,area_weighted,
2022-07-10,ANDHRA PRADESH,Sri Sathya Sai,4686,AGALI,195781,P.BYADIGERA,0.49360358715057373,1,direct_grid,
2022-07-10,ANDHRA PRADESH,Sri Sathya Sai,4687,AMADAGUR,195784,AMADAGUR,0.16518644988536835,1,direct_grid,
2022-07-10,ANDHRA PRADESH,Sri Sathya Sai,4687,AMADAGUR,195785,CHEEKIREVULAPALLI,0.07346595454970455,2,area_weighted,
2022-07-10,ANDHRA PRADESH,Sri Sathya Sai,4687,AMADAGUR,195786,CHINAGANIPALLI,0.24150227706279048,4,area_weighted,
2022-07-10,ANDHRA PRADESH,Sri Sathya Sai,4687,AMADAGUR,195788,JOWKULAKOTHAPALLI,0.27697996895668375,4,area_weighted,
2022-07-10,ANDHRA PRADESH,Sri Sathya Sai,4687,AMADAGUR,195789,KASSAMUDRAM,0.14878250658512115,1,direct_grid,
2022-07-10,ANDHRA PRADESH,Sri Sathya Sai,4687,AMADAGUR,296302,Kottuvaripalli,0.0,2,direct_grid,
2022-07-10,ANDHRA PRADESH,Sri Sathya Sai,4687,AMADAGUR,195790,MOHAMMADABAD,0.15362820324343457,4,area_weighted,
2022-07-10,ANDHRA PRADESH,Sri Sathya Sai,4687,AMADAGUR,195791,PULIKUNTAPALLI,0.0,1,direct_grid,
2022-07-10,ANDHRA PRADESH,Sri Sathya Sai,4688,AMARAPURAM,195793,ALDAHALLI,1.5492148399353027,1,direct_grid,
2022-07-10,ANDHRA PRADESH,Sri Sathya Sai,4688,AMARAPURAM,195794,AMARAPURAM,0.9744932651519775,1,direct_grid,
2022-07-10,ANDHRA PRADESH,Sri Sathya Sai,4688,AMARAPURAM,195795,BASAVANAHALLI,2.682887024675432,2,area_weighted,
2022-07-10,ANDHRA PRADESH,Sri Sathya Sai,4688,AMARAPURAM,195796,HALUKURU,1.3612736463546753,1,direct_grid,
2022-07-10,ANDHRA PRADESH,Sri Sathya Sai,4688,AMARAPURAM,195797,HEMAVATHI,2.799108147621155,2,direct_grid,
2022-07-10,ANDHRA PRADESH,Sri Sathya Sai,4688,AMARAPURAM,195798,NIDRAGATTA,1.7134003639221191,1,direct_grid,
2022-07-10,ANDHRA PRADESH,Sri Sathya Sai,4688,AMARAPURAM,195799,SIVARAM,2.784388542175293,1,direct_grid,
2022-07-10,ANDHRA PRADESH,Sri Sathya Sai,4688,AMARAPURAM,195800,THAMMEDAHALLI,0.8833211064338684,1,direct_grid,
2022-07-10,ANDHRA PRADESH,Sri Sathya Sai,4688,AMARAPURAM,257925,V Agraharam,1.1251248121261597,1,direct_grid,
2022-07-10,ANDHRA PRADESH,Sri Sathya Sai,4691,BATHALAPALLE,195842,APPARACHERUVU,0.12131516525132365,3,area_weighted,
2022-07-10,ANDHRA PRADESH,Sri Sathya Sai,4691,BATHALAPALLE,195843,BATHALAPALLI,0.004903935361653566,1,direct_grid,
2022-07-10,ANDHRA PRADESH,Sri Sathya Sai,4691,BATHALAPALLE,195844,D.CHERLOPALLI,0.8343140482902527,1,direct_grid,
2022-07-10,ANDHRA PRADESH,Sri Sathya Sai,4691,BATHALAPALLE,195846,EDULA MUSTUR,0.15703964233398438,1,direct_grid,
2022-07-10,ANDHRA PRADESH,Sri Sathya Sai,4691,BATHALAPALLE,195847,GARISALAPALLI,0.6093682050704956,1,direct_grid,
2022-07-10,ANDHRA PRADESH,Sri Sathya Sai,4691,BATHALAPALLE,195848,MALYAVANTHAM,0.24074025939555435,4,area_weighted,
2022-07-10,ANDHRA PRADESH,Sri Sathya Sai,4691,BATHALAPALLE,195850,OBULAPURAM,0.4754932224750519,1,direct_grid,
2022-07-10,ANDHRA PRADESH,Sri Sathya Sai,4691,BATHALAPALLE,195851,SANGALA,0.3385438323020935,1,direct_grid,
2022-07-10,ANDHRA PRADESH,Sri Sathya Sai,4691,BATHALAPALLE,195852,SANJEEVAPURAM,0.1289389582151542,2,area_weighted,
2022-07-10,ANDHRA PRADESH,Sri Sathya Sai,4695,BUKKAPATNAM,195907,AGRAHARAM,1.0311885476112366,2,direct_grid,
2022-07-10,ANDHRA PRADESH,Sri Sathya Sai,4695,BUKKAPATNAM,296307,Buchaiahgaripalli,0.22694599628448486,1,direct_grid,
2022-07-10,ANDHRA PRADESH,Sri Sathya Sai,4695,BUKKAPATNAM,195909,GARIKAVARIPALLI,0.3196008577942848,2,direct_grid,
2022-07-10,ANDHRA PRADESH,Sri Sathya Sai,4695,BUKKAPATNAM,195911,KOTHAKOTA,0.5191996172070503,4,direct_grid,
2022-07-10,ANDHRA PRADESH,Sri Sathya Sai,4695,BUKKAPATNAM,195912,KRISHNAPURAM,0.7632303237915039,3,direct_grid,
2022-07-10,ANDHRA PRADESH,Sri Sathya Sai,4695,BUKKAPATNAM,195913,MARALA,0.787514328956604,1,direct_grid,
2022-07-10,ANDHRA PRADESH,Sri Sathya Sai,4695,BUKKAPATNAM,195915,PAMUDURTHI,0.892359733581543,1,direct_grid,
2022-07-10,ANDHRA PRADESH,Sri Sathya Sai,4697,CHENNEKOTHAPALLE,195936,BASAMPALLI,0.3044006824493408,1,direct_grid,
2022-07-10,ANDHRA PRADESH,Sri Sathya Sai,4697,CHENNEKOTHAPALLE,195937,BASINEPALLI,0.788460373878479,1,direct_grid,
2022-07-10,ANDHRA PRADESH,Sri Sathya Sai,4697,CHENNEKOTHAPALLE,195938,CHENNEKOTHAPALLI,0.8538624048233032,1,direct_grid,
2022-07-10,ANDHRA PRADESH,Sri Sathya Sai,4697,CHENNEKOTHAPALLE,195939,GANGINEPALLI,0.5172268748283386,1,direct_grid,
2022-07-10,ANDHRA PRADESH,Sri Sathya Sai,4697,CHENNEKOTHAPALLE,195941,MEDAPURAM,0.589955747127533,1,direct_grid,
2022-07-10,ANDHRA PRADESH,Sri Sathya Sai,4697,CHENNEKOTHAPALLE,195942,MUSTIKOVILA,0.7143928408622742,1,direct_grid,
2022-07-10,ANDHRA PRADESH,Sri Sathya Sai,4697,CHENNEKOTHAPALLE,195944,NYAMADDALA,0.7584082782268524,2,direct_grid,
2022-07-10,ANDHRA PRADESH,Sri Sathya Sai,4697,CHENNEKOTHAPALLE,195946,POLETIPALLI,0.5089164078235626,2,direct_grid,
2022-07-10,ANDHRA PRADESH,Sri Sathya Sai,4697,CHENNEKOTHAPALLE,195947,PYADINDI,0.680707186460495,2,direct_grid,
2022-07-10,ANDHRA PRADESH,Sri Sathya Sai,4698,CHILAMATHUR,195950,CHAGALERU,0.12155286967754364,1,direct_grid,
2022-07-10,ANDHRA PRADESH,Sri Sathya Sai,4698,CHILAMATHUR,195951,CHILAMATHUR,0.3061959519982338,2,direct_grid,
2022-07-10,ANDHRA PRADESH,Sri Sathya Sai,4698,CHILAMATHUR,195952,DEMAKETHEPALLI,0.39894188940525055,2,direct_grid,
2022-07-10,ANDHRA PRADESH,Sri Sathya Sai,4698,CHILAMATHUR,289560,DIGUVAPALLI THANDA,0.11332258582115173,1,direct_grid,
2022-07-10,ANDHRA PRADESH,Sri Sathya Sai,4698,CHILAMATHUR,195953,KODI KONDA,0.1476221628808988,4,area_weighted,
2022-07-10,ANDHRA PRADESH,Sri Sathya Sai,4698,CHILAMATHUR,195954,KODUR,0.12040310272446829,2,area_weighted,
2022-07-10,ANDHRA PRADESH,Sri Sathya Sai,4698,CHILAMATHUR,195955,MORASALAPALLI,0.14406666159629822,1,direct_grid,
2022-07-10,ANDHRA PRADESH,Sri Sathya Sai,4698,CHILAMATHUR,195956,PALAGALA PALLI,0.07584206759929657,1,direct_grid,
2022-07-10,ANDHRA PRADESH,Sri Sathya Sai,4698,CHILAMATHUR,195957,SETTIPALLI,0.2010304480791092,1,direct_grid,
2022-07-10,ANDHRA PRADESH,Sri Sathya Sai,4698,CHILAMATHUR,195958,SOMAGHATTA,0.09573818680485381,4,area_weighted,
2022-07-10,ANDHRA PRADESH,Sri Sathya Sai,4698,CHILAMATHUR,195959,TEKULODU,0.2728488512303345,4,area_weighted,
2022-07-10,ANDHRA PRADESH,Sri Sathya Sai,4698,CHILAMATHUR,195960,VEERA PURAM,0.476573829313312,4,area_weighted,
2022-07-10,ANDHRA PRADESH,Sri Sathya Sai,4700,DHARMAVARAM,195977,C.C.KOTHAKOTA,0.5011368989944458,1,direct_grid,
2022-07-10,ANDHRA PRADESH,Sri Sathya Sai,4700,DHARMAVARAM,195978,CHINGICHERLA,0.004903935361653566,1,direct_grid,
2022-07-10,ANDHRA PRADESH,Sri Sathya Sai,4700,DHARMAVARAM,195980,DARSIMALA,0.7713802477861988,4,area_weighted,
2022-07-10,ANDHRA PRADESH,Sri Sathya Sai,4700,DHARMAVARAM,195981,DHARMAPURI,0.6716179251670837,1,direct_grid,
2022-07-10,ANDHRA PRADESH,Sri Sathya Sai,4700,DHARMAVARAM,195983,GOTLURU,0.2214503437280655,1,direct_grid,
2022-07-10,ANDHRA PRADESH,Sri Sathya Sai,4700,DHARMAVARAM,195984,KUNUTHURU,0.24130618572235107,1,direct_grid,
2022-07-10,ANDHRA PRADESH,Sri Sathya Sai,4700,DHARMAVARAM,195985,MALLAKALVA,0.7062339186668396,1,direct_grid,
2022-07-10,ANDHRA PRADESH,Sri Sathya Sai,4700,DHARMAVARAM,195986,NELAKOTA,0.842254638671875,1,direct_grid,
2022-07-10,ANDHRA PRADESH,Sri Sathya Sai,4700,DHARMAVARAM,195990,REGATIPALLI,0.47770845890045166,1,direct_grid,
2022-07-10,ANDHRA PRADESH,Sri Sathya Sai,4700,DHARMAVARAM,195991,SUBBARAOPETA,0.33047563874203867,2,area_weighted,
2022-07-10,ANDHRA PRADESH,Sri Sathya Sai,4700,DHARMAVARAM,195992,THUMMALA,0.2015945017337799,1,area_weighted,
2022-07-10,ANDHRA PRADESH,Sri Sathya Sai,4701,GANDLAPENTA,195996,GANDLAPENTA,0.0,1,direct_grid,
2022-07-10,ANDHRA PRADESH,Sri Sathya Sai,4701,GANDLAPENTA,195997,GODDUVELAGALA,0.0,1,direct_grid,
2022-07-10,ANDHRA PRADESH,Sri Sathya Sai,4701,GANDLAPENTA,195998,JEENULAKUNTA,0.14294140020634463,2,area_weighted,
2022-07-10,ANDHRA PRADESH,Sri Sathya Sai,4701,GANDLAPENTA,196000,KURUMAMIDI,0.12951436973084712,4,area_weighted,
2022-07-10,ANDHRA PRADESH,Sri Sathya Sai,4701,GANDLAPENTA,196001,MADDIVARIGONDI,0.0,2,area_weighted,
2022-07-10,ANDHRA PRADESH,Sri Sathya Sai,4701,GANDLAPENTA,196002,MALAMEEDAPALLI,0.011527816537199646,5,area_weighted,
2022-07-10,ANDHRA PRADESH,Sri Sathya Sai,4701,GANDLAPENTA,196003,SOMAYAJULAPALLI,0.0,1,direct_grid,
2022-07-10,ANDHRA PRADESH,Sri Sathya Sai,4701,GANDLAPENTA,296313,T. Pedda Thanda,0.0,1,direct_grid,
2022-07-10,ANDHRA PRADESH,Sri Sathya Sai,4701,GANDLAPENTA,196006,VEPARALA,0.10216310620307922,1,direct_grid,
2022-07-10,ANDHRA PRADESH,Sri Sathya Sai,4704,GORANTLA,196048,BUDILI,0.33256952464580536,2,direct_grid,
2022-07-10,ANDHRA PRADESH,Sri Sathya Sai,4704,GORANTLA,196049,GANGAMPALLI,0.2972505986690521,1,direct_grid,
2022-07-10,ANDHRA PRADESH,Sri Sathya Sai,4704,GORANTLA,196050,GORANTLA,0.5461974471656065,4,area_weighted,
2022-07-10,ANDHRA PRADESH,Sri Sathya Sai,4704,GORANTLA,196051,GOWNIVARIPALLI,0.040306150913238525,1,direct_grid,
2022-07-10,ANDHRA PRADESH,Sri Sathya Sai,4704,GORANTLA,296311,Gaddam Thanda,0.8423861265182495,1,direct_grid,
2022-07-10,ANDHRA PRADESH,Sri Sathya Sai,4704,GORANTLA,196052,KAMMAVARIPALLI,0.6074153184890747,1,direct_grid,
2022-07-10,ANDHRA PRADESH,Sri Sathya Sai,4704,GORANTLA,196055,MALLAPALLI,0.8346073627471924,1,direct_grid,
2022-07-10,ANDHRA PRADESH,Sri Sathya Sai,4704,GORANTLA,196056,MANDALAPALLI,0.414101779460907,1,direct_grid,
2022-07-10,ANDHRA PRADESH,Sri Sathya Sai,4704,GORANTLA,196058,PALASAMUDRAM,0.49298067513891175,4,area_weighted,
2022-07-10,ANDHRA PRADESH,Sri Sathya Sai,4704,GORANTLA,196059,PULERU,0.15754997730255127,1,direct_grid,
2022-07-10,ANDHRA PRADESH,Sri Sathya Sai,4704,GORANTLA,196061,VADIGEPALLI,0.2514064311981201,1,direct_grid,
2022-07-10,ANDHRA PRADESH,Sri Sathya Sai,4704,GORANTLA,196062,VANAVOLU,0.33886119829001055,6,area_weighted,
2022-07-10,ANDHRA PRADESH,Sri Sathya Sai,4704,GORANTLA,196063,VENKATARAMANAPALLI,0.15754997730255127,1,area_weighted,
2022-07-10,ANDHRA PRADESH,Sri Sathya Sai,4705,GUDIBANDA,196064,CHIGATHURPI,2.4181888103485107,1,direct_grid,
2022-07-10,ANDHRA PRADESH,Sri Sathya Sai,4705,GUDIBANDA,296308,Chinna Cholagiri,1.0059274435043335,1,direct_grid,
2022-07-10,ANDHRA PRADESH,Sri Sathya Sai,4705,GUDIBANDA,296305,Devarahatti,1.3602539896965027,2,direct_grid,
2022-07-10,ANDHRA PRADESH,Sri Sathya Sai,4705,GUDIBANDA,196066,GUNEMORUBAGAL,1.673707365989685,1,direct_grid,
2022-07-10,ANDHRA PRADESH,Sri Sathya Sai,4705,GUDIBANDA,196067,JAMBULABANDA,2.295912027359009,1,direct_grid,
2022-07-10,ANDHRA PRADESH,Sri Sathya Sai,4705,GUDIBANDA,196068,KARIKERA,1.8414094460774026,4,area_weighted,
2022-07-10,ANDHRA PRADESH,Sri Sathya Sai,4705,GUDIBANDA,196069,KONKALLU,0.9837120771408081,1,direct_grid,
2022-07-10,ANDHRA PRADESH,Sri Sathya Sai,4705,GUDIBANDA,196070,KUMBARANAGEHALLI,2.4181888103485107,1,area_weighted,
2022-07-10,ANDHRA PRADESH,Sri Sathya Sai,4705,GUDIBANDA,196072,MORUBAGAL,2.504459163800106,6,area_weighted,
2022-07-10,ANDHRA PRADESH,Sri Sathya Sai,4705,GUDIBANDA,196073,MUTHUKUR,1.5273353075436338,3,area_weighted,
2022-07-10,ANDHRA PRADESH,Sri Sathya Sai,4705,GUDIBANDA,196074,RALLAHALLI,2.354641914367676,1,direct_grid,
2022-07-10,ANDHRA PRADESH,Sri Sathya Sai,4705,GUDIBANDA,196075,S.RAYAPURAM,1.2390531082644487,2,area_weighted,
2022-07-10,ANDHRA PRADESH,Sri Sathya Sai,4708,HINDUPUR,196115,BALAMPALLI,0.29143577814102173,1,direct_grid,
2022-07-10,ANDHRA PRADESH,Sri Sathya Sai,4708,HINDUPUR,196116,BEEREPALLI,0.271790474653244,1,direct_grid,
2022-07-10,ANDHRA PRADESH,Sri Sathya Sai,4708,HINDUPUR,196117,BEVINA HALLI,0.8780452813629871,4,area_weighted,
2022-07-10,ANDHRA PRADESH,Sri Sathya Sai,4708,HINDUPUR,196119,CHOWLUR,0.884798693692826,2,area_weighted,
2022-07-10,ANDHRA PRADESH,Sri Sathya Sai,4708,HINDUPUR,196120,GOLLAPURAM,1.0249862943633212,4,area_weighted,
2022-07-10,ANDHRA PRADESH,Sri Sathya Sai,4708,HINDUPUR,196121,KAGGALLU,0.5176974224222374,4,area_weighted,
2022-07-10,ANDHRA PRADESH,Sri Sathya Sai,4708,HINDUPUR,196122,KIRIKERA,1.2893460988998413,1,direct_grid,
2022-07-10,ANDHRA PRADESH,Sri Sathya Sai,4708,HINDUPUR,196123,KOTIPI,1.1640552856260613,4,area_weighted,
2022-07-10,ANDHRA PRADESH,Sri Sathya Sai,4708,HINDUPUR,196125,MANESAMUDRAM,0.27352888905731,4,area_weighted,
2022-07-10,ANDHRA PRADESH,Sri Sathya Sai,4708,HINDUPUR,196127,SANTHEBIDANUR,1.0237660406721838,4,area_weighted,
2022-07-10,ANDHRA PRADESH,Sri Sathya Sai,4708,HINDUPUR,196128,THUMUKUNTA,1.1479062150831285,2,area_weighted,
2022-07-10,ANDHRA PRADESH,Sri Sathya Sai,4709,KADIRI,196129,BURUGA PALLI,0.0,1,direct_grid,
2022-07-10,ANDHRA PRADESH,Sri Sathya Sai,4709,KADIRI,196130,CHALAMAKUNTLA PALLI,0.0,4,area_weighted,
2022-07-10,ANDHRA PRADESH,Sri Sathya Sai,4709,KADIRI,196131,EGUVAPALLI,0.0,4,area_weighted,
2022-07-10,ANDHRA PRADESH,Sri Sathya Sai,4709,KADIRI,196132,KADIRI BRAMHANA PALLI,0.0,4,area_weighted,
2022-07-10,ANDHRA PRADESH,Sri Sathya Sai,4709,KADIRI,196133,KADIRIKUNTLA PALLI,0.0,3,area_weighted,
2022-07-10,ANDHRA PRADESH,Sri Sathya Sai,4709,KADIRI,196134,KALASAMUDRAM,0.05256272852420807,1,direct_grid,
2022-07-10,ANDHRA PRADESH,Sri Sathya Sai,4709,KADIRI,196137,MOTUKUPALLI,0.0,4,area_weighted,
2022-07-10,ANDHRA PRADESH,Sri Sathya Sai,4709,KADIRI,196139,PATNAM,0.1904009031309612,7,area_weighted,
2022-07-10,ANDHRA PRADESH,Sri Sathya Sai,4709,KADIRI,196140,YERRADODDI,0.0,2,direct_grid,
2022-07-10,ANDHRA PRADESH,Sri Sathya Sai,4712,KANAGANAPALLE,196169,BHADRAPURAM,0.43446761969163356,4,area_weighted,
2022-07-10,ANDHRA PRADESH,Sri Sathya Sai,4712,KANAGANAPALLE,196170,BHANUKOTA,0.41656018793582916,2,direct_grid,
2022-07-10,ANDHRA PRADESH,Sri Sathya Sai,4712,KANAGANAPALLE,196171,DADULUR,0.5174201726913452,1,direct_grid,
2022-07-10,ANDHRA PRADESH,Sri Sathya Sai,4712,KANAGANAPALLE,196173,KANAGANAPALLI,0.3796745141347249,3,direct_grid,
2022-07-10,ANDHRA PRADESH,Sri Sathya Sai,4712,KANAGANAPALLE,196175,KONDAPALLI,0.004903935361653566,3,direct_grid,
2022-07-10,ANDHRA PRADESH,Sri Sathya Sai,4712,KANAGANAPALLE,196176,KONETINAYANIPALYAM,0.5512582063674927,1,direct_grid,
2022-07-10,ANDHRA PRADESH,Sri Sathya Sai,4712,KANAGANAPALLE,196178,MAMILLAPALLI,0.26116207242012024,1,direct_grid,
2022-07-10,ANDHRA PRADESH,Sri Sathya Sai,4712,KANAGANAPALLE,196180,MUTHAVAKUNTLA,0.5821155905723572,1,direct_grid,
2022-07-10,ANDHRA PRADESH,Sri Sathya Sai,4712,KANAGANAPALLE,196181,NARASAMPALLI,0.5408060550689697,1,direct_grid,
2022-07-10,ANDHRA PRADESH,Sri Sathya Sai,4712,KANAGANAPALLE,196182,PATHAPALYAM,0.18672901042737067,2,direct_grid,
2022-07-10,ANDHRA PRADESH,Sri Sathya Sai,4714,KOTHACHERUVU,196204,BANDLAPALLI,0.6194784921470596,4,area_weighted,
2022-07-10,ANDHRA PRADESH,Sri Sathya Sai,4714,KOTHACHERUVU,196205,BYRAPURAM,0.5371312842870893,4,area_weighted,
2022-07-10,ANDHRA PRADESH,Sri Sathya Sai,4714,KOTHACHERUVU,196206,IRAGAMPALLI,0.1326635479927063,1,direct_grid,
2022-07-10,ANDHRA PRADESH,Sri Sathya Sai,4714,KOTHACHERUVU,196207,K.LOCHERLA,0.3004791774398069,2,area_weighted,
2022-07-10,ANDHRA PRADESH,Sri Sathya Sai,4714,KOTHACHERUVU,196208,K.NAGIREDDY PALLI,0.1714023826068723,4,area_weighted,
2022-07-10,ANDHRA PRADESH,Sri Sathya Sai,4714,KOTHACHERUVU,196209,KESAPURAM,0.1082369642757554,4,area_weighted,
2022-07-10,ANDHRA PRADESH,Sri Sathya Sai,4714,KOTHACHERUVU,196210,KODAPAGANIPALLI,0.0,1,direct_grid,
2022-07-10,ANDHRA PRADESH,Sri Sathya Sai,4714,KOTHACHERUVU,196212,LINGAREDDYPALLI,0.19776835656370662,2,area_weighted,
2022-07-10,ANDHRA PRADESH,Sri Sathya Sai,4714,KOTHACHERUVU,196213,MIRZAPURAM,0.4980617165565491,1,direct_grid,
2022-07-10,ANDHRA PRADESH,Sri Sathya Sai,4714,KOTHACHERUVU,196214,MYLASAMUDRAM,0.1936960895507453,2,area_weighted,
2022-07-10,ANDHRA PRADESH,Sri Sathya Sai,4714,KOTHACHERUVU,196215,NAREPALLI,0.16350230096336066,2,area_weighted,
2022-07-10,ANDHRA PRADESH,Sri Sathya Sai,4714,KOTHACHERUVU,196216,POTHULAKUNTA,0.5768241286277771,1,direct_grid,
2022-07-10,ANDHRA PRADESH,Sri Sathya Sai,4714,KOTHACHERUVU,196218,THIRUMALADEVARAPALLI,0.08616834625230371,4,area_weighted,
2022-07-10,ANDHRA PRADESH,Sri Sathya Sai,4717,LEPAKSHI,196246,BISALAMANE PALLI,0.6208497332769345,3,area_weighted,
2022-07-10,ANDHRA PRADESH,Sri Sathya Sai,4717,LEPAKSHI,196248,KALLUR,0.41596442461013794,1,direct_grid,
2022-07-10,ANDHRA PRADESH,Sri Sathya Sai,4717,LEPAKSHI,196249,KANCHISAMUDRAM,0.6550246003562674,4,area_weighted,
2022-07-10,ANDHRA PRADESH,Sri Sathya Sai,4717,LEPAKSHI,196250,KODIHALLI,0.6743211150169373,1,direct_grid,
2022-07-10,ANDHRA PRADESH,Sri Sathya Sai,4717,LEPAKSHI,196251,KONDUR,0.35853123664855957,1,direct_grid,
2022-07-10,ANDHRA PRADESH,Sri Sathya Sai,4717,LEPAKSHI,196252,LEPAKSHI,0.5580157041549683,1,direct_grid,
2022-07-10,ANDHRA PRADESH,Sri Sathya Sai,4717,LEPAKSHI,196253,MANEPALLI,1.0729581117630005,1,direct_grid,
2022-07-10,ANDHRA PRADESH,Sri Sathya Sai,4717,LEPAKSHI,196254,MYDUGOLAM,0.8156198720500396,2,area_weighted,
2022-07-10,ANDHRA PRADESH,Sri Sathya Sai,4717,LEPAKSHI,196256,PULAMATHI,0.7514674099601091,3,area_weighted,
2022-07-10,ANDHRA PRADESH,Sri Sathya Sai,4717,LEPAKSHI,196257,SIRIVARAM,0.9039906244454012,4,area_weighted,
2022-07-10,ANDHRA PRADESH,Sri Sathya Sai,4718,MADAKASIRA,196258,AMIDALAGONDI,2.6472597122192383,1,direct_grid,
2022-07-10,ANDHRA PRADESH,Sri Sathya Sai,4718,MADAKASIRA,196259,BULLASAMUDRAM,1.029059042786961,4,area_weighted,
2022-07-10,ANDHRA PRADESH,Sri Sathya Sai,4718,MADAKASIRA,196260,C.KODIGEPALLE,0.7083121538162231,1,direct_grid,
2022-07-10,ANDHRA PRADESH,Sri Sathya Sai,4718,MADAKASIRA,196261,CHANDAKACHERLA,1.9520491361618042,1,direct_grid,
2022-07-10,ANDHRA PRADESH,Sri Sathya Sai,4718,MADAKASIRA,196262,CHATRAM,1.1804660040693746,2,area_weighted,
2022-07-10,ANDHRA PRADESH,Sri Sathya Sai,4718,MADAKASIRA,196263,GANGALAVAI PALYAM,1.0764755010604858,1,direct_grid,
2022-07-10,ANDHRA PRADESH,Sri Sathya Sai,4718,MADAKASIRA,196265,GOWDANAHALLI,1.4128419762140283,4,area_weighted,
2022-07-10,ANDHRA PRADESH,Sri Sathya Sai,4718,MADAKASIRA,196266,HARESAMUDRAM,1.0142158269882202,1,direct_grid,
2022-07-10,ANDHRA PRADESH,Sri Sathya Sai,4718,MADAKASIRA,257936,K GUNDAMALA,1.4226943254470825,1,direct_grid,
2022-07-10,ANDHRA PRADESH,Sri Sathya Sai,4718,MADAKASIRA,196267,KALLUMARRI,0.8360061645507812,1,direct_grid,
2022-07-10,ANDHRA PRADESH,Sri Sathya Sai,4718,MADAKASIRA,196268,MANUR,0.8227649927139282,1,direct_grid,
2022-07-10,ANDHRA PRADESH,Sri Sathya Sai,4718,MADAKASIRA,196270,R.ANANTAPURAM,1.0003666877746582,1,direct_grid,
2022-07-10,ANDHRA PRADESH,Sri Sathya Sai,4718,MADAKASIRA,196271,YERRABOMMANAHALLI,1.3565279245376587,1,direct_grid,
2022-07-10,ANDHRA PRADESH,Sri Sathya Sai,4719,MUDIGUBBA,289569,ADAVI BHRAMANAPALLI THANDA,0.41021648049354553,1,direct_grid,
2022-07-10,ANDHRA PRADESH,Sri Sathya Sai,4719,MUDIGUBBA,196275,EDULAPALLI,0.004903935361653566,1,direct_grid,
2022-07-10,ANDHRA PRADESH,Sri Sathya Sai,4719,MUDIGUBBA,196280,KONDAGATTUPALLI,0.19975540538628894,3,direct_grid,
2022-07-10,ANDHRA PRADESH,Sri Sathya Sai,4719,MUDIGUBBA,196281,MALAKAVEMULA,0.5621656775474548,1,direct_grid,
2022-07-10,ANDHRA PRADESH,Sri Sathya Sai,4719,MUDIGUBBA,196282,MALLEPALLI,0.31893980503082275,1,direct_grid,
2022-07-10,ANDHRA PRADESH,Sri Sathya Sai,4719,MUDIGUBBA,196283,MANGALAMADAKA,0.8186585903167725,1,direct_grid,
2022-07-10,ANDHRA PRADESH,Sri Sathya Sai,4719,MUDIGUBBA,196284,MARTHADU,0.4427924156188965,1,direct_grid,
2022-07-10,ANDHRA PRADESH,Sri Sathya Sai,4719,MUDIGUBBA,196286,MUKTHAPURAM,0.8528099656105042,1,direct_grid,
2022-07-10,ANDHRA PRADESH,Sri Sathya Sai,4719,MUDIGUBBA,196287,P.C.REVU,0.3299650089274109,2,area_weighted,
2022-07-10,ANDHRA PRADESH,Sri Sathya Sai,4719,MUDIGUBBA,196289,SANEVARIPALLI,0.4105879068374634,1,direct_grid,
2022-07-10,ANDHRA PRADESH,Sri Sathya Sai,4719,MUDIGUBBA,196290,SANKEPALLI,0.6316271424293518,1,direct_grid,
2022-07-10,ANDHRA PRADESH,Sri Sathya Sai,4719,MUDIGUBBA,196292,UPPALAPADU,0.6645935475826263,2,direct_grid,
2022-07-10,ANDHRA PRADESH,Sri Sathya Sai,4720,NALLACHERUVU,196293,ALLUGUNDU,0.0,3,area_weighted,
2022-07-10,ANDHRA PRADESH,Sri Sathya Sai,4720,NALLACHERUVU,289574,BALEPALLI THANDA,0.023806454309000958,5,area_weighted,
2022-07-10,ANDHRA PRADESH,Sri Sathya Sai,4720,NALLACHERUVU,196295,KADIRIPULAKUNTA,0.16408152878284454,1,direct_grid,
2022-07-10,ANDHRA PRADESH,Sri Sathya Sai,4720,NALLACHERUVU,196296,M.AGRAHARAM(S.M.PALLI),0.06356855736535955,4,area_weighted,
2022-07-10,ANDHRA PRADESH,Sri Sathya Sai,4720,NALLACHERUVU,196297,MADDIMADUGU,0.14774642233885008,2,area_weighted,
2022-07-10,ANDHRA PRADESH,Sri Sathya Sai,4720,NALLACHERUVU,196298,NALLACHERUVU,0.08828826248645782,1,direct_grid,
2022-07-10,ANDHRA PRADESH,Sri Sathya Sai,4720,NALLACHERUVU,196299,ORAVOY,0.02160417522763149,4,area_weighted,
2022-07-10,ANDHRA PRADESH,Sri Sathya Sai,4720,NALLACHERUVU,196301,PANTHULACHERUVU,0.0,1,direct_grid,
2022-07-10,ANDHRA PRADESH,Sri Sathya Sai,4720,NALLACHERUVU,196302,TALAMARLAVANDLAPALLI,0.0,1,direct_grid,
2022-07-10,ANDHRA PRADESH,Sri Sathya Sai,4720,NALLACHERUVU,196303,TAVALAMARRI,0.07519742203183905,4,area_weighted,
2022-07-10,ANDHRA PRADESH,Sri Sathya Sai,4720,NALLACHERUVU,196304,UBICHERLA,0.18675778893791287,2,area_weighted,
2022-07-10,ANDHRA PRADESH,Sri Sathya Sai,4721,NALLAMADA,196305,CHARUPALLI,0.12799161847294777,4,area_weighted,
2022-07-10,ANDHRA PRADESH,Sri Sathya Sai,4721,NALLAMADA,196306,DONNIKOTA,0.11258460581302643,1,direct_grid,
2022-07-10,ANDHRA PRADESH,Sri Sathya Sai,4721,NALLAMADA,196307,GOPEPALLI,0.5795173645019531,1,direct_grid,
2022-07-10,ANDHRA PRADESH,Sri Sathya Sai,4721,NALLAMADA,289572,KONDAKINDA THANDA,0.685760228548669,3,area_weighted,
2022-07-10,ANDHRA PRADESH,Sri Sathya Sai,4721,NALLAMADA,196308,KURUMALA,0.3879718482494354,1,direct_grid,
2022-07-10,ANDHRA PRADESH,Sri Sathya Sai,4721,NALLAMADA,196310,NALLAMADA,0.3822350806615114,6,area_weighted,
2022-07-10,ANDHRA PRADESH,Sri Sathya Sai,4721,NALLAMADA,196311,PATHABATHALAPALLI,0.2095971256494522,1,direct_grid,
2022-07-10,ANDHRA PRADESH,Sri Sathya Sai,4721,NALLAMADA,196312,PULAGAMPALLI,0.10649247695828704,4,area_weighted,
2022-07-10,ANDHRA PRADESH,Sri Sathya Sai,4721,NALLAMADA,196314,VANKARAKUNTA,0.8569195866584778,1,direct_grid,
2022-07-10,ANDHRA PRADESH,Sri Sathya Sai,4722,NAMBULAPULIKUNTA,196317,BALIJA PALLI,0.0,1,direct_grid,
2022-07-10,ANDHRA PRADESH,Sri Sathya Sai,4722,NAMBULAPULIKUNTA,196318,DHANIYANICHERUVU,0.2677101492881775,1,direct_grid,
2022-07-10,ANDHRA PRADESH,Sri Sathya Sai,4722,NAMBULAPULIKUNTA,196320,EDURUDONA,0.04618726670742035,1,direct_grid,
2022-07-10,ANDHRA PRADESH,Sri Sathya Sai,4722,NAMBULAPULIKUNTA,196323,MEKALACHERUVU,0.0,1,direct_grid,
2022-07-10,ANDHRA PRADESH,Sri Sathya Sai,4722,NAMBULAPULIKUNTA,196325,P.KOTHAPALLI,0.1256745308637619,1,area_weighted,
2022-07-10,ANDHRA PRADESH,Sri Sathya Sai,4722,NAMBULAPULIKUNTA,296300,Timmammamarimanu,0.09919157944031659,4,area_weighted,
2022-07-10,ANDHRA PRADESH,Sri Sathya Sai,4722,NAMBULAPULIKUNTA,196328,VELICHELIMALA,0.37253499031066895,1,direct_grid,
2022-07-10,ANDHRA PRADESH,Sri Sathya Sai,4724,OBULADEVARECHERUVU,196347,ALLAPALLI,0.33794456720352173,1,direct_grid,
2022-07-10,ANDHRA PRADESH,Sri Sathya Sai,4724,OBULADEVARECHERUVU,196349,DABURUVARIPALLI,0.1631021499633789,1,direct_grid,
2022-07-10,ANDHRA PRADESH,Sri Sathya Sai,4724,OBULADEVARECHERUVU,196350,INAGALUR,0.11665411293506622,1,direct_grid,
2022-07-10,ANDHRA PRADESH,Sri Sathya Sai,4724,OBULADEVARECHERUVU,196351,KONDAKAMARLA,0.1978021115064621,1,direct_grid,
2022-07-10,ANDHRA PRADESH,Sri Sathya Sai,4724,OBULADEVARECHERUVU,196354,OBULADEVARA CHERUVU,0.44020935893058777,1,direct_grid,
2022-07-10,ANDHRA PRADESH,Sri Sathya Sai,4724,OBULADEVARECHERUVU,196355,SUNNAMPALLI,0.3751412034034729,1,direct_grid,
2022-07-10,ANDHRA PRADESH,Sri Sathya Sai,4724,OBULADEVARECHERUVU,196356,THANGEDUKUNTA,0.06374344229698181,2,direct_grid,
2022-07-10,ANDHRA PRADESH,Sri Sathya Sai,4724,OBULADEVARECHERUVU,196357,THIPPEPALLI,0.29405689239501953,1,direct_grid,
2022-07-10,ANDHRA PRADESH,Sri Sathya Sai,4724,OBULADEVARECHERUVU,196358,THUMMALAKUNTLAPALLI,0.23730636249282833,3,area_weighted,
2022-07-10,ANDHRA PRADESH,Sri Sathya Sai,4724,OBULADEVARECHERUVU,196359,VENKATAPURAM,0.27666425704956055,1,direct_grid,
2022-07-10,ANDHRA PRADESH,Sri Sathya Sai,4726,PARIGI,196378,BEECHIGANIPALLI,0.0,1,direct_grid,
2022-07-10,ANDHRA PRADESH,Sri Sathya Sai,4726,PARIGI,196379,HONNAMPALLI,0.5387103253402004,2,area_weighted,
2022-07-10,ANDHRA PRADESH,Sri Sathya Sai,4726,PARIGI,196380,KODIGENAHALLI,0.5080052344822639,4,area_weighted,
2022-07-10,ANDHRA PRADESH,Sri Sathya Sai,4726,PARIGI,196381,MODA,0.5952425003051758,1,direct_grid,
2022-07-10,ANDHRA PRADESH,Sri Sathya Sai,4726,PARIGI,196382,P.NARASAPURAM,0.4816845875514577,4,area_weighted,
2022-07-10,ANDHRA PRADESH,Sri Sathya Sai,4726,PARIGI,196383,PARIGI,0.4638996124267578,1,direct_grid,
2022-07-10,ANDHRA PRADESH,Sri Sathya Sai,4726,PARIGI,196384,PYDETI,0.43108612298965454,1,direct_grid,
2022-07-10,ANDHRA PRADESH,Sri Sathya Sai,4726,PARIGI,196385,SASANAKOTA,0.19123844900260017,2,area_weighted,
2022-07-10,ANDHRA PRADESH,Sri Sathya Sai,4726,PARIGI,196386,SEEGIPALLI,0.17767554616978334,2,area_weighted,
2022-07-10,ANDHRA PRADESH,Sri Sathya Sai,4726,PARIGI,196387,SIREKOLAM,0.5657919201701042,3,area_weighted,
2022-07-10,ANDHRA PRADESH,Sri Sathya Sai,4726,PARIGI,196389,UTAKUR,0.07542446255683899,1,direct_grid,
2022-07-10,ANDHRA PRADESH,Sri Sathya Sai,4726,PARIGI,196390,VITTAPALLI,0.4143537479014295,4,area_weighted,
2022-07-10,ANDHRA PRADESH,Sri Sathya Sai,4726,PARIGI,196391,YERRAGUNTA,0.2250411347973998,3,area_weighted,
2022-07-10,ANDHRA PRADESH,Sri Sathya Sai,4729,PENUKONDA,196437,ADADAKULAPALLI,0.43795591592788696,1,direct_grid,
2022-07-10,ANDHRA PRADESH,Sri Sathya Sai,4729,PENUKONDA,196438,DUDDEBANDA,0.8038251996040344,2,direct_grid,
2022-07-10,ANDHRA PRADESH,Sri Sathya Sai,4729,PENUKONDA,196439,ERRAMANCHI,0.7874612820520341,4,area_weighted,
2022-07-10,ANDHRA PRADESH,Sri Sathya Sai,4729,PENUKONDA,196440,GONIPETA,0.7355016397079202,2,area_weighted,
2022-07-10,ANDHRA PRADESH,Sri Sathya Sai,4729,PENUKONDA,196441,GUTTURU,0.7846853154545373,6,area_weighted,
2022-07-10,ANDHRA PRADESH,Sri Sathya Sai,4729,PENUKONDA,196443,MAVATURU,0.10923267395029675,3,area_weighted,
2022-07-10,ANDHRA PRADESH,Sri Sathya Sai,4729,PENUKONDA,196444,MUNIMADUGU,0.7521723210811615,2,direct_grid,
2022-07-10,ANDHRA PRADESH,Sri Sathya Sai,4729,PENUKONDA,196445,NAGALURU,0.2179229322131772,4,area_weighted,
2022-07-10,ANDHRA PRADESH,Sri Sathya Sai,4729,PENUKONDA,196447,RAMPURAM,0.7612069845199585,1,direct_grid,
2022-07-10,ANDHRA PRADESH,Sri Sathya Sai,4729,PENUKONDA,196448,SETTIPALLI,0.6196381449699402,1,direct_grid,
2022-07-10,ANDHRA PRADESH,Sri Sathya Sai,4731,PUTTAPARTHI,196474,AMAGONDAPALEM,0.10567987337708473,4,direct_grid,
2022-07-10,ANDHRA PRADESH,Sri Sathya Sai,4731,PUTTAPARTHI,196475,CHERLOPALLI,0.21409429609775543,2,direct_grid,
2022-07-10,ANDHRA PRADESH,Sri Sathya Sai,4731,PUTTAPARTHI,196477,ERAGARAJUPALLI,0.4452235847711563,2,direct_grid,
2022-07-10,ANDHRA PRADESH,Sri Sathya Sai,4731,PUTTAPARTHI,196478,JAGARAJUPALLI,0.36613613854392457,3,area_weighted,
2022-07-10,ANDHRA PRADESH,Sri Sathya Sai,4731,PUTTAPARTHI,196479,KAPPALA BANDA,0.2783771753311157,1,direct_grid,
2022-07-10,ANDHRA PRADESH,Sri Sathya Sai,4731,PUTTAPARTHI,196481,NIDIMAMIDI,0.6440326571464539,1,direct_grid,
2022-07-10,ANDHRA PRADESH,Sri Sathya Sai,4731,PUTTAPARTHI,196483,PEDABALLI,0.2340160310268402,1,direct_grid,
2022-07-10,ANDHRA PRADESH,Sri Sathya Sai,4732,RAMAGIRI,196487,GANTHIMARRI,0.7365662458824169,5,area_weighted,
2022-07-10,ANDHRA PRADESH,Sri Sathya Sai,4732,RAMAGIRI,196488,KONDAPURAM,0.4890907038656693,6,area_weighted,
2022-07-10,ANDHRA PRADESH,Sri Sathya Sai,4732,RAMAGIRI,196489,KUNTIMADDI,0.7797170281410217,2,direct_grid,
2022-07-10,ANDHRA PRADESH,Sri Sathya Sai,4732,RAMAGIRI,196490,MADAPURAM,0.5874202450116475,3,direct_grid,
2022-07-10,ANDHRA PRADESH,Sri Sathya Sai,4732,RAMAGIRI,196491,MOTORCHINTALAPALLI,0.36848968267440796,1,direct_grid,
2022-07-10,ANDHRA PRADESH,Sri Sathya Sai,4732,RAMAGIRI,196493,PERUR,0.5333285927772522,1,direct_grid,
2022-07-10,ANDHRA PRADESH,Sri Sathya Sai,4732,RAMAGIRI,196494,POLEPALLI,0.824303150177002,1,direct_grid,
2022-07-10,ANDHRA PRADESH,Sri Sathya Sai,4732,RAMAGIRI,196495,RAMAGIRI,0.6247468590736389,3,direct_grid,
2022-07-10,ANDHRA PRADESH,Sri Sathya Sai,4735,RODDAM,196531,BOKKASAMPALLI,0.5384910702705383,1,direct_grid,
2022-07-10,ANDHRA PRADESH,Sri Sathya Sai,4735,RODDAM,196532,BUCHARLA,0.47230011224746704,1,direct_grid,
2022-07-10,ANDHRA PRADESH,Sri Sathya Sai,4735,RODDAM,196533,CHERUKUR,1.0614097118377686,1,direct_grid,
2022-07-10,ANDHRA PRADESH,Sri Sathya Sai,4735,RODDAM,196534,CHINNAMANTHUR,0.66162370803141,4,area_weighted,
2022-07-10,ANDHRA PRADESH,Sri Sathya Sai,4735,RODDAM,196535,CHOLEMARRI,0.2506143912098825,5,area_weighted,
2022-07-10,ANDHRA PRADESH,Sri Sathya Sai,4735,RODDAM,196536,DODAGATTA,0.9687404829558184,4,area_weighted,
2022-07-10,ANDHRA PRADESH,Sri Sathya Sai,4735,RODDAM,196537,KALIPI,0.4421370380466886,4,area_weighted,
2022-07-10,ANDHRA PRADESH,Sri Sathya Sai,4735,RODDAM,196538,KAMBALAPALLI,0.44441939890384674,2,direct_grid,
2022-07-10,ANDHRA PRADESH,Sri Sathya Sai,4735,RODDAM,196540,M.KOTHAPALLI,0.5581461191177368,1,direct_grid,
2022-07-10,ANDHRA PRADESH,Sri Sathya Sai,4735,RODDAM,196541,NALLURU,0.43987149000167847,1,direct_grid,
2022-07-10,ANDHRA PRADESH,Sri Sathya Sai,4735,RODDAM,196542,NARANAGEPALLI,0.4930749912490154,5,area_weighted,
2022-07-10,ANDHRA PRADESH,Sri Sathya Sai,4735,RODDAM,196543,PEDDAMANTHURU,0.5449432730674744,1,direct_grid,
2022-07-10,ANDHRA PRADESH,Sri Sathya Sai,4735,RODDAM,196544,R.LOCHARLA,0.3603543001133888,4,area_weighted,
2022-07-10,ANDHRA PRADESH,Sri Sathya Sai,4735,RODDAM,196545,REDDIPALLI,0.8621124625205994,2,direct_grid,
2022-07-10,ANDHRA PRADESH,Sri Sathya Sai,4735,RODDAM,196546,RODDAM,0.5158375054597855,2,direct_grid,
2022-07-10,ANDHRA PRADESH,Sri Sathya Sai,4735,RODDAM,196547,SANIPALLI,0.0,1,direct_grid,
2022-07-10,ANDHRA PRADESH,Sri Sathya Sai,4735,RODDAM,196549,THURAKALAPATNAM,0.059871189296245575,1,direct_grid,
2022-07-10,ANDHRA PRADESH,Sri Sathya Sai,4736,ROLLA,196550,BOMMAGUNDANAHALLI,1.1942133903503418,1,direct_grid,
2022-07-10,ANDHRA PRADESH,Sri Sathya Sai,4736,ROLLA,196551,DODDERI,0.3820300920041033,4,area_weighted,
2022-07-10,ANDHRA PRADESH,Sri Sathya Sai,4736,ROLLA,196552,GUDDUGURIKI,0.5398195385932922,1,direct_grid,
2022-07-10,ANDHRA PRADESH,Sri Sathya Sai,4736,ROLLA,257952,HALLIKUNTA,0.8822739124298096,1,direct_grid,
2022-07-10,ANDHRA PRADESH,Sri Sathya Sai,4736,ROLLA,196553,KAKI,0.255814764124746,4,area_weighted,
2022-07-10,ANDHRA PRADESH,Sri Sathya Sai,4736,ROLLA,196554,M.RAYAPURAM,1.181031991094529,4,area_weighted,
2022-07-10,ANDHRA PRADESH,Sri Sathya Sai,4736,ROLLA,196556,ROLLA,0.9675007412625289,2,area_weighted,
2022-07-10,ANDHRA PRADESH,Sri Sathya Sai,4739,SOMANDEPALLE,196591,BRAHMANAPALLI,0.33193501696800126,2,area_weighted,
2022-07-10,ANDHRA PRADESH,Sri Sathya Sai,4739,SOMANDEPALLE,196592,BRAHMASAMUDRAM,0.08306976679651869,2,area_weighted,
2022-07-10,ANDHRA PRADESH,Sri Sathya Sai,4739,SOMANDEPALLE,196593,CHALAKUR,0.2499070018529892,1,direct_grid,
2022-07-10,ANDHRA PRADESH,Sri Sathya Sai,4739,SOMANDEPALLE,196594,CHALLAPALLI,0.3664664924144745,1,direct_grid,
2022-07-10,ANDHRA PRADESH,Sri Sathya Sai,4739,SOMANDEPALLE,196595,EDULABALAPURAM,0.30567439255578577,3,area_weighted,
2022-07-10,ANDHRA PRADESH,Sri Sathya Sai,4739,SOMANDEPALLE,196596,GUDIPALLI,0.7607685213105669,3,area_weighted,
2022-07-10,ANDHRA PRADESH,Sri Sathya Sai,4739,SOMANDEPALLE,196597,JULUKUNTA,0.28018240309048126,3,area_weighted,
2022-07-10,ANDHRA PRADESH,Sri Sathya Sai,4739,SOMANDEPALLE,196598,KETHAGANICHERUVU,0.25984442860625745,4,area_weighted,
2022-07-10,ANDHRA PRADESH,Sri Sathya Sai,4739,SOMANDEPALLE,196599,MAGECHERUVU,0.4659814399650202,4,area_weighted,
2022-07-10,ANDHRA PRADESH,Sri Sathya Sai,4739,SOMANDEPALLE,196600,MANDLI,0.0,1,direct_grid,
2022-07-10,ANDHRA PRADESH,Sri Sathya Sai,4739,SOMANDEPALLE,196601,NADIMPALLI,0.2778010763297926,3,area_weighted,
2022-07-10,ANDHRA PRADESH,Sri Sathya Sai,4739,SOMANDEPALLE,196602,NAGINAYANICHERUVU,0.7584796420217514,4,area_weighted,
2022-07-10,ANDHRA PRADESH,Sri Sathya Sai,4739,SOMANDEPALLE,196603,PANDIPARTHI,0.37253499031066895,1,direct_grid,
2022-07-10,ANDHRA PRADESH,Sri Sathya Sai,4739,SOMANDEPALLE,196604,SOMANDEPALLI,0.7283810675144196,2,direct_grid,
2022-07-10,ANDHRA PRADESH,Sri Sathya Sai,4739,SOMANDEPALLE,196605,TUNGODU,0.3901008367538452,1,direct_grid,
2022-07-10,ANDHRA PRADESH,Sri Sathya Sai,4739,SOMANDEPALLE,196606,VELIDADAKALA,0.34348408679572295,4,area_weighted,
2022-07-10,ANDHRA PRADESH,Sri Sathya Sai,4740,TADIMARRI,196607,ATMAKUR,0.004903935361653566,1,direct_grid,
2022-07-10,ANDHRA PRADESH,Sri Sathya Sai,4740,TADIMARRI,196608,C.C.REVU,0.004903935361653566,1,direct_grid,
2022-07-10,ANDHRA PRADESH,Sri Sathya Sai,4740,TADIMARRI,196609,CHILLAKONDAIAHPALLI,0.5447508068230531,2,area_weighted,
2022-07-10,ANDHRA PRADESH,Sri Sathya Sai,4740,TADIMARRI,196610,CHILLAVARIPALLI,0.6696791825978546,4,area_weighted,
2022-07-10,ANDHRA PRADESH,Sri Sathya Sai,4740,TADIMARRI,196273,CHINNAKOTLA,0.32247012853622437,1,direct_grid,
2022-07-10,ANDHRA PRADESH,Sri Sathya Sai,4740,TADIMARRI,196611,DADITHOTA,0.6231114864349365,1,direct_grid,
2022-07-10,ANDHRA PRADESH,Sri Sathya Sai,4740,TADIMARRI,196612,EKAPADAMPALLI,0.39189061522483826,1,direct_grid,
2022-07-10,ANDHRA PRADESH,Sri Sathya Sai,4740,TADIMARRI,196613,KUNUKUNTLA,0.5652575483192549,4,area_weighted,
2022-07-10,ANDHRA PRADESH,Sri Sathya Sai,4740,TADIMARRI,196615,NARSIMPALLI,0.19839727878570557,1,direct_grid,
2022-07-10,ANDHRA PRADESH,Sri Sathya Sai,4740,TADIMARRI,196617,PEDDAKOTLA,0.4192167818546295,2,direct_grid,
2022-07-10,ANDHRA PRADESH,Sri Sathya Sai,4740,TADIMARRI,196620,TADIMARRI,0.23975488543510437,1,direct_grid,
2022-07-10,ANDHRA PRADESH,Sri Sathya Sai,4742,TALUPULA,196647,BANDLAPALLI,0.03129800394784199,2,area_weighted,
2022-07-10,ANDHRA PRADESH,Sri Sathya Sai,4742,TALUPULA,196648,BATREPALLI,0.0,1,direct_grid,
2022-07-10,ANDHRA PRADESH,Sri Sathya Sai,4742,TALUPULA,196649,EDULAKUNTAPALLI,0.29891636222600937,2,direct_grid,
2022-07-10,ANDHRA PRADESH,Sri Sathya Sai,4742,TALUPULA,289578,GOLLAPALLI THANDA,0.1621989607810974,1,direct_grid,
2022-07-10,ANDHRA PRADESH,Sri Sathya Sai,4742,TALUPULA,196652,LAKKASAMUDRAM,0.11574916048728161,4,area_weighted,
2022-07-10,ANDHRA PRADESH,Sri Sathya Sai,4742,TALUPULA,196653,NUTHANAKALVA,0.026890889341608257,2,area_weighted,
2022-07-10,ANDHRA PRADESH,Sri Sathya Sai,4742,TALUPULA,196654,OBULAREDDEPALLI,0.19900314509868622,1,direct_grid,
2022-07-10,ANDHRA PRADESH,Sri Sathya Sai,4742,TALUPULA,196659,PULLIGUNDLAPALLI,0.26838680071099275,2,area_weighted,
2022-07-10,ANDHRA PRADESH,Sri Sathya Sai,4742,TALUPULA,196660,TALUPULA,0.0,1,direct_grid,
2022-07-10,ANDHRA PRADESH,Sri Sathya Sai,4742,TALUPULA,196661,UDUMULAKURTHY,0.15929927432988966,5,area_weighted,
2022-07-10,ANDHRA PRADESH,Sri Sathya Sai,4742,TALUPULA,196662,VEPAMANIPETA,0.08566360920667648,1,direct_grid,
2022-07-10,ANDHRA PRADESH,Sri Sathya Sai,4743,TANAKAL,196663,BALASAMUDRAM,5.799054479067926e-05,3,area_weighted,
2022-07-10,ANDHRA PRADESH,Sri Sathya Sai,4743,TANAKAL,196665,CHEEKATIMANI PALLI,0.19154157489538193,2,direct_grid,
2022-07-10,ANDHRA PRADESH,Sri Sathya Sai,4743,TANAKAL,196666,CHINNARAMANNAGARIPALLI,0.0,2,area_weighted,
2022-07-10,ANDHRA PRADESH,Sri Sathya Sai,4743,TANAKAL,196667,D.THOTTIPALLI,0.018995627760887146,1,direct_grid,
2022-07-10,ANDHRA PRADESH,Sri Sathya Sai,4743,TANAKAL,196668,DIGUVACHAKKAVARIPALLI,0.0,6,area_weighted,
2022-07-10,ANDHRA PRADESH,Sri Sathya Sai,4743,TANAKAL,196669,ETHODU,0.0,1,direct_grid,
2022-07-10,ANDHRA PRADESH,Sri Sathya Sai,4743,TANAKAL,196673,KOTAPALLI,0.0417768133040808,4,area_weighted,
2022-07-10,ANDHRA PRADESH,Sri Sathya Sai,4743,TANAKAL,196674,MALLIREDDIPALLI,0.2258244901895523,1,direct_grid,
2022-07-10,ANDHRA PRADESH,Sri Sathya Sai,4743,TANAKAL,196675,MUNDLAVARIPALLI,0.04217475652694702,1,direct_grid,
2022-07-10,ANDHRA PRADESH,Sri Sathya Sai,4743,TANAKAL,196677,T.SADUM,0.0,1,direct_grid,
2022-07-10,ANDHRA PRADESH,Sri Sathya Sai,4743,TANAKAL,196678,TANAKAL,0.0,1,direct_grid,
2022-07-10,ANDHRA PRADESH,Y.S.R.,4828,JAMMALAMADUGU,198327,AMBAVARAM,0.2912197459748489,2,area_weighted,
2022-07-10,ANDHRA PRADESH,Y.S.R.,4828,JAMMALAMADUGU,198330,GANDIKOTA,0.18377024680376053,2,direct_grid,
2022-07-10,ANDHRA PRADESH,Y.S.R.,4828,JAMMALAMADUGU,198331,GORIGANUR,0.04746139947834795,2,area_weighted,
2022-07-10,ANDHRA PRADESH,Y.S.R.,4828,JAMMALAMADUGU,198332,GUDEMCHERUVU,0.38723333349607403,2,area_weighted,
2022-07-10,ANDHRA PRADESH,Y.S.R.,4828,JAMMALAMADUGU,198333,MORAGUDI,0.5717165707347951,3,area_weighted,
2022-07-10,ANDHRA PRADESH,Y.S.R.,4828,JAMMALAMADUGU,198334,P.BOMMEPALLI,0.3468528389930725,1,direct_grid,
2022-07-10,ANDHRA PRADESH,Y.S.R.,4828,JAMMALAMADUGU,198337,PONNATHOTA,0.2683535361358489,4,area_weighted,
2022-07-10,ANDHRA PRADESH,Y.S.R.,4828,JAMMALAMADUGU,198340,SUNNAPURALLAPALLI,0.19560158252716064,1,area_weighted,
2022-07-10,ANDHRA PRADESH,Y.S.R.,4833,KONDAPURAM,198415,ANANTHAPURAM,0.0,4,area_weighted,
2022-07-10,ANDHRA PRADESH,Y.S.R.,4833,KONDAPURAM,198416,B. KOTTALAPALLI,0.06231259912230551,5,area_weighted,
2022-07-10,ANDHRA PRADESH,Y.S.R.,4833,KONDAPURAM,198419,BURUJUPALLI,0.06957687437534332,1,direct_grid,
2022-07-10,ANDHRA PRADESH,Y.S.R.,4833,KONDAPURAM,198420,CHAMALURU,0.36120180196434226,3,area_weighted,
2022-07-10,ANDHRA PRADESH,Y.S.R.,4833,KONDAPURAM,198423,DOBBUDUPALLI,0.46813711524009705,1,direct_grid,
2022-07-10,ANDHRA PRADESH,Y.S.R.,4833,KONDAPURAM,198425,K. SUGUMANCHIPALLI,0.11856284384887839,4,area_weighted,
2022-07-10,ANDHRA PRADESH,Y.S.R.,4833,KONDAPURAM,198426,K.RAMIREDDIPALLI,0.003930250573717835,4,area_weighted,
2022-07-10,ANDHRA PRADESH,Y.S.R.,4833,KONDAPURAM,198428,KONAVARIPALLI,0.08632199430841227,3,area_weighted,
2022-07-10,ANDHRA PRADESH,Y.S.R.,4833,KONDAPURAM,198429,KONDAPURAM,0.0,4,area_weighted,
2022-07-10,ANDHRA PRADESH,Y.S.R.,4833,KONDAPURAM,198430,LAVANURU,0.036890991032123566,1,direct_grid,
2022-07-10,ANDHRA PRADESH,Y.S.R.,4833,KONDAPURAM,198431,MUTCHUMARRI,0.008807230914420006,3,area_weighted,
2022-07-10,ANDHRA PRADESH,Y.S.R.,4833,KONDAPURAM,198433,OBANNAPETA,0.0,1,direct_grid,
2022-07-10,ANDHRA PRADESH,Y.S.R.,4833,KONDAPURAM,198434,POTTIPADU,0.0,1,direct_grid,
2022-07-10,ANDHRA PRADESH,Y.S.R.,4833,KONDAPURAM,198435,REGADIPALLI,0.0,1,direct_grid,
2022-07-10,ANDHRA PRADESH,Y.S.R.,4833,KONDAPURAM,198436,S.THIMMAPURAM,0.0,1,direct_grid,
2022-07-10,ANDHRA PRADESH,Y.S.R.,4833,KONDAPURAM,198437,SANKEPALLI,0.30797764699314867,4,area_weighted,
2022-07-10,ANDHRA PRADESH,Y.S.R.,4833,KONDAPURAM,198438,THALLAPRODDATUR,0.13125985860824585,1,direct_grid,
2022-07-10,ANDHRA PRADESH,Y.S.R.,4833,KONDAPURAM,198439,VENKAIAH KALVA,0.10973867006796162,4,area_weighted,
2022-07-10,ANDHRA PRADESH,Y.S.R.,4833,KONDAPURAM,198440,YANAMALACHINTHALA,0.03913056779659626,3,area_weighted,
2022-07-10,ANDHRA PRADESH,Y.S.R.,4833,KONDAPURAM,198441,YERRAGUDI,0.18998050661420876,3,area_weighted,
2022-07-10,ANDHRA PRADESH,Y.S.R.,4835,LINGALA,198456,AKKULAGARI PALLI,0.12423628568649292,1,direct_grid,
2022-07-10,ANDHRA PRADESH,Y.S.R.,4835,LINGALA,296339,Ankevanipalli,0.35009815215991236,4,area_weighted,
2022-07-10,ANDHRA PRADESH,Y.S.R.,4835,LINGALA,198459,CHINNAKUDALA,0.3722076416015625,1,direct_grid,
2022-07-10,ANDHRA PRADESH,Y.S.R.,4835,LINGALA,198460,DONDLAVAGU,0.07046274840831757,1,direct_grid,
2022-07-10,ANDHRA PRADESH,Y.S.R.,4835,LINGALA,198461,GUNAKANAPALLI,0.39713355898857117,1,direct_grid,
2022-07-10,ANDHRA PRADESH,Y.S.R.,4835,LINGALA,198462,IPPATLA,0.35013263822733687,4,area_weighted,
2022-07-10,ANDHRA PRADESH,Y.S.R.,4835,LINGALA,198463,KAMASAMUDRAM,0.384212851524353,1,direct_grid,
2022-07-10,ANDHRA PRADESH,Y.S.R.,4835,LINGALA,198464,KARNAPAPAYAPALLI,0.5501670837402344,1,direct_grid,
2022-07-10,ANDHRA PRADESH,Y.S.R.,4835,LINGALA,198465,KOMANUTHALA,0.06765025854110718,2,direct_grid,
2022-07-10,ANDHRA PRADESH,Y.S.R.,4835,LINGALA,198466,LINGALA,0.2102337354648934,5,area_weighted,
2022-07-10,ANDHRA PRADESH,Y.S.R.,4835,LINGALA,198467,LOPATNUTHALA,0.21648424863815308,1,direct_grid,
2022-07-10,ANDHRA PRADESH,Y.S.R.,4835,LINGALA,198468,MURARICHINTALA,0.43573352694511414,1,direct_grid,
2022-07-10,ANDHRA PRADESH,Y.S.R.,4835,LINGALA,198469,PARNAPALLI,0.37402662560465927,3,area_weighted,
2022-07-10,ANDHRA PRADESH,Y.S.R.,4835,LINGALA,296340,Ramanuthalapalli,0.3733540099481104,2,area_weighted,
2022-07-10,ANDHRA PRADESH,Y.S.R.,4836,MUDDANUR,198472,BONDALAKUNTA,0.1997765153646469,1,direct_grid,
2022-07-10,ANDHRA PRADESH,Y.S.R.,4836,MUDDANUR,198473,CHINNADUDYALA,0.1997765153646469,1,area_weighted,
2022-07-10,ANDHRA PRADESH,Y.S.R.,4836,MUDDANUR,198474,CHINTHAKUNTA,0.1416914165019989,2,direct_grid,
2022-07-10,ANDHRA PRADESH,Y.S.R.,4836,MUDDANUR,198475,DEENEPALLI,0.08771903812885284,1,direct_grid,
2022-07-10,ANDHRA PRADESH,Y.S.R.,4836,MUDDANUR,198477,KOLAVALI,0.18750913441181183,1,area_weighted,
2022-07-10,ANDHRA PRADESH,Y.S.R.,4836,MUDDANUR,198478,KORRAPADU,0.09743347764015198,1,direct_grid,
2022-07-10,ANDHRA PRADESH,Y.S.R.,4836,MUDDANUR,198479,MANGAPATNAM,0.09243767708539963,2,direct_grid,
2022-07-10,ANDHRA PRADESH,Y.S.R.,4836,MUDDANUR,198480,MODANNAGARIPALLI,0.21748337149620056,1,direct_grid,
2022-07-10,ANDHRA PRADESH,Y.S.R.,4836,MUDDANUR,198481,MUDDANUR,0.20524750652015933,2,area_weighted,
2022-07-10,ANDHRA PRADESH,Y.S.R.,4836,MUDDANUR,198482,NALLABALLI,0.1997765153646469,1,area_weighted,
2022-07-10,ANDHRA PRADESH,Y.S.R.,4836,MUDDANUR,198483,OBULAPURAM,0.04525547157725272,4,area_weighted,
2022-07-10,ANDHRA PRADESH,Y.S.R.,4836,MUDDANUR,198488,VELPUCHERLA,0.2050922062983469,2,area_weighted,
2022-07-10,ANDHRA PRADESH,Y.S.R.,4836,MUDDANUR,198489,YAMAVARAM,0.20729427624413868,2,area_weighted,
2022-07-10,ANDHRA PRADESH,Y.S.R.,4838,MYLAVARAM,198503,BESTHAVEMULA,2.4686421155929565,2,direct_grid,
2022-07-10,ANDHRA PRADESH,Y.S.R.,4838,MYLAVARAM,198562,DIGUVA KALVALLA,2.829543113708496,1,direct_grid,
2022-07-10,ANDHRA PRADESH,Y.S.R.,4838,MYLAVARAM,198505,DODIUM,1.0830625891685486,2,direct_grid,
2022-07-10,ANDHRA PRADESH,Y.S.R.,4838,MYLAVARAM,198506,DOMMARA NANDYALA,1.0506901741027832,1,direct_grid,
2022-07-10,ANDHRA PRADESH,Y.S.R.,4838,MYLAVARAM,198507,KALLUTLA,2.3941998405636453,4,area_weighted,
2022-07-10,ANDHRA PRADESH,Y.S.R.,4838,MYLAVARAM,198567,KONDASUNKESULA,2.771533966064453,1,direct_grid,
2022-07-10,ANDHRA PRADESH,Y.S.R.,4838,MYLAVARAM,198509,LINGAPURAM,0.43615996837615967,1,direct_grid,
2022-07-10,ANDHRA PRADESH,Y.S.R.,4838,MYLAVARAM,198510,M. KAMALLADINNE,0.8961241841316223,1,direct_grid,
2022-07-10,ANDHRA PRADESH,Y.S.R.,4838,MYLAVARAM,198511,MURRAPANDI,1.2681171894073486,1,direct_grid,
2022-07-10,ANDHRA PRADESH,Y.S.R.,4838,MYLAVARAM,198512,MYLAVARAM,0.4279792308807373,1,direct_grid,
2022-07-10,ANDHRA PRADESH,Y.S.R.,4838,MYLAVARAM,198513,NARJAMPALLI,0.9561045451814626,4,area_weighted,
2022-07-10,ANDHRA PRADESH,Y.S.R.,4838,MYLAVARAM,198514,NAVABPETA,1.6586098670959473,1,direct_grid,
2022-07-10,ANDHRA PRADESH,Y.S.R.,4838,MYLAVARAM,198572,PAPAYAPALLI,2.829543113708496,1,area_weighted,
2022-07-10,ANDHRA PRADESH,Y.S.R.,4838,MYLAVARAM,198516,PONNAMPALLI,0.8991025686264038,1,direct_grid,
2022-07-10,ANDHRA PRADESH,Y.S.R.,4838,MYLAVARAM,198517,RAMACHANDRAYAPALLI,0.9674181407998502,2,area_weighted,
2022-07-10,ANDHRA PRADESH,Y.S.R.,4838,MYLAVARAM,198518,THALAMANCHIPATNAM,1.5629537105560303,1,direct_grid,
2022-07-10,ANDHRA PRADESH,Y.S.R.,4838,MYLAVARAM,198520,VADDIRALLA,1.9401087275918258,6,area_weighted,
2022-07-10,ANDHRA PRADESH,Y.S.R.,4838,MYLAVARAM,198521,VEPARALA,0.6082504987716675,1,direct_grid,
2022-07-10,ANDHRA PRADESH,Y.S.R.,4841,PEDDAMUDIUM,198557,BHEEMAGUNDAM,1.7709512105581375,2,area_weighted,
2022-07-10,ANDHRA PRADESH,Y.S.R.,4841,PEDDAMUDIUM,198558,BHUTHAMAPURAM,2.0851997910463442,2,area_weighted,
2022-07-10,ANDHRA PRADESH,Y.S.R.,4846,PULIVENDLA,198646,ATCHAVALLI,0.17166089639113696,4,area_weighted,
2022-07-10,ANDHRA PRADESH,Y.S.R.,4846,PULIVENDLA,198647,E. KOTHAPALLI,0.3569236993789673,2,direct_grid,
2022-07-10,ANDHRA PRADESH,Y.S.R.,4846,PULIVENDLA,198648,KONAMPALLI,0.29120928049087524,1,direct_grid,
2022-07-10,ANDHRA PRADESH,Y.S.R.,4846,PULIVENDLA,198649,RAGIMANUPALLE,0.3272302448749542,1,direct_grid,
2022-07-10,ANDHRA PRADESH,Y.S.R.,4846,PULIVENDLA,198651,YERRAPALLI,0.36949219344182205,4,area_weighted,
2022-07-10,ANDHRA PRADESH,Y.S.R.,4854,SIMHADRIPURAM,198766,ANKALAMMA GUDUR,0.29462549312676584,4,area_weighted,
2022-07-10,ANDHRA PRADESH,Y.S.R.,4854,SIMHADRIPURAM,198767,B.CHERLOPALLI,0.5294791460037231,1,direct_grid,
2022-07-10,ANDHRA PRADESH,Y.S.R.,4854,SIMHADRIPURAM,198768,BAJJAVARI PALLI,0.23623518645763397,1,direct_grid,
2022-07-10,ANDHRA PRADESH,Y.S.R.,4854,SIMHADRIPURAM,198771,CHAVVARI PALLI,0.09926337406638792,2,area_weighted,
2022-07-10,ANDHRA PRADESH,Y.S.R.,4854,SIMHADRIPURAM,198772,DUDDEKUNTA,0.12952475307251715,2,area_weighted,
2022-07-10,ANDHRA PRADESH,Y.S.R.,4854,SIMHADRIPURAM,198773,GURUJALA,0.5304867625236511,1,direct_grid,
2022-07-10,ANDHRA PRADESH,Y.S.R.,4854,SIMHADRIPURAM,198774,HIMAKUNTHA,0.4208365914206385,4,area_weighted,
2022-07-10,ANDHRA PRADESH,Y.S.R.,4854,SIMHADRIPURAM,198776,KASANUR,0.18535646796226501,1,direct_grid,
2022-07-10,ANDHRA PRADESH,Y.S.R.,4854,SIMHADRIPURAM,198778,LOMADA,0.20438320934772491,1,direct_grid,
2022-07-10,ANDHRA PRADESH,Y.S.R.,4854,SIMHADRIPURAM,198779,NANDYALAMPALLE,0.13394835138109235,2,area_weighted,
2022-07-10,ANDHRA PRADESH,Y.S.R.,4854,SIMHADRIPURAM,198780,PAIDIPALEM,0.0,1,direct_grid,
2022-07-10,ANDHRA PRADESH,Y.S.R.,4854,SIMHADRIPURAM,198782,SIMHADRIPURAM,0.33922064304351807,1,direct_grid,
2022-07-10,ANDHRA PRADESH,Y.S.R.,4854,SIMHADRIPURAM,198783,SUNKESULA,0.13560950756072998,2,direct_grid,
2022-07-10,ANDHRA PRADESH,Y.S.R.,4854,SIMHADRIPURAM,198784,THELIKI,0.06537597499732548,4,area_weighted,
2022-07-10,ANDHRA PRADESH,Y.S.R.,4857,THONDUR,198815,AGADUR,0.1420477330684662,1,direct_grid,
2022-07-10,ANDHRA PRADESH,Y.S.R.,4857,THONDUR,198816,BHADRAMPALLI,0.2745896577835083,1,direct_grid,
2022-07-10,ANDHRA PRADESH,Y.S.R.,4857,THONDUR,198817,BODIVARI PALLI,0.2525960995584716,4,area_weighted,
2022-07-10,ANDHRA PRADESH,Y.S.R.,4857,THONDUR,198819,GOTUR,0.3301205039024353,1,direct_grid,
2022-07-10,ANDHRA PRADESH,Y.S.R.,4857,THONDUR,198820,GUNDLAMADUGU,0.14098045229911804,1,direct_grid,
2022-07-10,ANDHRA PRADESH,Y.S.R.,4857,THONDUR,198821,INAGALUR,0.19900248541956955,4,area_weighted,
2022-07-10,ANDHRA PRADESH,Y.S.R.,4857,THONDUR,198822,MADURU,0.13529438427122933,4,area_weighted,
2022-07-10,ANDHRA PRADESH,Y.S.R.,4857,THONDUR,198823,MALLELA,0.1429397612810135,1,direct_grid,
2022-07-10,ANDHRA PRADESH,Y.S.R.,4857,THONDUR,198824,PALUR,0.029369816184043884,1,direct_grid,
2022-07-10,ANDHRA PRADESH,Y.S.R.,4857,THONDUR,198825,SAIDAPURAM,0.1049719369835586,2,area_weighted,
2022-07-10,ANDHRA PRADESH,Y.S.R.,4857,THONDUR,198826,SANTHAKOVVUR,0.12262091040611267,2,direct_grid,
2022-07-10,ANDHRA PRADESH,Y.S.R.,4857,THONDUR,198827,THELLUR,0.2892580032348633,1,direct_grid,
2022-07-10,ANDHRA PRADESH,Y.S.R.,4857,THONDUR,198828,THONDUR,0.18286491878033848,5,area_weighted,
2022-07-10,ANDHRA PRADESH,Y.S.R.,4857,THONDUR,198829,UDAVAGANDLA,0.16659348402176405,4,area_weighted,
2022-07-10,ANDHRA PRADESH,Y.S.R.,4861,VEMPALLE,198876,ALAVALAPADU,0.56504887342453,1,area_weighted,
2022-07-10,ANDHRA PRADESH,Y.S.R.,4861,VEMPALLE,198879,BAKKANNAGARIPALLI,0.5269332817761017,2,area_weighted,
2022-07-10,ANDHRA PRADESH,Y.S.R.,4861,VEMPALLE,296325,Kuppalapalli,0.5896717309951782,1,area_weighted,
2022-07-10,ANDHRA PRADESH,Y.S.R.,4861,VEMPALLE,198884,MUTHUKURU,0.38641858100891113,1,area_weighted,
2022-07-10,ANDHRA PRADESH,Y.S.R.,4862,VEMULA,198891,CHAGALERU,0.56504887342453,1,direct_grid,
2022-07-10,ANDHRA PRADESH,Y.S.R.,4862,VEMULA,198892,CHINTALA JUTURU,0.42210843808633725,2,area_weighted,
2022-07-10,ANDHRA PRADESH,Y.S.R.,4862,VEMULA,198893,GOLLALAGUDUR,0.48901093974095294,4,area_weighted,
2022-07-10,ANDHRA PRADESH,Y.S.R.,4862,VEMULA,198894,GONDI PALLE,0.5824135442790688,2,area_weighted,
2022-07-10,ANDHRA PRADESH,Y.S.R.,4862,VEMULA,198895,KANAM KINDA KOTTALA,0.34726299345493317,2,direct_grid,
2022-07-10,ANDHRA PRADESH,Y.S.R.,4862,VEMULA,198896,KONDIREDDY PALLI,0.38641858100891113,1,direct_grid,
2022-07-10,ANDHRA PRADESH,Y.S.R.,4862,VEMULA,198897,MEEDI PENTA,0.4146737690693978,6,area_weighted,
2022-07-10,ANDHRA PRADESH,Y.S.R.,4862,VEMULA,198900,PEDDA JUTUR,0.48145484924316406,1,direct_grid,
2022-07-10,ANDHRA PRADESH,Y.S.R.,4862,VEMULA,198901,PENDLURU,0.38641858100891113,1,area_weighted,
2022-07-10,ANDHRA PRADESH,Y.S.R.,4862,VEMULA,296320,Pernapadu,0.5361186618150473,2,area_weighted,
2022-07-10,ANDHRA PRADESH,Y.S.R.,4862,VEMULA,198902,V.KOTHAPALLI,0.5896717309951782,1,direct_grid,
2022-07-10,ANDHRA PRADESH,Y.S.R.,4862,VEMULA,198904,VEMULA,0.4641802906990051,1,direct_grid,
2022-07-10,GOA,North Goa,5933,SATARI,254375,BIRONDEM,8.762324333190918,1,area_weighted,
2022-07-10,GOA,North Goa,5933,SATARI,254401,COTODEM,8.762324333190918,1,direct_grid,
2022-07-10,GOA,North Goa,5933,SATARI,254412,DONGURLI-THANE,6.297310908635456,3,direct_grid,
2022-07-10,GOA,North Goa,5933,SATARI,254420,GULELI,10.712963104248047,1,direct_grid,
2022-07-10,GOA,North Goa,5933,SATARI,254438,MAUXI,8.369435053432744,2,area_weighted,
2022-07-10,GOA,North Goa,5933,SATARI,254439,MAYEM,3.731039723373195,4,area_weighted,
2022-07-10,GOA,North Goa,5933,SATARI,254451,NAGARGAO,4.989596271514892,5,direct_grid,
2022-07-10,GOA,North Goa,5933,SATARI,254474,PISSURLEM,8.762324333190918,1,area_weighted,
2022-07-10,GOA,North Goa,5933,SATARI,254492,SANVORDEM,4.844494024912516,3,direct_grid,
2022-07-10,GOA,South Goa,5935,CANACONA,254400,COTIGAO,10.415032863616943,4,direct_grid,
2022-07-10,GOA,South Goa,5935,CANACONA,254416,GAONDONGRI,13.312647342681885,2,direct_grid,
2022-07-10,GOA,South Goa,5935,CANACONA,254475,POINGUINIM,12.98633095566514,2,area_weighted,
2022-07-10,GOA,South Goa,6841,Dharbandora,254394,COLEM,8.37647807598114,4,direct_grid,
2022-07-10,GOA,South Goa,6841,Dharbandora,254410,DHARBANDORA,12.497198104858398,1,direct_grid,
2022-07-10,GOA,South Goa,6841,Dharbandora,254428,KIRLAPAL-DABHAL,14.958587518082958,2,area_weighted,
2022-07-10,GOA,South Goa,6841,Dharbandora,254444,MOLLEM,10.903848648071289,2,direct_grid,
2022-07-10,GOA,South Goa,6841,Dharbandora,254489,SANCORDEM,7.732728322347004,3,direct_grid,
2022-07-10,GOA,South Goa,5937,QUEPEM,254384,CAUREM,14.449064254760742,1,direct_grid,
2022-07-10,GOA,South Goa,5937,QUEPEM,254443,MOLCORNEM,16.467021942138672,1,direct_grid,
2022-07-10,GOA,South Goa,5939,SANGUEM,254373,BHATI,9.134761651357014,3,direct_grid,
2022-07-10,GOA,South Goa,5939,SANGUEM,254406,CURDI,11.493370056152344,1,direct_grid,
2022-07-10,GOA,South Goa,5939,SANGUEM,254423,KALAY(KALEM),11.263258457183838,2,direct_grid,
2022-07-10,GOA,South Goa,5939,SANGUEM,254458,NETURLIM,9.594385385513306,4,direct_grid,
2022-07-10,GOA,South Goa,5939,SANGUEM,254483,RIVONA,15.400325775146484,1,direct_grid,
2022-07-10,GOA,South Goa,5939,SANGUEM,254491,SANVORDEM,15.900328636169434,1,direct_grid,
2022-07-10,GOA,South Goa,5939,SANGUEM,254521,UGUEM,13.960572719573975,4,direct_grid,
2022-07-10,KARNATAKA,Bagalkote,5753,BADAMI,215148,ADAGAL,2.157996892929077,2,direct_grid,
2022-07-10,KARNATAKA,Bagalkote,5753,BADAMI,273085,ALUR-SK,2.910381555557251,1,direct_grid,
2022-07-10,KARNATAKA,Bagalkote,5753,BADAMI,215149,ANAWAL,2.7511935234069824,1,direct_grid,
2022-07-10,KARNATAKA,Bagalkote,5753,BADAMI,215150,BELUR,1.6416255235671997,1,direct_grid,
2022-07-10,KARNATAKA,Bagalkote,5753,BADAMI,215151,CHOLACHAGUD,1.9431973695755003,3,direct_grid,
2022-07-10,KARNATAKA,Bagalkote,5753,BADAMI,215152,FAKIRBHUDIHAL,3.0885913372039795,2,direct_grid,
2022-07-10,KARNATAKA,Bagalkote,5753,BADAMI,273086,HALIGERI,3.234099133550302,5,area_weighted,
2022-07-10,KARNATAKA,Bagalkote,5753,BADAMI,215154,HALKURKI,2.1607439517974854,1,direct_grid,
2022-07-10,KARNATAKA,Bagalkote,5753,BADAMI,215156,HEBBALI,2.5018088817596436,1,direct_grid,
2022-07-10,KARNATAKA,Bagalkote,5753,BADAMI,215157,HOSUR,2.0167317390441895,1,direct_grid,
2022-07-10,KARNATAKA,Bagalkote,5753,BADAMI,215158,HULIGERI,2.6454709370930987,3,direct_grid,
2022-07-10,KARNATAKA,Bagalkote,5753,BADAMI,215159,HULLIKERI,2.403185725212097,2,direct_grid,
2022-07-10,KARNATAKA,Bagalkote,5753,BADAMI,215160,JALIHAL,1.7154335713832438,5,area_weighted,
2022-07-10,KARNATAKA,Bagalkote,5753,BADAMI,273089,KAINAKATTI,3.004705309867859,2,direct_grid,
2022-07-10,KARNATAKA,Bagalkote,5753,BADAMI,215162,KAKNUR,2.8468103408813477,1,direct_grid,
2022-07-10,KARNATAKA,Bagalkote,5753,BADAMI,215164,KATARAKI,2.3653340339660645,1,direct_grid,
2022-07-10,KARNATAKA,Bagalkote,5753,BADAMI,273090,KENDURU,1.8641282320022583,1,direct_grid,
2022-07-10,KARNATAKA,Bagalkote,5753,BADAMI,215167,KITTALI,3.000927686691284,1,direct_grid,
2022-07-10,KARNATAKA,Bagalkote,5753,BADAMI,215166,KULAGERI CROSS,3.828354835510254,1,direct_grid,
2022-07-10,KARNATAKA,Bagalkote,5753,BADAMI,215170,MAMTAGERI,3.1003816723823547,4,direct_grid,
2022-07-10,KARNATAKA,Bagalkote,5753,BADAMI,215171,MANGALORE,1.7166925666904052,7,area_weighted,
2022-07-10,KARNATAKA,Bagalkote,5753,BADAMI,215172,MUSTIGERI,2.371403217315674,1,direct_grid,
2022-07-10,KARNATAKA,Bagalkote,5753,BADAMI,215173,MUTALGERI,2.3531373739242554,2,direct_grid,
2022-07-10,KARNATAKA,Bagalkote,5753,BADAMI,215175,NANDIKESHWAR,1.4698585271835327,1,direct_grid,
2022-07-10,KARNATAKA,Bagalkote,5753,BADAMI,273092,NARASAPUR,2.9088162732296436,6,area_weighted,
2022-07-10,KARNATAKA,Bagalkote,5753,BADAMI,215176,NEELGUND,2.80652117729187,1,direct_grid,
2022-07-10,KARNATAKA,Bagalkote,5753,BADAMI,215177,NEERALKERI,2.949716007964147,4,area_weighted,
2022-07-10,KARNATAKA,Bagalkote,5753,BADAMI,215178,NEERBHUDIHAL,2.7198230028152466,2,direct_grid,
2022-07-10,KARNATAKA,Bagalkote,5753,BADAMI,215180,PATTADKAL,1.9120266437530518,1,direct_grid,
2022-07-10,KARNATAKA,Bagalkote,5753,BADAMI,215181,SULIKERI,2.578609538450419,8,area_weighted,
2022-07-10,KARNATAKA,Bagalkote,5754,BAGALKOT,215182,BAGAVATI,2.146330237388611,2,direct_grid,
2022-07-10,KARNATAKA,Bagalkote,5754,BAGALKOT,215183,BEL-KERUR,2.574659585952759,1,direct_grid,
2022-07-10,KARNATAKA,Bagalkote,5754,BAGALKOT,215185,BENNUR,2.1875258379802442,6,area_weighted,
2022-07-10,KARNATAKA,Bagalkote,5754,BAGALKOT,273093,BEVINAMATTI-S.H,2.0139162673454085,4,area_weighted,
2022-07-10,KARNATAKA,Bagalkote,5754,BAGALKOT,215186,BEVOOR,2.930774688720703,1,direct_grid,
2022-07-10,KARNATAKA,Bagalkote,5754,BAGALKOT,215187,CHIKKA- SHELLIKERI,2.7023558616638184,1,direct_grid,
2022-07-10,KARNATAKA,Bagalkote,5754,BAGALKOT,273094,CHIKKAMYAGERI,3.502105951309204,1,direct_grid,
2022-07-10,KARNATAKA,Bagalkote,5754,BAGALKOT,273095,DEVANAL,2.1561732556480053,6,area_weighted,
2022-07-10,KARNATAKA,Bagalkote,5754,BAGALKOT,215188,GADDANKERI,2.563957253894959,2,area_weighted,
2022-07-10,KARNATAKA,Bagalkote,5754,BAGALKOT,215189,HALLUR,2.677067279815674,1,direct_grid,
2022-07-10,KARNATAKA,Bagalkote,5754,BAGALKOT,215190,HIRE - GULBAL,2.893497347831726,2,direct_grid,
2022-07-10,KARNATAKA,Bagalkote,5754,BAGALKOT,273096,HOSUR,3.3158462047576904,1,direct_grid,
2022-07-10,KARNATAKA,Bagalkote,5754,BAGALKOT,215191,KADALIMATTI,2.2058732509613037,1,direct_grid,
2022-07-10,KARNATAKA,Bagalkote,5754,BAGALKOT,215192,KADAMPUR,2.2401442527770996,1,direct_grid,
2022-07-10,KARNATAKA,Bagalkote,5754,BAGALKOT,215193,KALADAGI,2.7807347774505615,2,direct_grid,
2022-07-10,KARNATAKA,Bagalkote,5754,BAGALKOT,215194,KHAJIDONI,2.361208200454712,1,direct_grid,
2022-07-10,KARNATAKA,Bagalkote,5754,BAGALKOT,215195,MUGALOLLI,1.657968521118164,1,direct_grid,
2022-07-10,KARNATAKA,Bagalkote,5754,BAGALKOT,215196,MURNAL,2.358224391937256,1,direct_grid,
2022-07-10,KARNATAKA,Bagalkote,5754,BAGALKOT,215197,NAINEGALLI,3.41487193107605,2,direct_grid,
2022-07-10,KARNATAKA,Bagalkote,5754,BAGALKOT,215198,NEERALKERI,2.3772373631556416,5,area_weighted,
2022-07-10,KARNATAKA,Bagalkote,5754,BAGALKOT,215199,RAMPUR,3.2274643999589805,4,area_weighted,
2022-07-10,KARNATAKA,Bagalkote,5754,BAGALKOT,273098,SEEMIKERI,2.5041511972833206,4,area_weighted,
2022-07-10,KARNATAKA,Bagalkote,5754,BAGALKOT,273099,SHEEGIKERI,2.3670401573181152,1,direct_grid,
2022-07-10,KARNATAKA,Bagalkote,5754,BAGALKOT,215201,SUTAGUNDAR,3.9351489543914795,1,direct_grid,
2022-07-10,KARNATAKA,Bagalkote,5754,BAGALKOT,273100,TIMMAPUR,2.9018313884735107,1,direct_grid,
2022-07-10,KARNATAKA,Bagalkote,5754,BAGALKOT,215202,TULASIGERI,2.3992013931274414,1,direct_grid,
2022-07-10,KARNATAKA,Bagalkote,5754,BAGALKOT,215203,YADAHALLI,2.3510305881500244,1,direct_grid,
2022-07-10,KARNATAKA,Bagalkote,5755,BILAGI,215204,ANAGWADI,2.186752676963806,2,direct_grid,
2022-07-10,KARNATAKA,Bagalkote,5755,BILAGI,215205,ARAKERI,2.3416380882263184,1,direct_grid,
2022-07-10,KARNATAKA,Bagalkote,5755,BILAGI,273101,BADAGANDI,2.8578957319259644,2,direct_grid,
2022-07-10,KARNATAKA,Bagalkote,5755,BILAGI,215206,BADAGI,2.83246111869812,1,direct_grid,
2022-07-10,KARNATAKA,Bagalkote,5755,BILAGI,273102,BUDIHAL-SH,1.8203195333480835,1,direct_grid,
2022-07-10,KARNATAKA,Bagalkote,5755,BILAGI,215207,CHIKKALAGUNDI,1.7493807077407837,1,direct_grid,
2022-07-10,KARNATAKA,Bagalkote,5755,BILAGI,215208,GALGALLI,2.4598390477030456,4,area_weighted,
2022-07-10,KARNATAKA,Bagalkote,5755,BILAGI,215209,GIRISAGAR,2.759995698928833,1,direct_grid,
2022-07-10,KARNATAKA,Bagalkote,5755,BILAGI,273103,HEGGURA,2.8524270057678223,2,direct_grid,
2022-07-10,KARNATAKA,Bagalkote,5755,BILAGI,215211,HERKAL,1.8760976791381836,1,direct_grid,
2022-07-10,KARNATAKA,Bagalkote,5755,BILAGI,215212,HONNIHAL,2.365240454673767,2,direct_grid,
2022-07-10,KARNATAKA,Bagalkote,5755,BILAGI,215213,INAM - HANCHINAL,2.8997349739074707,1,direct_grid,
2022-07-10,KARNATAKA,Bagalkote,5755,BILAGI,273104,JANAMATTI,2.342747211456299,1,direct_grid,
2022-07-10,KARNATAKA,Bagalkote,5755,BILAGI,215214,KANDAGAL,2.69919830789511,4,area_weighted,
2022-07-10,KARNATAKA,Bagalkote,5755,BILAGI,215215,KATARAKI,1.7987619638442993,1,direct_grid,
2022-07-10,KARNATAKA,Bagalkote,5755,BILAGI,215216,KOLLUR,2.7376643419265747,2,direct_grid,
2022-07-10,KARNATAKA,Bagalkote,5755,BILAGI,215217,KORTI,2.784709334373474,2,direct_grid,
2022-07-10,KARNATAKA,Bagalkote,5755,BILAGI,215218,KUNDARGI,1.7827421426773071,1,direct_grid,
2022-07-10,KARNATAKA,Bagalkote,5755,BILAGI,273105,NAGARALA,2.733793699684366,3,area_weighted,
2022-07-10,KARNATAKA,Bagalkote,5755,BILAGI,215219,SIDDAPUR,2.61448073387146,1,direct_grid,
2022-07-10,KARNATAKA,Bagalkote,5755,BILAGI,215220,SONNA,2.8090550899505615,1,direct_grid,
2022-07-10,KARNATAKA,Bagalkote,5755,BILAGI,215221,SUNAG,2.3943145275115967,1,direct_grid,
2022-07-10,KARNATAKA,Bagalkote,5755,BILAGI,215222,TEGGI,2.6670116583506265,3,direct_grid,
2022-07-10,KARNATAKA,Bagalkote,5755,BILAGI,215223,YADAHALLI,2.444357752799988,2,direct_grid,
2022-07-10,KARNATAKA,Bagalkote,7368,GULEDAGUDDA,215153,HALDUR,2.273097038269043,1,direct_grid,
2022-07-10,KARNATAKA,Bagalkote,7368,GULEDAGUDDA,273087,HANAPUR-SP,1.4189947247505188,2,direct_grid,
2022-07-10,KARNATAKA,Bagalkote,7368,GULEDAGUDDA,273088,HANGARAGI,2.377451399761882,4,area_weighted,
2022-07-10,KARNATAKA,Bagalkote,7368,GULEDAGUDDA,215155,HANSANUR,1.7823648157765026,6,area_weighted,
2022-07-10,KARNATAKA,Bagalkote,7368,GULEDAGUDDA,215161,JAMANKATTI,2.444035291671753,1,direct_grid,
2022-07-10,KARNATAKA,Bagalkote,7368,GULEDAGUDDA,215163,KATAGERI,2.570991039276123,1,direct_grid,
2022-07-10,KARNATAKA,Bagalkote,7368,GULEDAGUDDA,215165,KELAVADI,2.2664138078689575,2,direct_grid,
2022-07-10,KARNATAKA,Bagalkote,7368,GULEDAGUDDA,215168,KOTIKAL,1.7495012060336153,5,area_weighted,
2022-07-10,KARNATAKA,Bagalkote,7368,GULEDAGUDDA,215169,LAYADGUNDI,1.8353544473648071,1,direct_grid,
2022-07-10,KARNATAKA,Bagalkote,7368,GULEDAGUDDA,273091,MANGALAGUDDA,2.0345709323883057,1,direct_grid,
2022-07-10,KARNATAKA,Bagalkote,7368,GULEDAGUDDA,215174,NAGARAL S.P.,1.8513072634564662,5,area_weighted,
2022-07-10,KARNATAKA,Bagalkote,7368,GULEDAGUDDA,215179,PARVATI,1.6787998676300049,1,direct_grid,
2022-07-10,KARNATAKA,Bagalkote,5756,HUNGUND,215224,AMARAWATI,3.1476731300354004,2,direct_grid,
2022-07-10,KARNATAKA,Bagalkote,5756,HUNGUND,215227,BELGAL,3.0877912044525146,2,direct_grid,
2022-07-10,KARNATAKA,Bagalkote,5756,HUNGUND,215184,BENAKATTI,2.5216600459481815,7,area_weighted,
2022-07-10,KARNATAKA,Bagalkote,5756,HUNGUND,215228,BINJAWADGI,3.317243456840515,2,direct_grid,
2022-07-10,KARNATAKA,Bagalkote,5756,HUNGUND,273106,BISALADINNI,3.73750376701355,1,direct_grid,
2022-07-10,KARNATAKA,Bagalkote,5756,HUNGUND,215231,CHITTARGI,2.449193239212036,1,direct_grid,
2022-07-10,KARNATAKA,Bagalkote,5756,HUNGUND,215232,DHANNUR,3.520694781036264,5,area_weighted,
2022-07-10,KARNATAKA,Bagalkote,5756,HUNGUND,215233,GANJIHAL,3.1029083728790283,1,direct_grid,
2022-07-10,KARNATAKA,Bagalkote,5756,HUNGUND,273108,HAVARAGI,4.032886505126953,1,direct_grid,
2022-07-10,KARNATAKA,Bagalkote,5756,HUNGUND,273109,HIRE BADAWADAGI,2.6418561935424805,1,direct_grid,
2022-07-10,KARNATAKA,Bagalkote,5756,HUNGUND,215237,HIRE-MAGI,2.6079342365264893,2,direct_grid,
2022-07-10,KARNATAKA,Bagalkote,5756,HUNGUND,273110,HIREMALAGAVI,2.899660110473633,1,direct_grid,
2022-07-10,KARNATAKA,Bagalkote,5756,HUNGUND,273111,HUVINAHALLI,2.4750379186420153,4,area_weighted,
2022-07-10,KARNATAKA,Bagalkote,5756,HUNGUND,215240,IAHOLE,2.304107904434204,1,direct_grid,
2022-07-10,KARNATAKA,Bagalkote,5756,HUNGUND,215246,KODAL-SANGAM,3.399504542350769,2,direct_grid,
2022-07-10,KARNATAKA,Bagalkote,5756,HUNGUND,215247,MAROL,3.649722099304199,2,direct_grid,
2022-07-10,KARNATAKA,Bagalkote,5756,HUNGUND,215248,MUGNOOR,2.7471941709518433,2,direct_grid,
2022-07-10,KARNATAKA,Bagalkote,5756,HUNGUND,215249,NAGUR,1.317401360709207,4,area_weighted,
2022-07-10,KARNATAKA,Bagalkote,5756,HUNGUND,215251,RAKKASAGI,1.915579080581665,1,direct_grid,
2022-07-10,KARNATAKA,Bagalkote,5756,HUNGUND,215252,SULIBAVI,2.199108839035034,1,direct_grid,
2022-07-10,KARNATAKA,Bagalkote,7369,ILKAL,215226,BALKUNDI,2.4142621860796387,5,area_weighted,
2022-07-10,KARNATAKA,Bagalkote,7369,ILKAL,215229,BUDIHAL S.K.,3.8310773372650146,1,direct_grid,
2022-07-10,KARNATAKA,Bagalkote,7369,ILKAL,273107,CHIKKA KODAGALI,2.4418151259882763,4,area_weighted,
2022-07-10,KARNATAKA,Bagalkote,7369,ILKAL,215230,CHIKKANAL,1.8882710337638855,2,direct_grid,
2022-07-10,KARNATAKA,Bagalkote,7369,ILKAL,215234,GORABAL,2.963003158569336,1,direct_grid,
2022-07-10,KARNATAKA,Bagalkote,7369,ILKAL,215235,GUDUR S.C.,2.9012532234191895,1,direct_grid,
2022-07-10,KARNATAKA,Bagalkote,7369,ILKAL,215236,HIRE-KODAGALLI,2.2878513088400876,7,area_weighted,
2022-07-10,KARNATAKA,Bagalkote,7369,ILKAL,215238,HIRE-OATGERI,3.24479341506958,1,direct_grid,
2022-07-10,KARNATAKA,Bagalkote,7369,ILKAL,215239,HIRE-SHINGANGUTTI,4.123933792114258,1,direct_grid,
2022-07-10,KARNATAKA,Bagalkote,7369,ILKAL,215241,JAMBALDINNI,3.4604395627975464,2,direct_grid,
2022-07-10,KARNATAKA,Bagalkote,7369,ILKAL,215243,KANDAGAL,3.7434206008911133,2,direct_grid,
2022-07-10,KARNATAKA,Bagalkote,7369,ILKAL,215244,KARADI,4.197158932685852,2,direct_grid,
2022-07-10,KARNATAKA,Bagalkote,7369,ILKAL,215245,KELUR,1.8271754687460244,7,area_weighted,
2022-07-10,KARNATAKA,Bagalkote,7369,ILKAL,273112,MURADI,1.7175097851746037,4,area_weighted,
2022-07-10,KARNATAKA,Bagalkote,7369,ILKAL,215250,NANDWADGI,4.578203201293945,5,direct_grid,
2022-07-10,KARNATAKA,Bagalkote,7369,ILKAL,215253,VADGERI,1.7269820769627886,3,direct_grid,
2022-07-10,KARNATAKA,Bagalkote,5757,JAMKHANDI,273113,ADIHUDI,2.0299298087994204,4,area_weighted,
2022-07-10,KARNATAKA,Bagalkote,5757,JAMKHANDI,215254,ALGUR,2.2026710510253906,1,direct_grid,
2022-07-10,KARNATAKA,Bagalkote,5757,JAMKHANDI,215256,BIDARI,2.5192036628723145,1,direct_grid,
2022-07-10,KARNATAKA,Bagalkote,5757,JAMKHANDI,215257,CHIKKA-PADSALGI,2.350857734680176,1,direct_grid,
2022-07-10,KARNATAKA,Bagalkote,5757,JAMKHANDI,215260,GOTE,1.801374912261963,3,direct_grid,
2022-07-10,KARNATAKA,Bagalkote,5757,JAMKHANDI,215264,HIRE-PADSALGI,2.1457672119140625,1,direct_grid,
2022-07-10,KARNATAKA,Bagalkote,5757,JAMKHANDI,215265,HULYAL,2.1549065113067627,1,direct_grid,
2022-07-10,KARNATAKA,Bagalkote,5757,JAMKHANDI,215266,HUNNUR,2.122528553009033,1,area_weighted,
2022-07-10,KARNATAKA,Bagalkote,5757,JAMKHANDI,215268,JAMBAGI B.K.,2.02071213722229,1,direct_grid,
2022-07-10,KARNATAKA,Bagalkote,5757,JAMKHANDI,215269,KADAPATTI,1.9292006492614746,2,direct_grid,
2022-07-10,KARNATAKA,Bagalkote,5757,JAMKHANDI,215270,KANKANWADI,1.841864198281502,4,area_weighted,
2022-07-10,KARNATAKA,Bagalkote,5757,JAMKHANDI,215271,KANNOLLI,1.910780360717451,6,area_weighted,
2022-07-10,KARNATAKA,Bagalkote,5757,JAMKHANDI,273114,KHAJIBILAGI,1.5664551258087158,1,direct_grid,
2022-07-10,KARNATAKA,Bagalkote,5757,JAMKHANDI,215273,KONNUR,2.318946599960327,1,direct_grid,
2022-07-10,KARNATAKA,Bagalkote,5757,JAMKHANDI,215274,KUMBAR- HALL,2.300269292708657,5,area_weighted,
2022-07-10,KARNATAKA,Bagalkote,5757,JAMKHANDI,215275,KUNCHANOOR,2.6728004217147827,2,direct_grid,
2022-07-10,KARNATAKA,Bagalkote,5757,JAMKHANDI,215276,LINAGNOOR,2.551320870157686,5,area_weighted,
2022-07-10,KARNATAKA,Bagalkote,5757,JAMKHANDI,215277,MADARKHANDI,2.0865269899368286,2,direct_grid,
2022-07-10,KARNATAKA,Bagalkote,5757,JAMKHANDI,215278,MAIGUR,1.7239232063293457,1,direct_grid,
2022-07-10,KARNATAKA,Bagalkote,5757,JAMKHANDI,273115,MAREGUDDHI,2.2157351081783734,4,area_weighted,
2022-07-10,KARNATAKA,Bagalkote,5757,JAMKHANDI,215279,MUTTUR,1.7231032848358154,1,direct_grid,
2022-07-10,KARNATAKA,Bagalkote,5757,JAMKHANDI,215282,SAVALAGI,1.8369596600532532,2,direct_grid,
2022-07-10,KARNATAKA,Bagalkote,5757,JAMKHANDI,273116,SIDDAPURA,2.104706672428921,6,area_weighted,
2022-07-10,KARNATAKA,Bagalkote,5757,JAMKHANDI,215283,SURAPALLI,1.8762145042419434,1,direct_grid,
2022-07-10,KARNATAKA,Bagalkote,5757,JAMKHANDI,215284,TODALBAGI,2.127259333928426,3,direct_grid,
2022-07-10,KARNATAKA,Bagalkote,5757,JAMKHANDI,215285,TUNGAL,1.704769790172577,2,direct_grid,
2022-07-10,KARNATAKA,Bagalkote,5758,MUDHOL,215286,BANTNUR,2.287278413772583,1,direct_grid,
2022-07-10,KARNATAKA,Bagalkote,5758,MUDHOL,273119,BARAGI,2.058879672173246,7,area_weighted,
2022-07-10,KARNATAKA,Bagalkote,5758,MUDHOL,215288,CHINCHAKHANDI K.D.,2.0039167404174805,1,direct_grid,
2022-07-10,KARNATAKA,Bagalkote,5758,MUDHOL,215289,DADNATTI,2.4257075786590576,1,direct_grid,
2022-07-10,KARNATAKA,Bagalkote,5758,MUDHOL,273120,GULAGAL-JAMBAGI,2.2652492919992,6,area_weighted,
2022-07-10,KARNATAKA,Bagalkote,5758,MUDHOL,215291,HALGALI,2.3362079858779907,2,direct_grid,
2022-07-10,KARNATAKA,Bagalkote,5758,MUDHOL,215292,HEBBAL,2.287118434906006,1,direct_grid,
2022-07-10,KARNATAKA,Bagalkote,5758,MUDHOL,215293,INGALAGI,2.1888227462768555,1,direct_grid,
2022-07-10,KARNATAKA,Bagalkote,5758,MUDHOL,215294,KASABA-JAMBAGI,1.8796976804733276,1,direct_grid,
2022-07-10,KARNATAKA,Bagalkote,5758,MUDHOL,215296,KULALLI,2.1244011498588042,5,area_weighted,
2022-07-10,KARNATAKA,Bagalkote,5758,MUDHOL,215297,LAXANATTI,2.4736416339874268,2,direct_grid,
2022-07-10,KARNATAKA,Bagalkote,5758,MUDHOL,215299,MACHAKNUR,1.7719824314117432,1,direct_grid,
2022-07-10,KARNATAKA,Bagalkote,5758,MUDHOL,215301,MALALI,2.1903581619262695,1,direct_grid,
2022-07-10,KARNATAKA,Bagalkote,5758,MUDHOL,215302,MANTUR,2.2651960372924806,5,direct_grid,
2022-07-10,KARNATAKA,Bagalkote,5758,MUDHOL,273121,MELLIGERI,2.328932285308838,1,direct_grid,
2022-07-10,KARNATAKA,Bagalkote,5758,MUDHOL,215303,METAGUD,2.2770090103149414,2,direct_grid,
2022-07-10,KARNATAKA,Bagalkote,5758,MUDHOL,215304,MUGALKHODA,2.080857276916504,1,direct_grid,
2022-07-10,KARNATAKA,Bagalkote,5758,MUDHOL,215305,NAGARAL,2.158313274383545,1,direct_grid,
2022-07-10,KARNATAKA,Bagalkote,5758,MUDHOL,215307,SHIROL,2.142343044281006,1,direct_grid,
2022-07-10,KARNATAKA,Bagalkote,5758,MUDHOL,273123,SORAGAVI,2.1762781143188477,1,direct_grid,
2022-07-10,KARNATAKA,Bagalkote,5758,MUDHOL,215308,UTTUR,2.357757568359375,1,direct_grid,
2022-07-10,KARNATAKA,Bagalkote,5758,MUDHOL,215309,VAJARMATTI,2.1873691082000732,1,direct_grid,
2022-07-10,KARNATAKA,Bagalkote,5758,MUDHOL,215310,VANTGODI,2.2025798559188843,2,direct_grid,
2022-07-10,KARNATAKA,Bagalkote,7370,RABAKAVI BANAHATTI,215255,ASANGI,2.044090986251831,1,direct_grid,
2022-07-10,KARNATAKA,Bagalkote,7370,RABAKAVI BANAHATTI,215258,CHIMMAD,2.0088595882003304,5,area_weighted,
2022-07-10,KARNATAKA,Bagalkote,7370,RABAKAVI BANAHATTI,215290,DHAVALESHWAR,2.135921001434326,1,direct_grid,
2022-07-10,KARNATAKA,Bagalkote,7370,RABAKAVI BANAHATTI,215259,GOLABAVI,1.8591545820236206,1,direct_grid,
2022-07-10,KARNATAKA,Bagalkote,7370,RABAKAVI BANAHATTI,215261,HALINGALI,1.8001413345336914,2,direct_grid,
2022-07-10,KARNATAKA,Bagalkote,7370,RABAKAVI BANAHATTI,215262,HANGANDI,1.9521567821502686,1,direct_grid,
2022-07-10,KARNATAKA,Bagalkote,7370,RABAKAVI BANAHATTI,215263,HIPPARAGI,1.8150408267974854,1,direct_grid,
2022-07-10,KARNATAKA,Bagalkote,7370,RABAKAVI BANAHATTI,215267,JAGDAL,1.9887317419052124,1,direct_grid,
2022-07-10,KARNATAKA,Bagalkote,7370,RABAKAVI BANAHATTI,215295,KESARKOPPA,2.0540616512298584,1,direct_grid,
2022-07-10,KARNATAKA,Bagalkote,7370,RABAKAVI BANAHATTI,215272,KOLAHALLI,1.9345052473453466,4,area_weighted,
2022-07-10,KARNATAKA,Bagalkote,7370,RABAKAVI BANAHATTI,215300,MADHABAVI,2.0572311878204346,1,direct_grid,
2022-07-10,KARNATAKA,Bagalkote,7370,RABAKAVI BANAHATTI,273122,NANDAGAV,2.13968726530246,2,area_weighted,
2022-07-10,KARNATAKA,Bagalkote,7370,RABAKAVI BANAHATTI,215280,NAVALAGI,1.9910938739776611,1,direct_grid,
2022-07-10,KARNATAKA,Bagalkote,7370,RABAKAVI BANAHATTI,215306,SAIDAPUR,1.9647939205169678,1,area_weighted,
2022-07-10,KARNATAKA,Bagalkote,7370,RABAKAVI BANAHATTI,215281,SASLATTI,1.687210291938607,4,area_weighted,
2022-07-10,KARNATAKA,Bagalkote,7370,RABAKAVI BANAHATTI,273117,TAMADADDI,1.7101603285346116,3,area_weighted,
2022-07-10,KARNATAKA,Bagalkote,7370,RABAKAVI BANAHATTI,273118,YALLATTI,2.0768518447875977,1,direct_grid,
2022-07-10,KARNATAKA,Ballari,5781,BALLARI,216105,AMARAPURA,1.5028830766677856,1,direct_grid,
2022-07-10,KARNATAKA,Ballari,5781,BALLARI,216106,B.D.HALLI,1.8306925296783447,1,direct_grid,
2022-07-10,KARNATAKA,Ballari,5781,BALLARI,216108,BASARAKOD,5.652612686157227,1,direct_grid,
2022-07-10,KARNATAKA,Ballari,5781,BALLARI,216109,BELAGALLU,1.4471275210380554,2,direct_grid,
2022-07-10,KARNATAKA,Ballari,5781,BALLARI,216110,CHALAGURKI,1.6919455528259275,3,direct_grid,
2022-07-10,KARNATAKA,Ballari,5781,BALLARI,273253,CHANALU,4.257328987121582,1,direct_grid,
2022-07-10,KARNATAKA,Ballari,5781,BALLARI,216114,HALAKUNDI,1.4077279567718506,1,direct_grid,
2022-07-10,KARNATAKA,Ballari,5781,BALLARI,216115,HANDIHAL,4.188018560409546,2,direct_grid,
2022-07-10,KARNATAKA,Ballari,5781,BALLARI,216117,KAPPAGAL,1.2777786254882812,1,direct_grid,
2022-07-10,KARNATAKA,Ballari,5781,BALLARI,216118,KAREKAL,2.7908765077590942,2,direct_grid,
2022-07-10,KARNATAKA,Ballari,5781,BALLARI,216119,KOLAGALLU,1.367347002029419,1,direct_grid,
2022-07-10,KARNATAKA,Ballari,5781,BALLARI,216121,KORALGUNDHI,1.6034891813325127,4,area_weighted,
2022-07-10,KARNATAKA,Ballari,5781,BALLARI,216124,M.GONAL,4.636085033416748,1,direct_grid,
2022-07-10,KARNATAKA,Ballari,5781,BALLARI,216125,MOKA,1.3963306547048067,4,area_weighted,
2022-07-10,KARNATAKA,Ballari,5781,BALLARI,216128,P.D.HALLI,1.703845739364624,1,direct_grid,
2022-07-10,KARNATAKA,Ballari,5781,BALLARI,216129,RUPANAGUDI,1.1760855317115784,2,direct_grid,
2022-07-10,KARNATAKA,Ballari,5781,BALLARI,216130,SANGANAKAL,1.3746734997325618,4,area_weighted,
2022-07-10,KARNATAKA,Ballari,5781,BALLARI,216131,SANJEEVARAYANAKOTE,1.3838278321343154,4,area_weighted,
2022-07-10,KARNATAKA,Ballari,5781,BALLARI,216132,SHANKARABANDA,1.6483794450759888,1,direct_grid,
2022-07-10,KARNATAKA,Ballari,5781,BALLARI,216134,SIDIGINAMOLA,3.34999942779541,1,direct_grid,
2022-07-10,KARNATAKA,Ballari,5781,BALLARI,216136,SIRIVAR,1.23860764503479,1,direct_grid,
2022-07-10,KARNATAKA,Ballari,5781,BALLARI,216138,SRIDHARAGADDA,0.6895557045936584,1,direct_grid,
2022-07-10,KARNATAKA,Ballari,5781,BALLARI,216139,VANENOOR,2.11688627799352,3,direct_grid,
2022-07-10,KARNATAKA,Ballari,5781,BALLARI,216140,YATHENABUDIHAL,1.5318590998649597,2,direct_grid,
2022-07-10,KARNATAKA,Ballari,5781,BALLARI,216144,YERRAGUDI,3.295885745114956,4,area_weighted,
2022-07-10,KARNATAKA,Ballari,7375,KAMPLI,216196,DEVALAPURA,1.659378250213869,6,area_weighted,
2022-07-10,KARNATAKA,Ballari,7375,KAMPLI,216197,DEVASAMUDRA,2.0381603240966797,1,direct_grid,
2022-07-10,KARNATAKA,Ballari,7375,KAMPLI,216199,HAMPADEVANAHALLI,1.76804518699646,1,direct_grid,
2022-07-10,KARNATAKA,Ballari,7375,KAMPLI,216205,METRI,1.70122492313385,1,direct_grid,
2022-07-10,KARNATAKA,Ballari,7375,KAMPLI,216126,NELLUDI,2.162383794784546,1,direct_grid,
2022-07-10,KARNATAKA,Ballari,7375,KAMPLI,216208,NO.10 MUDDAPURA,1.9553711414337158,1,direct_grid,
2022-07-10,KARNATAKA,Ballari,7375,KAMPLI,216210,RAMASAGARA,1.8281353325460148,4,area_weighted,
2022-07-10,KARNATAKA,Ballari,7375,KAMPLI,216211,SANAPURA,2.3426029682159424,1,direct_grid,
2022-07-10,KARNATAKA,Ballari,7375,KAMPLI,216213,SUGGENAHALLI,1.4988548755645752,2,direct_grid,
2022-07-10,KARNATAKA,Ballari,7375,KAMPLI,216142,YEMMIGANUR,2.108170509338379,1,direct_grid,
2022-07-10,KARNATAKA,Ballari,7377,KURUGODU,216107,BADANAHATTI,1.6644206047058105,1,direct_grid,
2022-07-10,KARNATAKA,Ballari,7377,KURUGODU,216111,DAMMURU,2.56434965133667,1,direct_grid,
2022-07-10,KARNATAKA,Ballari,7377,KURUGODU,216112,GANAKIHAL,3.2814626242161635,5,area_weighted,
2022-07-10,KARNATAKA,Ballari,7377,KURUGODU,216113,H.VEERAPURA,2.4034135341644287,2,direct_grid,
2022-07-10,KARNATAKA,Ballari,7377,KURUGODU,216116,KALLUKAMBA,2.2304177284240723,1,direct_grid,
2022-07-10,KARNATAKA,Ballari,7377,KURUGODU,216120,KOLUR,2.174194812774658,1,direct_grid,
2022-07-10,KARNATAKA,Ballari,7377,KURUGODU,216127,ORVAI,1.7854456305503845,2,direct_grid,
2022-07-10,KARNATAKA,Ballari,7377,KURUGODU,216133,SIDDAMMANAHALLI,0.8465975522994995,1,direct_grid,
2022-07-10,KARNATAKA,Ballari,7377,KURUGODU,216135,SINDHIGERI,3.4031174182891846,1,direct_grid,
2022-07-10,KARNATAKA,Ballari,7377,KURUGODU,216137,SOMASAMUDRA,0.7280122637748718,1,direct_grid,
2022-07-10,KARNATAKA,Ballari,7377,KURUGODU,216141,YELABENCHI,1.3422293663024902,2,direct_grid,
2022-07-10,KARNATAKA,Ballari,7377,KURUGODU,216143,YERANGALIGI,1.3676196336746216,2,direct_grid,
2022-07-10,KARNATAKA,Ballari,5786,SANDUR,273265,AGRAHARA,0.4832656979560852,1,direct_grid,
2022-07-10,KARNATAKA,Ballari,5786,SANDUR,216247,ANTHAPURA,1.1456689089536667,4,direct_grid,
2022-07-10,KARNATAKA,Ballari,5786,SANDUR,216248,BANDRI,0.306700736284256,1,direct_grid,
2022-07-10,KARNATAKA,Ballari,5786,SANDUR,273266,BANNIHATTI,1.2173573970794678,1,direct_grid,
2022-07-10,KARNATAKA,Ballari,5786,SANDUR,216249,BHUJANGANAGAR,0.931343072065188,5,area_weighted,
2022-07-10,KARNATAKA,Ballari,5786,SANDUR,216250,BOMMAGATTA,0.4277509053548177,3,direct_grid,
2022-07-10,KARNATAKA,Ballari,5786,SANDUR,216251,CHORNUR,0.3509463667869568,1,direct_grid,
2022-07-10,KARNATAKA,Ballari,5786,SANDUR,216252,DAROJI,1.217938244342804,2,direct_grid,
2022-07-10,KARNATAKA,Ballari,5786,SANDUR,216253,DEVAGIRI,0.4190787458778648,5,area_weighted,
2022-07-10,KARNATAKA,Ballari,5786,SANDUR,216254,GOLLALINGAMANAHALLI,0.5496940016746521,2,direct_grid,
2022-07-10,KARNATAKA,Ballari,5786,SANDUR,273267,H.K.HALLI,0.3735072910785675,1,direct_grid,
2022-07-10,KARNATAKA,Ballari,5786,SANDUR,216255,KALINGERI,0.29385630041360855,4,direct_grid,
2022-07-10,KARNATAKA,Ballari,5786,SANDUR,216256,KRISHNANAGAR,0.7715790271759033,1,direct_grid,
2022-07-10,KARNATAKA,Ballari,5786,SANDUR,216258,METRIKI,0.6144555807113647,2,direct_grid,
2022-07-10,KARNATAKA,Ballari,5786,SANDUR,216259,NARASINGAPURA,0.694011926651001,1,direct_grid,
2022-07-10,KARNATAKA,Ballari,5786,SANDUR,216260,NIDAGURTHI,0.5987439751625061,2,direct_grid,
2022-07-10,KARNATAKA,Ballari,5786,SANDUR,273268,RAJAPURA,0.8695058822631836,1,direct_grid,
2022-07-10,KARNATAKA,Ballari,5786,SANDUR,216261,SHUSILANAGAR,0.7098994102007408,5,area_weighted,
2022-07-10,KARNATAKA,Ballari,5786,SANDUR,216262,SOVENAHALLI,0.4457365340049396,4,area_weighted,
2022-07-10,KARNATAKA,Ballari,5786,SANDUR,216263,TARANAGAR,1.160688216638758,5,area_weighted,
2022-07-10,KARNATAKA,Ballari,5786,SANDUR,273269,THALURU,1.184699093052428,5,area_weighted,
2022-07-10,KARNATAKA,Ballari,5786,SANDUR,216264,TORANGAL,1.3251792192459106,1,direct_grid,
2022-07-10,KARNATAKA,Ballari,5786,SANDUR,216265,VADDU,1.3808112200051172,4,area_weighted,
2022-07-10,KARNATAKA,Ballari,5786,SANDUR,216266,VITTALAPURA,0.8707331418991089,1,direct_grid,
2022-07-10,KARNATAKA,Ballari,5786,SANDUR,273270,YERRAYYANAHALLI,0.2194918692111969,1,direct_grid,
2022-07-10,KARNATAKA,Ballari,5786,SANDUR,216267,YESHWANTHANAGAR,0.3408667743206024,1,direct_grid,
2022-07-10,KARNATAKA,Ballari,5787,SIRUGUPPA,216268,B.M.SUGUR,10.997626781463623,2,direct_grid,
2022-07-10,KARNATAKA,Ballari,5787,SIRUGUPPA,216269,BAGEWADI,9.555481047613904,6,area_weighted,
2022-07-10,KARNATAKA,Ballari,5787,SIRUGUPPA,216270,BALAKUNDHI,10.98499870300293,1,direct_grid,
2022-07-10,KARNATAKA,Ballari,5787,SIRUGUPPA,216271,BEERAHALLI,11.216033935546875,2,direct_grid,
2022-07-10,KARNATAKA,Ballari,5787,SIRUGUPPA,216272,BOGGUR,10.018528938293457,1,direct_grid,
2022-07-10,KARNATAKA,Ballari,5787,SIRUGUPPA,273271,BYRAPURA,6.461920738220215,1,direct_grid,
2022-07-10,KARNATAKA,Ballari,5787,SIRUGUPPA,216273,DESHANUR,8.162243816637668,4,area_weighted,
2022-07-10,KARNATAKA,Ballari,5787,SIRUGUPPA,216274,H. HOSAHALLI,6.012686252593994,1,direct_grid,
2022-07-10,KARNATAKA,Ballari,5787,SIRUGUPPA,216275,HALEKOTE,8.427923202514648,1,direct_grid,
2022-07-10,KARNATAKA,Ballari,5787,SIRUGUPPA,216276,HATCHOLLI,10.902191638946533,2,direct_grid,
2022-07-10,KARNATAKA,Ballari,5787,SIRUGUPPA,216277,K.BELALGAL,12.224130630493164,1,direct_grid,
2022-07-10,KARNATAKA,Ballari,5787,SIRUGUPPA,216278,K.SUGUR,10.9360671043396,2,direct_grid,
2022-07-10,KARNATAKA,Ballari,5787,SIRUGUPPA,216279,KARUR,8.141621589660645,1,direct_grid,
2022-07-10,KARNATAKA,Ballari,5787,SIRUGUPPA,216280,KENCHANAGUDDA,7.1933159828186035,1,direct_grid,
2022-07-10,KARNATAKA,Ballari,5787,SIRUGUPPA,216281,KONCHIGERI,3.780355215072632,1,direct_grid,
2022-07-10,KARNATAKA,Ballari,5787,SIRUGUPPA,216282,KUDUDARAHAL,10.19558048248291,1,direct_grid,
2022-07-10,KARNATAKA,Ballari,5787,SIRUGUPPA,216283,KURUVALLI,11.075415127004065,4,area_weighted,
2022-07-10,KARNATAKA,Ballari,5787,SIRUGUPPA,216284,M.SUGUR,2.4020633697509766,1,direct_grid,
2022-07-10,KARNATAKA,Ballari,5787,SIRUGUPPA,216285,MUDDATANUR,3.7360832691192627,1,direct_grid,
2022-07-10,KARNATAKA,Ballari,5787,SIRUGUPPA,216286,NADAVI,6.32024590174357,3,direct_grid,
2022-07-10,KARNATAKA,Ballari,5787,SIRUGUPPA,216287,RARAVI,11.54218578338623,1,direct_grid,
2022-07-10,KARNATAKA,Ballari,5787,SIRUGUPPA,216288,RAVIHAL,11.221477031707764,2,direct_grid,
2022-07-10,KARNATAKA,Ballari,5787,SIRUGUPPA,216289,SHANAVASAPURA,4.767103672027588,1,direct_grid,
2022-07-10,KARNATAKA,Ballari,5787,SIRUGUPPA,216290,SIRIGERI,5.099949836730957,1,direct_grid,
2022-07-10,KARNATAKA,Ballari,5787,SIRUGUPPA,216291,TALUR,7.563961982727051,1,direct_grid,
2022-07-10,KARNATAKA,Ballari,5787,SIRUGUPPA,216292,UPPARA HOSAHALLI,9.135364055633545,2,direct_grid,
2022-07-10,KARNATAKA,Ballari,5787,SIRUGUPPA,216293,UTTANUR,10.132813453674316,1,direct_grid,
2022-07-10,KARNATAKA,Belagavi,5771,ATHNI,215620,ADAHALLI,1.5314072370529175,1,direct_grid,
2022-07-10,KARNATAKA,Belagavi,5771,ATHNI,215621,AIGALI,1.2662361860275269,1,direct_grid,
2022-07-10,KARNATAKA,Belagavi,5771,ATHNI,215623,ANANTHPUR,1.507387638092041,1,direct_grid,
2022-07-10,KARNATAKA,Belagavi,5771,ATHNI,215624,ARALIHATTI,1.9487117762609396,3,area_weighted,
2022-07-10,KARNATAKA,Belagavi,5771,ATHNI,215625,ARATAL,1.4813791513442993,1,direct_grid,
2022-07-10,KARNATAKA,Belagavi,5771,ATHNI,215656,ATHANI (GRAMEEN),1.6456388036410012,6,direct_grid,
2022-07-10,KARNATAKA,Belagavi,5771,ATHNI,273220,BADACHI,1.55539235894823,4,area_weighted,
2022-07-10,KARNATAKA,Belagavi,5771,ATHNI,215626,BALLIGERI,1.6449382305145264,2,direct_grid,
2022-07-10,KARNATAKA,Belagavi,5771,ATHNI,273221,CHAMKERI,1.6026954650878906,1,direct_grid,
2022-07-10,KARNATAKA,Belagavi,5771,ATHNI,215627,DARUR,1.39102687449947,4,area_weighted,
2022-07-10,KARNATAKA,Belagavi,5771,ATHNI,215628,GUNDEWADI,1.6426233516760511,6,area_weighted,
2022-07-10,KARNATAKA,Belagavi,5771,ATHNI,215629,HALYAL,1.593711256980896,1,direct_grid,
2022-07-10,KARNATAKA,Belagavi,5771,ATHNI,215630,HULAGABALI,1.4148216247558594,1,direct_grid,
2022-07-10,KARNATAKA,Belagavi,5771,ATHNI,215631,JAMBAGI,1.3898346424102783,2,direct_grid,
2022-07-10,KARNATAKA,Belagavi,5771,ATHNI,215633,JUNJARWADI,1.686269034787304,4,area_weighted,
2022-07-10,KARNATAKA,Belagavi,5771,ATHNI,215635,KAKAMARI,1.652596116065979,1,direct_grid,
2022-07-10,KARNATAKA,Belagavi,5771,ATHNI,273223,KANNALA,1.724705457687378,2,direct_grid,
2022-07-10,KARNATAKA,Belagavi,5771,ATHNI,215636,KATAGERI,1.6330476999282837,1,direct_grid,
2022-07-10,KARNATAKA,Belagavi,5771,ATHNI,215638,KHELEGAON,0.9744588136672974,1,direct_grid,
2022-07-10,KARNATAKA,Belagavi,5771,ATHNI,215639,KOHALLI,1.5178829431533813,1,direct_grid,
2022-07-10,KARNATAKA,Belagavi,5771,ATHNI,215640,KOKATANUR,1.6078275740146637,4,direct_grid,
2022-07-10,KARNATAKA,Belagavi,5771,ATHNI,215641,KOTTALAGI,1.76063871383667,2,direct_grid,
2022-07-10,KARNATAKA,Belagavi,5771,ATHNI,215644,MADHABHAVI,1.7259320815404255,3,direct_grid,
2022-07-10,KARNATAKA,Belagavi,5771,ATHNI,215645,MAHESHWADI,1.8630840360448246,4,area_weighted,
2022-07-10,KARNATAKA,Belagavi,5771,ATHNI,215646,MALABAD,1.6525870561599731,1,direct_grid,
2022-07-10,KARNATAKA,Belagavi,5771,ATHNI,215649,MURAGUNDI,1.652349574972432,4,area_weighted,
2022-07-10,KARNATAKA,Belagavi,5771,ATHNI,215650,NADI INGALAGAON,1.4118990532475828,3,area_weighted,
2022-07-10,KARNATAKA,Belagavi,5771,ATHNI,215651,NAGANUR P K,1.5676419734954834,1,direct_grid,
2022-07-10,KARNATAKA,Belagavi,5771,ATHNI,215652,NANDAGAON,1.6647003889083862,2,direct_grid,
2022-07-10,KARNATAKA,Belagavi,5771,ATHNI,215653,NANDESHWAR,1.741579532623291,1,direct_grid,
2022-07-10,KARNATAKA,Belagavi,5771,ATHNI,215654,PARTHANAHALLI,1.6669578552246094,2,direct_grid,
2022-07-10,KARNATAKA,Belagavi,5771,ATHNI,215655,SAMBARAGI,1.3022491587449732,6,area_weighted,
2022-07-10,KARNATAKA,Belagavi,5771,ATHNI,215657,SAPTASAGAR,1.6730052905898085,4,area_weighted,
2022-07-10,KARNATAKA,Belagavi,5771,ATHNI,215658,SATTI,1.6612242460250854,1,direct_grid,
2022-07-10,KARNATAKA,Belagavi,5771,ATHNI,215659,SAVADI,1.753251850605011,2,direct_grid,
2022-07-10,KARNATAKA,Belagavi,5771,ATHNI,215660,SHANKARATTI,1.3599865436553955,1,direct_grid,
2022-07-10,KARNATAKA,Belagavi,5771,ATHNI,215662,SHEGUNASHI,1.6378681659698486,1,direct_grid,
2022-07-10,KARNATAKA,Belagavi,5771,ATHNI,215664,SHIRAHATTI,1.686199754872635,4,area_weighted,
2022-07-10,KARNATAKA,Belagavi,5771,ATHNI,215665,SHIRUR,1.6284419751906247,4,area_weighted,
2022-07-10,KARNATAKA,Belagavi,5771,ATHNI,273225,SIDDEWADI,1.9034027571725847,2,area_weighted,
2022-07-10,KARNATAKA,Belagavi,5771,ATHNI,215666,TANGADI,1.6520840877762404,4,area_weighted,
2022-07-10,KARNATAKA,Belagavi,5771,ATHNI,215667,TELSANG,1.5198200941085815,3,direct_grid,
2022-07-10,KARNATAKA,Belagavi,5771,ATHNI,215670,YELI HADAGALI,1.45846825838089,2,direct_grid,
2022-07-10,KARNATAKA,Belagavi,5772,BELAGAVI,215671,AGASAGE,2.8301398754119873,1,direct_grid,
2022-07-10,KARNATAKA,Belagavi,5772,BELAGAVI,215672,AMBEWADI,2.6343390941619873,1,direct_grid,
2022-07-10,KARNATAKA,Belagavi,5772,BELAGAVI,215673,ANKALAGI,2.910962226062648,4,area_weighted,
2022-07-10,KARNATAKA,Belagavi,5772,BELAGAVI,215674,ARALIKATTI,2.6789612770080566,1,direct_grid,
2022-07-10,KARNATAKA,Belagavi,5772,BELAGAVI,215675,ASTE,2.6289491653442383,1,direct_grid,
2022-07-10,KARNATAKA,Belagavi,5772,BELAGAVI,215676,BADAS K H,2.953962564468384,1,direct_grid,
2022-07-10,KARNATAKA,Belagavi,5772,BELAGAVI,215678,BALEKUNDIR K H,2.5942793218065403,4,area_weighted,
2022-07-10,KARNATAKA,Belagavi,5772,BELAGAVI,215679,BALIKUNDIR B K,2.6015053509898687,2,area_weighted,
2022-07-10,KARNATAKA,Belagavi,5772,BELAGAVI,215680,BAMBARGA,3.227702634474016,6,area_weighted,
2022-07-10,KARNATAKA,Belagavi,5772,BELAGAVI,215681,BASTAWADA,2.7117106914520264,1,direct_grid,
2022-07-10,KARNATAKA,Belagavi,5772,BELAGAVI,215682,BEKKINKERI,2.6717229464494925,4,area_weighted,
2022-07-10,KARNATAKA,Belagavi,5772,BELAGAVI,215683,BELAWATTI,1.280310034751892,1,direct_grid,
2022-07-10,KARNATAKA,Belagavi,5772,BELAGAVI,215684,BELGUNDHI,2.3020126819610596,1,direct_grid,
2022-07-10,KARNATAKA,Belagavi,5772,BELAGAVI,215685,BENAKANHALLI,2.5890740198712274,2,area_weighted,
2022-07-10,KARNATAKA,Belagavi,5772,BELAGAVI,215686,BENDUGERI,2.8279714584350586,1,direct_grid,
2022-07-10,KARNATAKA,Belagavi,5772,BELAGAVI,215687,BIJAGARNI,2.3196592330932617,1,direct_grid,
2022-07-10,KARNATAKA,Belagavi,5772,BELAGAVI,215688,DESUR,2.8047196865081787,1,direct_grid,
2022-07-10,KARNATAKA,Belagavi,5772,BELAGAVI,215689,DHAMANE S,2.7650229760694174,4,area_weighted,
2022-07-10,KARNATAKA,Belagavi,5772,BELAGAVI,215690,HALAGA,2.723170631482734,4,area_weighted,
2022-07-10,KARNATAKA,Belagavi,5772,BELAGAVI,215691,HANDIGANUR,3.1718266010284424,1,direct_grid,
2022-07-10,KARNATAKA,Belagavi,5772,BELAGAVI,215692,HINDALGA,2.623949647394592,4,area_weighted,
2022-07-10,KARNATAKA,Belagavi,5772,BELAGAVI,215677,HIRE BAGEWADI,2.7751543321843166,4,area_weighted,
2022-07-10,KARNATAKA,Belagavi,5772,BELAGAVI,215693,HONGA,3.1843031877698302,6,area_weighted,
2022-07-10,KARNATAKA,Belagavi,5772,BELAGAVI,215694,HOSA VANTAMARI,3.1526309847831726,4,direct_grid,
2022-07-10,KARNATAKA,Belagavi,5772,BELAGAVI,215695,HUDALI,3.228482360798951,4,area_weighted,
2022-07-10,KARNATAKA,Belagavi,5772,BELAGAVI,215696,K K KOPPA,2.8822898864746094,1,direct_grid,
2022-07-10,KARNATAKA,Belagavi,5772,BELAGAVI,215697,KADOLI,2.9217634201049805,1,direct_grid,
2022-07-10,KARNATAKA,Belagavi,5772,BELAGAVI,215698,KAKTI,2.9271628856658936,1,direct_grid,
2022-07-10,KARNATAKA,Belagavi,5772,BELAGAVI,273228,KALAKHAMBA,2.661074209739801,5,area_weighted,
2022-07-10,KARNATAKA,Belagavi,5772,BELAGAVI,215699,KANGRALI B.K,2.709955527581866,3,area_weighted,
2022-07-10,KARNATAKA,Belagavi,5772,BELAGAVI,215700,KANGRALI K.H,2.677377700805664,1,direct_grid,
2022-07-10,KARNATAKA,Belagavi,5772,BELAGAVI,273229,KARDIGUDDI,2.6040823276009144,4,area_weighted,
2022-07-10,KARNATAKA,Belagavi,5772,BELAGAVI,215701,KEDHANUR,2.8609537755966614,2,area_weighted,
2022-07-10,KARNATAKA,Belagavi,5772,BELAGAVI,215702,KINYE,2.4468085765838623,1,direct_grid,
2022-07-10,KARNATAKA,Belagavi,5772,BELAGAVI,215703,KUDRAMANI,2.0058454407875757,4,area_weighted,
2022-07-10,KARNATAKA,Belagavi,5772,BELAGAVI,273230,KUKADOLLI,2.915038356294867,2,area_weighted,
2022-07-10,KARNATAKA,Belagavi,5772,BELAGAVI,215705,MANDOLI,2.614000994582929,2,area_weighted,
2022-07-10,KARNATAKA,Belagavi,5772,BELAGAVI,215706,MARIHAL,2.5959595112752907,3,area_weighted,
2022-07-10,KARNATAKA,Belagavi,5772,BELAGAVI,215707,MASTMARDI,2.5989646911621094,1,direct_grid,
2022-07-10,KARNATAKA,Belagavi,5772,BELAGAVI,273231,MODAGA,2.5761055946350098,1,direct_grid,
2022-07-10,KARNATAKA,Belagavi,5772,BELAGAVI,215708,MUCHHANDI,2.6289491653442383,1,area_weighted,
2022-07-10,KARNATAKA,Belagavi,5772,BELAGAVI,215709,MUTAGA,2.6111351976613726,2,area_weighted,
2022-07-10,KARNATAKA,Belagavi,5772,BELAGAVI,215710,MUTHNAL,2.829564505321125,4,area_weighted,
2022-07-10,KARNATAKA,Belagavi,5772,BELAGAVI,215711,NANDHIHALLI,2.9150686264038086,1,direct_grid,
2022-07-10,KARNATAKA,Belagavi,5772,BELAGAVI,215712,NILAJI,2.615916544718551,5,area_weighted,
2022-07-10,KARNATAKA,Belagavi,5772,BELAGAVI,215714,RANGADOLHI,3.4857704639434814,1,direct_grid,
2022-07-10,KARNATAKA,Belagavi,5772,BELAGAVI,215715,SAMBRA,2.6063135237091952,2,area_weighted,
2022-07-10,KARNATAKA,Belagavi,5772,BELAGAVI,215716,SANTIBASTWAD,2.763505885960736,2,area_weighted,
2022-07-10,KARNATAKA,Belagavi,5772,BELAGAVI,215717,SULAGE Y,2.804374127752697,5,area_weighted,
2022-07-10,KARNATAKA,Belagavi,5772,BELAGAVI,215718,SULAGE(U),2.56592127023149,3,area_weighted,
2022-07-10,KARNATAKA,Belagavi,5772,BELAGAVI,215719,SULEBHAVI,2.602194309234619,1,direct_grid,
2022-07-10,KARNATAKA,Belagavi,5772,BELAGAVI,215720,TARIHAL,2.6682672892604407,4,area_weighted,
2022-07-10,KARNATAKA,Belagavi,5772,BELAGAVI,215721,THUMERGUDI,2.8894076347351074,2,direct_grid,
2022-07-10,KARNATAKA,Belagavi,5772,BELAGAVI,215722,TURMARI,2.386380434036255,1,direct_grid,
2022-07-10,KARNATAKA,Belagavi,5772,BELAGAVI,215723,UCHANGAON,2.6145394511939446,3,area_weighted,
2022-07-10,KARNATAKA,Belagavi,5772,BELAGAVI,273232,WAGHAWADE,2.7769765853881836,1,direct_grid,
2022-07-10,KARNATAKA,Belagavi,5772,BELAGAVI,215724,YALLUR,2.7086046673355995,4,area_weighted,
2022-07-10,KARNATAKA,Belagavi,5773,BYLAHONGAL,215725,AMATUR,2.544259548187256,1,direct_grid,
2022-07-10,KARNATAKA,Belagavi,5773,BYLAHONGAL,215727,ANIGOL,2.3539816669137523,2,area_weighted,
2022-07-10,KARNATAKA,Belagavi,5773,BYLAHONGAL,215730,BAILWAD,2.485576161238531,5,area_weighted,
2022-07-10,KARNATAKA,Belagavi,5773,BYLAHONGAL,215731,BELAVADI,2.514390230178833,1,direct_grid,
2022-07-10,KARNATAKA,Belagavi,5773,BYLAHONGAL,215732,BHAVIHAL,2.7074880599975586,1,direct_grid,
2022-07-10,KARNATAKA,Belagavi,5773,BYLAHONGAL,215733,BUDARKATTI,2.489389419555664,1,direct_grid,
2022-07-10,KARNATAKA,Belagavi,5773,BYLAHONGAL,215734,CHIKKABAGEWADI,2.7278381998652685,5,area_weighted,
2022-07-10,KARNATAKA,Belagavi,5773,BYLAHONGAL,215735,CHIVATGUNDI,2.5231263637542725,1,direct_grid,
2022-07-10,KARNATAKA,Belagavi,5773,BYLAHONGAL,215739,DESHANUR,2.8787237405776978,2,direct_grid,
2022-07-10,KARNATAKA,Belagavi,5773,BYLAHONGAL,215740,DEVALAPUR,2.5440711721907943,4,area_weighted,
2022-07-10,KARNATAKA,Belagavi,5773,BYLAHONGAL,215741,DODAVAD,2.4166725873947144,2,direct_grid,
2022-07-10,KARNATAKA,Belagavi,5773,BYLAHONGAL,215742,GOVANKOPPA,2.404330253601074,1,direct_grid,
2022-07-10,KARNATAKA,Belagavi,5773,BYLAHONGAL,215743,H.NAGALAPUR,2.670771740391065,4,area_weighted,
2022-07-10,KARNATAKA,Belagavi,5773,BYLAHONGAL,215744,HANABARATTI,3.1853020191192627,1,direct_grid,
2022-07-10,KARNATAKA,Belagavi,5773,BYLAHONGAL,215745,HANNNIKERI,2.5726635456085205,1,direct_grid,
2022-07-10,KARNATAKA,Belagavi,5773,BYLAHONGAL,215747,HOLIHOSUR,2.779179334640503,1,direct_grid,
2022-07-10,KARNATAKA,Belagavi,5773,BYLAHONGAL,215751,KENGANUR,2.487766742706299,1,direct_grid,
2022-07-10,KARNATAKA,Belagavi,5773,BYLAHONGAL,215755,M. NAGALAPUR,2.7568197655766014,4,area_weighted,
2022-07-10,KARNATAKA,Belagavi,5773,BYLAHONGAL,273227,MALLAPUR K.N,2.7976492633545784,4,area_weighted,
2022-07-10,KARNATAKA,Belagavi,5773,BYLAHONGAL,215757,MARIKATTI,2.6568655967712402,1,direct_grid,
2022-07-10,KARNATAKA,Belagavi,5773,BYLAHONGAL,215758,MEKALAMARDI,2.5015439987182617,1,direct_grid,
2022-07-10,KARNATAKA,Belagavi,5773,BYLAHONGAL,215759,MURAKIBHAVI,2.519643917068867,4,area_weighted,
2022-07-10,KARNATAKA,Belagavi,5773,BYLAHONGAL,215760,NAGANUR,2.443049430847168,1,direct_grid,
2022-07-10,KARNATAKA,Belagavi,5773,BYLAHONGAL,215761,NEGINHAL,2.616915464401245,1,direct_grid,
2022-07-10,KARNATAKA,Belagavi,5773,BYLAHONGAL,215762,NESARGI,2.5693752995952144,2,area_weighted,
2022-07-10,KARNATAKA,Belagavi,5773,BYLAHONGAL,215764,PATTIHAL K.B,2.542195879488637,2,area_weighted,
2022-07-10,KARNATAKA,Belagavi,5773,BYLAHONGAL,215765,SAMPGAON,2.727362871170044,1,direct_grid,
2022-07-10,KARNATAKA,Belagavi,5773,BYLAHONGAL,215766,SANGOLLI,2.5576724143521874,3,area_weighted,
2022-07-10,KARNATAKA,Belagavi,5773,BYLAHONGAL,215767,SUTAGATTI,2.6319563388824463,1,direct_grid,
2022-07-10,KARNATAKA,Belagavi,5773,BYLAHONGAL,215768,T. SHIGIHALLI,2.561603894879389,4,area_weighted,
2022-07-10,KARNATAKA,Belagavi,5773,BYLAHONGAL,215769,TIGADI,2.689868511458008,3,area_weighted,
2022-07-10,KARNATAKA,Belagavi,5773,BYLAHONGAL,215772,UDAKERI,2.4546689987182617,1,direct_grid,
2022-07-10,KARNATAKA,Belagavi,5773,BYLAHONGAL,215774,VAKKUND,2.407397146265442,6,area_weighted,
2022-07-10,KARNATAKA,Belagavi,5773,BYLAHONGAL,215775,VANNUR,2.801408529281616,1,direct_grid,
2022-07-10,KARNATAKA,Belagavi,5774,CHIKODI,215778,ANKALI,2.211079732715932,4,area_weighted,
2022-07-10,KARNATAKA,Belagavi,5774,CHIKODI,215780,BAMBALAWAD,2.1272469559190013,4,area_weighted,
2022-07-10,KARNATAKA,Belagavi,5774,CHIKODI,215783,BELAKUD,2.147643092029692,2,area_weighted,
2022-07-10,KARNATAKA,Belagavi,5774,CHIKODI,215787,CHANDUR,2.171441078186035,1,direct_grid,
2022-07-10,KARNATAKA,Belagavi,5774,CHIKODI,215788,CHIKKALAWAL,2.0819015607748157,4,area_weighted,
2022-07-10,KARNATAKA,Belagavi,5774,CHIKODI,215789,CHINCHANI,2.083324670791626,2,direct_grid,
2022-07-10,KARNATAKA,Belagavi,5774,CHIKODI,215792,HATTARAWAT,1.7282522916793823,1,direct_grid,
2022-07-10,KARNATAKA,Belagavi,5774,CHIKODI,215793,HIREKODI,2.15565824508667,1,direct_grid,
2022-07-10,KARNATAKA,Belagavi,5774,CHIKODI,215795,INGALI,2.2970635890960693,1,direct_grid,
2022-07-10,KARNATAKA,Belagavi,5774,CHIKODI,215796,JAGNUR,1.9960923194885254,1,direct_grid,
2022-07-10,KARNATAKA,Belagavi,5774,CHIKODI,215797,JAINAPUR,1.9913658315754916,2,area_weighted,
2022-07-10,KARNATAKA,Belagavi,5774,CHIKODI,215798,JANWAD,1.8905179925338964,4,area_weighted,
2022-07-10,KARNATAKA,Belagavi,5774,CHIKODI,215800,JODAKURALI,2.2195943399657496,4,area_weighted,
2022-07-10,KARNATAKA,Belagavi,5774,CHIKODI,215802,KADAPUR,2.3593344688415527,1,direct_grid,
2022-07-10,KARNATAKA,Belagavi,5774,CHIKODI,215803,KALLOL,2.159263849258423,1,direct_grid,
2022-07-10,KARNATAKA,Belagavi,5774,CHIKODI,215804,KARAGAON,2.136016607284546,1,direct_grid,
2022-07-10,KARNATAKA,Belagavi,5774,CHIKODI,215806,KAROSHI,2.074849515916047,4,area_weighted,
2022-07-10,KARNATAKA,Belagavi,5774,CHIKODI,215807,KERUR,2.2028517723083496,1,direct_grid,
2022-07-10,KARNATAKA,Belagavi,5774,CHIKODI,215808,KHADAKLAT,2.058016777038574,1,direct_grid,
2022-07-10,KARNATAKA,Belagavi,5774,CHIKODI,215811,KOTHALI,1.7777944209065897,5,area_weighted,
2022-07-10,KARNATAKA,Belagavi,5774,CHIKODI,215815,MALIKAWAD,2.0800297873396074,5,area_weighted,
2022-07-10,KARNATAKA,Belagavi,5774,CHIKODI,215819,MANJARI,2.1819735237404276,4,area_weighted,
2022-07-10,KARNATAKA,Belagavi,5774,CHIKODI,215820,MUGALI,2.092047691345215,1,direct_grid,
2022-07-10,KARNATAKA,Belagavi,5774,CHIKODI,215821,NAGARAL,2.1137843939717857,2,area_weighted,
2022-07-10,KARNATAKA,Belagavi,5774,CHIKODI,215822,NAGARMUNOLI,2.2380900382995605,1,direct_grid,
2022-07-10,KARNATAKA,Belagavi,5774,CHIKODI,215823,NAINGLAJ,1.8554299279893227,4,area_weighted,
2022-07-10,KARNATAKA,Belagavi,5774,CHIKODI,215824,NANADI,2.3029141426086426,1,direct_grid,
2022-07-10,KARNATAKA,Belagavi,5774,CHIKODI,215825,NAVALIHAL,1.7590014338493347,2,direct_grid,
2022-07-10,KARNATAKA,Belagavi,5774,CHIKODI,215826,NEJ,2.0282064080238342,2,direct_grid,
2022-07-10,KARNATAKA,Belagavi,5774,CHIKODI,215827,PATTANKUDI,2.025465250015259,1,direct_grid,
2022-07-10,KARNATAKA,Belagavi,5774,CHIKODI,215828,SHAMANEWADI,1.8266469240188599,1,direct_grid,
2022-07-10,KARNATAKA,Belagavi,5774,CHIKODI,215831,SHIRAGOAN,2.033740282058716,1,direct_grid,
2022-07-10,KARNATAKA,Belagavi,5774,CHIKODI,215835,UMARANI,2.1872618198394775,1,direct_grid,
2022-07-10,KARNATAKA,Belagavi,5774,CHIKODI,215836,VADRAL,1.9733929634094238,1,direct_grid,
2022-07-10,KARNATAKA,Belagavi,5774,CHIKODI,215837,WALAKI,1.970284104347229,1,direct_grid,
2022-07-10,KARNATAKA,Belagavi,5774,CHIKODI,215838,YADOOR,2.1702762976725127,4,area_weighted,
2022-07-10,KARNATAKA,Belagavi,5775,GOKAK,215845,BADIGAVAD,1.4713080333381172,2,area_weighted,
2022-07-10,KARNATAKA,Belagavi,5775,GOKAK,215846,BALOBAL,2.0057534002388113,4,area_weighted,
2022-07-10,KARNATAKA,Belagavi,5775,GOKAK,273234,BENACHINAMARADI,3.1799311585703367,4,area_weighted,
2022-07-10,KARNATAKA,Belagavi,5775,GOKAK,215847,BENACHINAMARDI,2.9352689837323394,3,area_weighted,
2022-07-10,KARNATAKA,Belagavi,5775,GOKAK,215848,BETAGERI,2.0659170150756836,1,direct_grid,
2022-07-10,KARNATAKA,Belagavi,5775,GOKAK,273235,DANDAPURA,1.972377481230444,4,area_weighted,
2022-07-10,KARNATAKA,Belagavi,5775,GOKAK,215852,DURADUNDI,1.4487497806549072,1,direct_grid,
2022-07-10,KARNATAKA,Belagavi,5775,GOKAK,215853,GOSABAL,1.989624261856079,1,direct_grid,
2022-07-10,KARNATAKA,Belagavi,5775,GOKAK,215854,GUJANAL,3.6228525638580322,1,direct_grid,
2022-07-10,KARNATAKA,Belagavi,5775,GOKAK,215856,HIRENANDI,2.5341129899024963,4,direct_grid,
2022-07-10,KARNATAKA,Belagavi,5775,GOKAK,215859,KALLIGUDDI,2.228102445602417,1,direct_grid,
2022-07-10,KARNATAKA,Belagavi,5775,GOKAK,215861,KHANAGAON,3.320099949836731,2,direct_grid,
2022-07-10,KARNATAKA,Belagavi,5775,GOKAK,215862,KOLAVI,2.6387150287628174,2,direct_grid,
2022-07-10,KARNATAKA,Belagavi,5775,GOKAK,215863,KONNUR (RURAL),2.575030340753006,6,area_weighted,
2022-07-10,KARNATAKA,Belagavi,5775,GOKAK,215864,KOUJALAGI,2.1318442821502686,1,direct_grid,
2022-07-10,KARNATAKA,Belagavi,5775,GOKAK,215866,KUNDARAGI,2.839049816131592,1,direct_grid,
2022-07-10,KARNATAKA,Belagavi,5775,GOKAK,215867,LOLASUR,2.2890929843902637,3,area_weighted,
2022-07-10,KARNATAKA,Belagavi,5775,GOKAK,215868,MADAVAL,3.0884426037470494,3,direct_grid,
2022-07-10,KARNATAKA,Belagavi,5775,GOKAK,215869,MAKKALAGERI,2.6561003448087526,11,area_weighted,
2022-07-10,KARNATAKA,Belagavi,5775,GOKAK,215870,MALADINNI,2.5023930072784424,1,direct_grid,
2022-07-10,KARNATAKA,Belagavi,5775,GOKAK,215872,MAMADAPUR,2.449775577109225,7,area_weighted,
2022-07-10,KARNATAKA,Belagavi,5775,GOKAK,215873,MASAGUPPI,1.7256921364034405,2,area_weighted,
2022-07-10,KARNATAKA,Belagavi,5775,GOKAK,215874,MELAWANKI,2.3487430774387787,4,area_weighted,
2022-07-10,KARNATAKA,Belagavi,5775,GOKAK,215877,NALLANATTI,2.2654905319213867,1,direct_grid,
2022-07-10,KARNATAKA,Belagavi,5775,GOKAK,215878,NANDAGAON,2.2640013694763184,1,direct_grid,
2022-07-10,KARNATAKA,Belagavi,5775,GOKAK,215879,PHAMALADINNI,1.757825548260878,4,area_weighted,
2022-07-10,KARNATAKA,Belagavi,5775,GOKAK,215881,SHILTIBHAVI,2.842034339904785,1,direct_grid,
2022-07-10,KARNATAKA,Belagavi,5775,GOKAK,215883,SIDHIKURABET,2.293480634689331,1,direct_grid,
2022-07-10,KARNATAKA,Belagavi,5775,GOKAK,215884,SULADHALA,3.2703960263114977,6,area_weighted,
2022-07-10,KARNATAKA,Belagavi,5775,GOKAK,215886,TALAKATNAL,2.157327890396118,1,direct_grid,
2022-07-10,KARNATAKA,Belagavi,5775,GOKAK,273242,TAPASI,2.3461456298828125,1,direct_grid,
2022-07-10,KARNATAKA,Belagavi,5775,GOKAK,215887,TAWAGA,2.853572368621826,3,direct_grid,
2022-07-10,KARNATAKA,Belagavi,5775,GOKAK,274212,TIGADI,1.7409786923211654,4,area_weighted,
2022-07-10,KARNATAKA,Belagavi,5775,GOKAK,215889,UDAGATTI,2.258208990097046,1,direct_grid,
2022-07-10,KARNATAKA,Belagavi,5776,HUKERI,215892,AMMANGI,1.7894606590270996,1,direct_grid,
2022-07-10,KARNATAKA,Belagavi,5776,HUKERI,215893,ANKALI,1.454565167140987,2,area_weighted,
2022-07-10,KARNATAKA,Belagavi,5776,HUKERI,215894,B ALUR,1.779859185218811,1,direct_grid,
2022-07-10,KARNATAKA,Belagavi,5776,HUKERI,215895,B BAGEWADI,1.9593232870101929,1,direct_grid,
2022-07-10,KARNATAKA,Belagavi,5776,HUKERI,215896,BAD,1.863246366257147,4,area_weighted,
2022-07-10,KARNATAKA,Belagavi,5776,HUKERI,215897,BADAKUNDHRI,2.400223905996626,4,area_weighted,
2022-07-10,KARNATAKA,Belagavi,5776,HUKERI,215898,BASAPUR,3.0859947204589844,1,direct_grid,
2022-07-10,KARNATAKA,Belagavi,5776,HUKERI,215899,BASTWAD,2.2369518280029297,1,direct_grid,
2022-07-10,KARNATAKA,Belagavi,5776,HUKERI,215900,BELAVI,1.828366345515779,4,area_weighted,
2022-07-10,KARNATAKA,Belagavi,5776,HUKERI,215901,BENAWAD,2.227912187576294,1,direct_grid,
2022-07-10,KARNATAKA,Belagavi,5776,HUKERI,215902,BORGAL,1.8078620020925713,4,area_weighted,
2022-07-10,KARNATAKA,Belagavi,5776,HUKERI,215903,DADDI,2.9022364412940647,2,area_weighted,
2022-07-10,KARNATAKA,Belagavi,5776,HUKERI,215904,GOTAGERI,2.587871991715782,4,area_weighted,
2022-07-10,KARNATAKA,Belagavi,5776,HUKERI,215905,GOTUR,1.2870300667957078,5,area_weighted,
2022-07-10,KARNATAKA,Belagavi,5776,HUKERI,215906,GUDAS,1.341597557067871,1,direct_grid,
2022-07-10,KARNATAKA,Belagavi,5776,HUKERI,215907,HANCHINAL,2.6817328929901123,1,direct_grid,
2022-07-10,KARNATAKA,Belagavi,5776,HUKERI,215908,HARAGAPUR,1.7808176279067993,1,direct_grid,
2022-07-10,KARNATAKA,Belagavi,5776,HUKERI,215909,HEBBAL,1.8314288760387907,4,area_weighted,
2022-07-10,KARNATAKA,Belagavi,5776,HUKERI,215910,HITTANI,2.0154457092285156,1,direct_grid,
2022-07-10,KARNATAKA,Belagavi,5776,HUKERI,215911,HOSPET,2.6932179927825928,1,direct_grid,
2022-07-10,KARNATAKA,Belagavi,5776,HUKERI,215912,HOSUR,2.5198127319187593,4,area_weighted,
2022-07-10,KARNATAKA,Belagavi,5776,HUKERI,215913,HULLOLI,1.4426394306672905,3,area_weighted,
2022-07-10,KARNATAKA,Belagavi,5776,HUKERI,215914,ISLAMPUR,3.0170183181762695,2,direct_grid,
2022-07-10,KARNATAKA,Belagavi,5776,HUKERI,215915,KAMATNUR,1.2371576844444767,4,area_weighted,
2022-07-10,KARNATAKA,Belagavi,5776,HUKERI,215916,KANAGALA,1.9020641835138123,4,area_weighted,
2022-07-10,KARNATAKA,Belagavi,5776,HUKERI,215917,KARAGUPPI,2.9318884755341967,5,area_weighted,
2022-07-10,KARNATAKA,Belagavi,5776,HUKERI,215918,KESTHI,1.6151583815829704,3,area_weighted,
2022-07-10,KARNATAKA,Belagavi,5776,HUKERI,215919,KOCHERI,1.827643386705203,3,area_weighted,
2022-07-10,KARNATAKA,Belagavi,5776,HUKERI,215920,KONANKERI,1.8212292194366455,1,direct_grid,
2022-07-10,KARNATAKA,Belagavi,5776,HUKERI,215921,KOT,2.660457049862729,4,area_weighted,
2022-07-10,KARNATAKA,Belagavi,5776,HUKERI,215922,KOTABAGI,1.3530341386795044,1,direct_grid,
2022-07-10,KARNATAKA,Belagavi,5776,HUKERI,215923,KURANI,2.188523530960083,1,direct_grid,
2022-07-10,KARNATAKA,Belagavi,5776,HUKERI,215924,MADHIHALLI,1.8629837333535844,6,area_weighted,
2022-07-10,KARNATAKA,Belagavi,5776,HUKERI,215925,MANAGUTHI,2.8606579303741455,1,direct_grid,
2022-07-10,KARNATAKA,Belagavi,5776,HUKERI,215926,MATHIWADE,1.8495803189590034,4,area_weighted,
2022-07-10,KARNATAKA,Belagavi,5776,HUKERI,215927,MAVANUR,2.8980324268341064,2,direct_grid,
2022-07-10,KARNATAKA,Belagavi,5776,HUKERI,215928,NAGANUR K D,2.752293109893799,2,direct_grid,
2022-07-10,KARNATAKA,Belagavi,5776,HUKERI,215929,NEDASOSI,1.573387861251831,1,direct_grid,
2022-07-10,KARNATAKA,Belagavi,5776,HUKERI,215930,NERALI,1.306481122970581,1,direct_grid,
2022-07-10,KARNATAKA,Belagavi,5776,HUKERI,215931,PACHAPUR,2.9204466342926025,1,direct_grid,
2022-07-10,KARNATAKA,Belagavi,5776,HUKERI,215932,RUSTAMPUR,2.8795533180236816,1,direct_grid,
2022-07-10,KARNATAKA,Belagavi,5776,HUKERI,215933,SALAMWADI,2.6286735458620827,5,area_weighted,
2022-07-10,KARNATAKA,Belagavi,5776,HUKERI,215934,SARAPUR,1.9232444763183594,1,direct_grid,
2022-07-10,KARNATAKA,Belagavi,5776,HUKERI,215935,SHABANDAR,3.0899007320404053,1,direct_grid,
2022-07-10,KARNATAKA,Belagavi,5776,HUKERI,274150,SHIRADAANA,1.364757924253658,2,area_weighted,
2022-07-10,KARNATAKA,Belagavi,5776,HUKERI,215936,SOLAPUR,1.5421282761395878,4,area_weighted,
2022-07-10,KARNATAKA,Belagavi,5776,HUKERI,215937,SULTHANAPUT,2.2451427604438257,2,area_weighted,
2022-07-10,KARNATAKA,Belagavi,5776,HUKERI,215938,THANA HATERGI,2.6751360218974347,4,area_weighted,
2022-07-10,KARNATAKA,Belagavi,5776,HUKERI,215939,U KHANAPUR,2.5635387897491455,1,direct_grid,
2022-07-10,KARNATAKA,Belagavi,5776,HUKERI,215940,YADAGUD,1.980737105658021,2,area_weighted,
2022-07-10,KARNATAKA,Belagavi,5776,HUKERI,215941,YAMAKANMARDI,2.9174036979675293,1,direct_grid,
2022-07-10,KARNATAKA,Belagavi,5776,HUKERI,215942,YELIMUNALLI,1.8970500230789185,1,direct_grid,
2022-07-10,KARNATAKA,Belagavi,7372,KAGAWADA,215632,JUGUL,2.192778706550598,2,direct_grid,
2022-07-10,KARNATAKA,Belagavi,7372,KAGAWADA,215637,KEMPAWAD,1.9152717590332031,2,direct_grid,
2022-07-10,KARNATAKA,Belagavi,7372,KAGAWADA,215642,KRISHNA KITTUR,1.737302045050834,4,area_weighted,
2022-07-10,KARNATAKA,Belagavi,7372,KAGAWADA,215643,KUSNAL,2.0121920108795166,1,direct_grid,
2022-07-10,KARNATAKA,Belagavi,7372,KAGAWADA,215647,MANGASULI,1.8960338433583575,3,direct_grid,
2022-07-10,KARNATAKA,Belagavi,7372,KAGAWADA,215648,MOLE,1.8645020127296448,2,direct_grid,
2022-07-10,KARNATAKA,Belagavi,7372,KAGAWADA,215663,SHIRAGUPPI,2.256991222434975,4,area_weighted,
2022-07-10,KARNATAKA,Belagavi,7372,KAGAWADA,215668,UGAR B K,2.052053451538086,1,direct_grid,
2022-07-10,KARNATAKA,Belagavi,5777,KHANAPUR,215943,AMATE,1.9118184645970662,3,direct_grid,
2022-07-10,KARNATAKA,Belagavi,5777,KHANAPUR,215944,BAILUR,1.9916958808898926,1,direct_grid,
2022-07-10,KARNATAKA,Belagavi,5777,KHANAPUR,215945,BARAGAON,2.9852474871070878,2,area_weighted,
2022-07-10,KARNATAKA,Belagavi,5777,KHANAPUR,215946,BEEDI,2.988980293273926,1,direct_grid,
2022-07-10,KARNATAKA,Belagavi,5777,KHANAPUR,215947,BEKAWAD,3.07657527923584,1,direct_grid,
2022-07-10,KARNATAKA,Belagavi,5777,KHANAPUR,215948,BHURUNAKI,2.8334152698516846,1,direct_grid,
2022-07-10,KARNATAKA,Belagavi,5777,KHANAPUR,215949,BIJAGARNI,2.939439296722412,1,direct_grid,
2022-07-10,KARNATAKA,Belagavi,5777,KHANAPUR,215950,CHAPAGAON,3.0441116876087024,4,area_weighted,
2022-07-10,KARNATAKA,Belagavi,5777,KHANAPUR,215951,DEVALATTI,2.9927540410570463,2,area_weighted,
2022-07-10,KARNATAKA,Belagavi,5777,KHANAPUR,215952,GANDIGAWAD,3.0030372407220476,4,area_weighted,
2022-07-10,KARNATAKA,Belagavi,5777,KHANAPUR,215953,GODOLI,3.0987300872802734,1,direct_grid,
2022-07-10,KARNATAKA,Belagavi,5777,KHANAPUR,215954,GOLALLI,1.711984215807744,6,area_weighted,
2022-07-10,KARNATAKA,Belagavi,5777,KHANAPUR,215955,GOTAGALI,2.9976277351379395,1,direct_grid,
2022-07-10,KARNATAKA,Belagavi,5777,KHANAPUR,215956,GUNJI,2.5387394428253174,1,direct_grid,
2022-07-10,KARNATAKA,Belagavi,5777,KHANAPUR,215957,GURLAGUNJI,2.938591957092285,1,direct_grid,
2022-07-10,KARNATAKA,Belagavi,5777,KHANAPUR,215958,HALAGA,2.850189208984375,2,direct_grid,
2022-07-10,KARNATAKA,Belagavi,5777,KHANAPUR,215959,HALAKARNI,2.7310495376586914,1,direct_grid,
2022-07-10,KARNATAKA,Belagavi,5777,KHANAPUR,215960,HALASI,2.9648486385044284,4,area_weighted,
2022-07-10,KARNATAKA,Belagavi,5777,KHANAPUR,215961,HEBBAL,3.026319980621338,1,direct_grid,
2022-07-10,KARNATAKA,Belagavi,5777,KHANAPUR,215962,HIREHATTIHOLI,2.932892322540283,1,direct_grid,
2022-07-10,KARNATAKA,Belagavi,5777,KHANAPUR,215963,HIREMUNOLLI,3.01629900932312,1,direct_grid,
2022-07-10,KARNATAKA,Belagavi,5777,KHANAPUR,215964,IDDALAHONDA,2.7914509818234947,3,area_weighted,
2022-07-10,KARNATAKA,Belagavi,5777,KHANAPUR,215965,ITAGI,2.9715290680604585,4,area_weighted,
2022-07-10,KARNATAKA,Belagavi,5777,KHANAPUR,215966,JAMBOTI,2.264653444290161,2,direct_grid,
2022-07-10,KARNATAKA,Belagavi,5777,KHANAPUR,215967,KADATANABAGEWADI,3.041666269302368,1,direct_grid,
2022-07-10,KARNATAKA,Belagavi,5777,KHANAPUR,215968,KAKKERI,2.87933428897879,4,area_weighted,
2022-07-10,KARNATAKA,Belagavi,5777,KHANAPUR,215969,KANAKUMBI,2.0429446697235107,1,direct_grid,
2022-07-10,KARNATAKA,Belagavi,5777,KHANAPUR,215970,KAPOLI KG,2.45552659034729,2,direct_grid,
2022-07-10,KARNATAKA,Belagavi,5777,KHANAPUR,215971,KARMBLA,2.895551132707432,4,area_weighted,
2022-07-10,KARNATAKA,Belagavi,5777,KHANAPUR,215972,KASABA NANDAGAD,3.015782356262207,1,direct_grid,
2022-07-10,KARNATAKA,Belagavi,5777,KHANAPUR,215973,KHERAWAD,2.9288501739501953,1,direct_grid,
2022-07-10,KARNATAKA,Belagavi,5777,KHANAPUR,215974,KODACAWAD,3.036837339401245,1,direct_grid,
2022-07-10,KARNATAKA,Belagavi,5777,KHANAPUR,215975,LINGANAMATH,3.0009701251983643,1,direct_grid,
2022-07-10,KARNATAKA,Belagavi,5777,KHANAPUR,215976,LOKOLI,3.0009264945983887,1,direct_grid,
2022-07-10,KARNATAKA,Belagavi,5777,KHANAPUR,215977,LONDA,2.489503860473633,1,area_weighted,
2022-07-10,KARNATAKA,Belagavi,5777,KHANAPUR,215978,MANGENKOPP,2.9389135863967533,5,area_weighted,
2022-07-10,KARNATAKA,Belagavi,5777,KHANAPUR,215979,MANTURGA,2.692410707473755,1,direct_grid,
2022-07-10,KARNATAKA,Belagavi,5777,KHANAPUR,215980,MOHISETT,2.4839592774709063,3,direct_grid,
2022-07-10,KARNATAKA,Belagavi,5777,KHANAPUR,215981,NAGARGALI,3.1744656562805176,2,direct_grid,
2022-07-10,KARNATAKA,Belagavi,5777,KHANAPUR,215982,NAGURDA,2.7214531898498535,1,direct_grid,
2022-07-10,KARNATAKA,Belagavi,5777,KHANAPUR,215983,NANDAGAD,2.9721417583186014,5,area_weighted,
2022-07-10,KARNATAKA,Belagavi,5777,KHANAPUR,215984,NANJANAKODAL,3.0171762664456434,5,area_weighted,
2022-07-10,KARNATAKA,Belagavi,5777,KHANAPUR,215985,NERASE,2.493086278438568,4,direct_grid,
2022-07-10,KARNATAKA,Belagavi,5777,KHANAPUR,215986,NILAWADE,2.396878719329834,1,direct_grid,
2022-07-10,KARNATAKA,Belagavi,5777,KHANAPUR,215987,NITTUR,2.7462191581726074,1,direct_grid,
2022-07-10,KARNATAKA,Belagavi,5777,KHANAPUR,215988,PARAWAD,4.198545455932617,3,direct_grid,
2022-07-10,KARNATAKA,Belagavi,5777,KHANAPUR,215989,PARISAWAD,2.9523808241667195,3,area_weighted,
2022-07-10,KARNATAKA,Belagavi,5777,KHANAPUR,215990,RAMAGURWADI,2.733979966977688,6,area_weighted,
2022-07-10,KARNATAKA,Belagavi,5777,KHANAPUR,215991,SHINDOLLI,2.646829142958454,5,area_weighted,
2022-07-10,KARNATAKA,Belagavi,5777,KHANAPUR,215992,SHIROLI,2.4415210247039796,5,direct_grid,
2022-07-10,KARNATAKA,Belagavi,5777,KHANAPUR,215993,TOPINAKATTI,2.943171812388323,3,area_weighted,
2022-07-10,KARNATAKA,Belagavi,7364,KITTUR,215726,AMBADGATTI,2.945484161376953,1,direct_grid,
2022-07-10,KARNATAKA,Belagavi,7364,KITTUR,215728,AVARADI,2.7005277554644076,5,area_weighted,
2022-07-10,KARNATAKA,Belagavi,7364,KITTUR,215729,BAILUR,2.9489821294781877,4,area_weighted,
2022-07-10,KARNATAKA,Belagavi,7364,KITTUR,215736,D.SHIGIHALLI,2.959481293912537,3,area_weighted,
2022-07-10,KARNATAKA,Belagavi,7364,KITTUR,215737,DASTIKOPPA,2.898242712020874,1,direct_grid,
2022-07-10,KARNATAKA,Belagavi,7364,KITTUR,215738,DEGAON,2.8531389236450195,2,direct_grid,
2022-07-10,KARNATAKA,Belagavi,7364,KITTUR,215746,HIRENANDIHALLI,2.659080982208252,2,direct_grid,
2022-07-10,KARNATAKA,Belagavi,7364,KITTUR,215748,HUNASIKATTI,2.892822027206421,1,direct_grid,
2022-07-10,KARNATAKA,Belagavi,7364,KITTUR,215749,KADROLLI,2.904123122937043,4,area_weighted,
2022-07-10,KARNATAKA,Belagavi,7364,KITTUR,215750,KALABHAVI,2.710622549057007,1,direct_grid,
2022-07-10,KARNATAKA,Belagavi,7364,KITTUR,215752,KHODANPUR,2.5864224433898926,1,direct_grid,
2022-07-10,KARNATAKA,Belagavi,7364,KITTUR,215754,KULAVALLI,2.5567545890808105,1,direct_grid,
2022-07-10,KARNATAKA,Belagavi,7364,KITTUR,215763,NICHANAKI,2.7217342853546143,1,direct_grid,
2022-07-10,KARNATAKA,Belagavi,7364,KITTUR,215770,TIGADOLLI,2.9750926238539135,3,area_weighted,
2022-07-10,KARNATAKA,Belagavi,7364,KITTUR,215771,TURMARI,2.7581516518626907,4,area_weighted,
2022-07-10,KARNATAKA,Belagavi,7364,KITTUR,215773,UGARKHOD,2.9499292373657227,1,direct_grid,
2022-07-10,KARNATAKA,Belagavi,7373,MUDALAGI,215844,AVARADI,1.917664885520935,1,direct_grid,
2022-07-10,KARNATAKA,Belagavi,7373,MUDALAGI,215849,DHARMATTI,2.0122220516204834,1,direct_grid,
2022-07-10,KARNATAKA,Belagavi,7373,MUDALAGI,215850,DHAVALESHWAR,2.1440398693084717,1,direct_grid,
2022-07-10,KARNATAKA,Belagavi,7373,MUDALAGI,273236,GUJANATTI,1.982660303290045,4,area_weighted,
2022-07-10,KARNATAKA,Belagavi,7373,MUDALAGI,215855,HALLUR,1.8680401557334996,4,area_weighted,
2022-07-10,KARNATAKA,Belagavi,7373,MUDALAGI,215857,HUNASHYAL P Y,2.0531630516052246,1,direct_grid,
2022-07-10,KARNATAKA,Belagavi,7373,MUDALAGI,215858,HUNASHYALA P G,1.6575710773468018,1,direct_grid,
2022-07-10,KARNATAKA,Belagavi,7373,MUDALAGI,273237,KAMANAKATTI,2.0716409562210405,5,area_weighted,
2022-07-10,KARNATAKA,Belagavi,7373,MUDALAGI,273238,KHANATTI,2.0560576915740967,1,direct_grid,
2022-07-10,KARNATAKA,Belagavi,7373,MUDALAGI,215865,KULAGOD,1.8228576183319092,1,direct_grid,
2022-07-10,KARNATAKA,Belagavi,7373,MUDALAGI,215875,MUNYAL,1.8997142314910889,1,direct_grid,
2022-07-10,KARNATAKA,Belagavi,7373,MUDALAGI,273240,PATAGUNDI,1.962119240163305,2,area_weighted,
2022-07-10,KARNATAKA,Belagavi,7373,MUDALAGI,215880,RAJAPUR,2.0087137087487976,2,area_weighted,
2022-07-10,KARNATAKA,Belagavi,7373,MUDALAGI,215882,SHIVAPUR (H),1.8854224681854248,1,direct_grid,
2022-07-10,KARNATAKA,Belagavi,7373,MUDALAGI,215885,SUNADHOLI,1.6488887071609497,1,direct_grid,
2022-07-10,KARNATAKA,Belagavi,7373,MUDALAGI,215888,TUKKANATTI,2.010138750076294,1,direct_grid,
2022-07-10,KARNATAKA,Belagavi,7373,MUDALAGI,215890,VADERAHATTI,1.702034831047058,1,direct_grid,
2022-07-10,KARNATAKA,Belagavi,7373,MUDALAGI,215891,YADAWAD,2.1523524820804596,4,direct_grid,
2022-07-10,KARNATAKA,Belagavi,7374,NIPPANI,215776,ADI,2.46830163832124,5,area_weighted,
2022-07-10,KARNATAKA,Belagavi,7374,NIPPANI,215777,AKKOL,2.188308563221415,4,area_weighted,
2022-07-10,KARNATAKA,Belagavi,7374,NIPPANI,215779,APPACHIWADI,2.833840155005682,4,area_weighted,
2022-07-10,KARNATAKA,Belagavi,7374,NIPPANI,215781,BARWAD,2.1346217060649675,4,area_weighted,
2022-07-10,KARNATAKA,Belagavi,7374,NIPPANI,215782,BEDKIHAL,1.9475040206070346,4,area_weighted,
2022-07-10,KARNATAKA,Belagavi,7374,NIPPANI,215784,BENADI,2.424900531768799,1,direct_grid,
2022-07-10,KARNATAKA,Belagavi,7374,NIPPANI,215785,BHOJ,2.113051652908325,1,direct_grid,
2022-07-10,KARNATAKA,Belagavi,7374,NIPPANI,273233,DONIWADI,1.9635508974706717,3,area_weighted,
2022-07-10,KARNATAKA,Belagavi,7374,NIPPANI,215791,GALATAGA,2.232067584991455,1,direct_grid,
2022-07-10,KARNATAKA,Belagavi,7374,NIPPANI,215794,HUNNARAGI,2.344601427749681,2,area_weighted,
2022-07-10,KARNATAKA,Belagavi,7374,NIPPANI,215799,JATHRAT,2.193468439078734,3,area_weighted,
2022-07-10,KARNATAKA,Belagavi,7374,NIPPANI,215805,KARDAGA,2.152473211288452,1,direct_grid,
2022-07-10,KARNATAKA,Belagavi,7374,NIPPANI,215809,KODANI,2.1394004341159714,2,area_weighted,
2022-07-10,KARNATAKA,Belagavi,7374,NIPPANI,215810,KOGANOLLI,2.444685697555542,2,direct_grid,
2022-07-10,KARNATAKA,Belagavi,7374,NIPPANI,215812,KUNNUR,2.2586517333984375,1,direct_grid,
2022-07-10,KARNATAKA,Belagavi,7374,NIPPANI,215813,KURLI,2.429978380113386,4,area_weighted,
2022-07-10,KARNATAKA,Belagavi,7374,NIPPANI,215814,LAKHANAPUR,2.1810569763183594,1,direct_grid,
2022-07-10,KARNATAKA,Belagavi,7374,NIPPANI,215816,MAMADAPUR,2.172917499688304,2,area_weighted,
2022-07-10,KARNATAKA,Belagavi,7374,NIPPANI,215817,MANAKAPUR,2.0962837482506864,4,area_weighted,
2022-07-10,KARNATAKA,Belagavi,7374,NIPPANI,215818,MANGUR,2.2550030619905166,2,area_weighted,
2022-07-10,KARNATAKA,Belagavi,7374,NIPPANI,215829,SHENDUR,1.9840131998062134,1,direct_grid,
2022-07-10,KARNATAKA,Belagavi,7374,NIPPANI,215830,SHIRADAWAD,1.8386325777919423,4,area_weighted,
2022-07-10,KARNATAKA,Belagavi,7374,NIPPANI,215832,SHIRAGUPPI,2.0368560760171075,4,area_weighted,
2022-07-10,KARNATAKA,Belagavi,7374,NIPPANI,215833,SIDNAL,2.3601108282792933,3,area_weighted,
2022-07-10,KARNATAKA,Belagavi,7374,NIPPANI,215834,SOUNDALGA,2.3827965773568573,4,area_weighted,
2022-07-10,KARNATAKA,Belagavi,7374,NIPPANI,215839,YAMAGARANI,2.2460837364196777,1,direct_grid,
2022-07-10,KARNATAKA,Belagavi,7374,NIPPANI,215840,YARNAL,2.0289893300447224,2,area_weighted,
2022-07-10,KARNATAKA,Belagavi,5779,RAMDURG,216037,AWARDHI,2.6457674503326416,1,direct_grid,
2022-07-10,KARNATAKA,Belagavi,5779,RAMDURG,216038,BANNUR,2.4939517974853516,1,direct_grid,
2022-07-10,KARNATAKA,Belagavi,5779,RAMDURG,216039,BATAKURKI,2.507292906443278,3,direct_grid,
2022-07-10,KARNATAKA,Belagavi,5779,RAMDURG,216040,CHIPALKATTI,2.378650665283203,1,direct_grid,
2022-07-10,KARNATAKA,Belagavi,5779,RAMDURG,216041,CHUNCHUNUR,2.465280055999756,1,direct_grid,
2022-07-10,KARNATAKA,Belagavi,5779,RAMDURG,216042,D SALAPUR,2.4754080772399902,1,direct_grid,
2022-07-10,KARNATAKA,Belagavi,5779,RAMDURG,216043,GHATAKANUR,2.410581588745117,1,direct_grid,
2022-07-10,KARNATAKA,Belagavi,5779,RAMDURG,216044,GODACHI,2.7609877586364746,1,direct_grid,
2022-07-10,KARNATAKA,Belagavi,5779,RAMDURG,216045,GONNAGAR,2.491140200657922,4,area_weighted,
2022-07-10,KARNATAKA,Belagavi,5779,RAMDURG,216046,HALAGATHI,2.4799835681915283,1,direct_grid,
2022-07-10,KARNATAKA,Belagavi,5779,RAMDURG,216047,HALETORGAL,2.1255128383636475,1,direct_grid,
2022-07-10,KARNATAKA,Belagavi,5779,RAMDURG,216048,HANAMAPUR,2.659407138824463,1,direct_grid,
2022-07-10,KARNATAKA,Belagavi,5779,RAMDURG,216049,HIREKOP K S,2.3836042881011963,2,direct_grid,
2022-07-10,KARNATAKA,Belagavi,5779,RAMDURG,216050,HOSAKERI,2.6781757742815104,6,area_weighted,
2022-07-10,KARNATAKA,Belagavi,5779,RAMDURG,216051,HOSAKOTI,2.4507369995117188,2,direct_grid,
2022-07-10,KARNATAKA,Belagavi,5779,RAMDURG,216052,HULAKUND,2.3377654552459717,2,direct_grid,
2022-07-10,KARNATAKA,Belagavi,5779,RAMDURG,216053,IDAGAL,2.543076992034912,1,direct_grid,
2022-07-10,KARNATAKA,Belagavi,5779,RAMDURG,216054,K CHANDARGI,2.485257863998413,2,direct_grid,
2022-07-10,KARNATAKA,Belagavi,5779,RAMDURG,216055,K JUNIPETH,2.258361577987671,2,direct_grid,
2022-07-10,KARNATAKA,Belagavi,5779,RAMDURG,216056,KANDHAPUR,2.407149314880371,1,direct_grid,
2022-07-10,KARNATAKA,Belagavi,5779,RAMDURG,216057,KATAKOL,2.749162197113037,2,direct_grid,
2022-07-10,KARNATAKA,Belagavi,5779,RAMDURG,216058,KITHUR,2.461549758911133,1,direct_grid,
2022-07-10,KARNATAKA,Belagavi,5779,RAMDURG,216059,MANIHAL,2.512535507792903,2,area_weighted,
2022-07-10,KARNATAKA,Belagavi,5779,RAMDURG,216060,MUDHAKAVI,2.579815682189263,4,area_weighted,
2022-07-10,KARNATAKA,Belagavi,5779,RAMDURG,216061,MUDHINUR,2.67217755317688,1,direct_grid,
2022-07-10,KARNATAKA,Belagavi,5779,RAMDURG,216062,MULLUR,2.180632472038269,2,direct_grid,
2022-07-10,KARNATAKA,Belagavi,5779,RAMDURG,216063,NANDHIHAL,2.557659149169922,1,direct_grid,
2022-07-10,KARNATAKA,Belagavi,5779,RAMDURG,216064,NARASAPUR,2.652951240539551,1,direct_grid,
2022-07-10,KARNATAKA,Belagavi,5779,RAMDURG,274152,OBALAPURA,2.6910743713378906,1,direct_grid,
2022-07-10,KARNATAKA,Belagavi,5779,RAMDURG,216065,SANGAL,3.109546661376953,1,direct_grid,
2022-07-10,KARNATAKA,Belagavi,5779,RAMDURG,216066,SUNNAHAL,2.5841067836871905,4,area_weighted,
2022-07-10,KARNATAKA,Belagavi,5779,RAMDURG,216067,SUREBHAN,2.5396556854248047,1,direct_grid,
2022-07-10,KARNATAKA,Belagavi,5779,RAMDURG,216068,THONDIKATTI,2.40571187476418,6,area_weighted,
2022-07-10,KARNATAKA,Belagavi,5779,RAMDURG,216069,THORANGATTI,2.41776704788208,1,direct_grid,
2022-07-10,KARNATAKA,Belagavi,5779,RAMDURG,275456,TURANUR,2.386317762767034,5,area_weighted,
2022-07-10,KARNATAKA,Belagavi,5779,RAMDURG,216071,UDHAPUDI,2.436894337336222,3,direct_grid,
2022-07-10,KARNATAKA,Belagavi,5780,RAYBAG,216072,ALAGWADI,2.000104248523712,2,direct_grid,
2022-07-10,KARNATAKA,Belagavi,5780,RAYBAG,216073,ALAKNOOR,1.8060989379882812,1,direct_grid,
2022-07-10,KARNATAKA,Belagavi,5780,RAYBAG,216074,BEKKERI,2.1714410289219073,4,area_weighted,
2022-07-10,KARNATAKA,Belagavi,5780,RAYBAG,216075,BENDWAD,2.1680787801742554,2,direct_grid,
2022-07-10,KARNATAKA,Belagavi,5780,RAYBAG,216076,BHIRDI,2.0488665103912354,1,direct_grid,
2022-07-10,KARNATAKA,Belagavi,5780,RAYBAG,216077,BYAKUD,2.037888765335083,1,direct_grid,
2022-07-10,KARNATAKA,Belagavi,5780,RAYBAG,216079,DIGGEWADI,2.3340041637420654,1,direct_grid,
2022-07-10,KARNATAKA,Belagavi,5780,RAYBAG,216080,HANDIGUND,1.9647939205169678,1,direct_grid,
2022-07-10,KARNATAKA,Belagavi,5780,RAYBAG,216082,HIDKAL,1.9382379249883073,4,area_weighted,
2022-07-10,KARNATAKA,Belagavi,5780,RAYBAG,216083,HUBBARWADI,2.3261375427246094,1,direct_grid,
2022-07-10,KARNATAKA,Belagavi,5780,RAYBAG,216084,ITNAL,1.9699960947036743,1,direct_grid,
2022-07-10,KARNATAKA,Belagavi,5780,RAYBAG,262923,Jalalpur,2.2684686265837177,2,area_weighted,
2022-07-10,KARNATAKA,Belagavi,5780,RAYBAG,216086,KAPPALGUDI,1.774956226348877,1,direct_grid,
2022-07-10,KARNATAKA,Belagavi,5780,RAYBAG,216087,KATAKBHAVI,2.1132824866760664,6,area_weighted,
2022-07-10,KARNATAKA,Belagavi,5780,RAYBAG,274151,KEMPATTI,2.2568898879343897,3,area_weighted,
2022-07-10,KARNATAKA,Belagavi,5780,RAYBAG,273243,KHANADAL,1.9709055123118988,4,area_weighted,
2022-07-10,KARNATAKA,Belagavi,5780,RAYBAG,216088,KHEMLAPUR,1.6789725334652972,3,area_weighted,
2022-07-10,KARNATAKA,Belagavi,5780,RAYBAG,216089,KOLIGUDDA,1.5001509063714724,4,area_weighted,
2022-07-10,KARNATAKA,Belagavi,5780,RAYBAG,216090,KUDACHI(R),1.8724709749221802,1,direct_grid,
2022-07-10,KARNATAKA,Belagavi,5780,RAYBAG,277523,MANTUR,2.1519541095016717,4,area_weighted,
2022-07-10,KARNATAKA,Belagavi,5780,RAYBAG,216091,MEKHALI,2.317843794822693,2,direct_grid,
2022-07-10,KARNATAKA,Belagavi,5780,RAYBAG,216092,MORAB,2.0672219492193102,2,area_weighted,
2022-07-10,KARNATAKA,Belagavi,5780,RAYBAG,216094,NANDIKURLI,2.4287619590759277,1,direct_grid,
2022-07-10,KARNATAKA,Belagavi,5780,RAYBAG,216095,NASALAPUR,2.2523387498970555,2,area_weighted,
2022-07-10,KARNATAKA,Belagavi,5780,RAYBAG,216096,NIDGUNDI,2.136241912841797,1,direct_grid,
2022-07-10,KARNATAKA,Belagavi,5780,RAYBAG,216097,NILIJI,1.9008893966674805,1,direct_grid,
2022-07-10,KARNATAKA,Belagavi,5780,RAYBAG,216098,NIPNAL,2.127659797668457,1,direct_grid,
2022-07-10,KARNATAKA,Belagavi,5780,RAYBAG,216099,PALBHAVI,1.621263861656189,1,direct_grid,
2022-07-10,KARNATAKA,Belagavi,5780,RAYBAG,216100,PARMANANDWADI,1.782419204711914,1,direct_grid,
2022-07-10,KARNATAKA,Belagavi,5780,RAYBAG,216101,RAIBAG(R),2.347334384918213,3,direct_grid,
2022-07-10,KARNATAKA,Belagavi,5780,RAYBAG,216102,SAVADATTI,2.193240165710449,1,direct_grid,
2022-07-10,KARNATAKA,Belagavi,5780,RAYBAG,216103,SAVSUDDI,2.07805335521698,2,direct_grid,
2022-07-10,KARNATAKA,Belagavi,5780,RAYBAG,273244,SIDDAPURA,1.6441121101379395,1,direct_grid,
2022-07-10,KARNATAKA,Belagavi,5780,RAYBAG,216104,SIRGUR,1.8460654020309448,1,direct_grid,
2022-07-10,KARNATAKA,Belagavi,5780,RAYBAG,276042,SUTATTI,1.8221528105021272,4,area_weighted,
2022-07-10,KARNATAKA,Belagavi,5780,RAYBAG,273245,YABARATTI,1.391652226448059,1,direct_grid,
2022-07-10,KARNATAKA,Belagavi,5780,RAYBAG,274439,YADRAV,2.4922660170157585,4,area_weighted,
2022-07-10,KARNATAKA,Belagavi,5780,RAYBAG,275455,YALPARATTI,1.668712145533321,2,area_weighted,
2022-07-10,KARNATAKA,Belagavi,5778,SAVADATHI,215994,AKKISAGAR,2.0674480199813843,2,direct_grid,
2022-07-10,KARNATAKA,Belagavi,5778,SAVADATHI,273247,ALADAKATTI K.M,1.9661266803741455,1,direct_grid,
2022-07-10,KARNATAKA,Belagavi,5778,SAVADATHI,215995,ARATAGAL,2.317802906036377,1,direct_grid,
2022-07-10,KARNATAKA,Belagavi,5778,SAVADATHI,215996,ASUNDI,2.417280912399292,1,direct_grid,
2022-07-10,KARNATAKA,Belagavi,5778,SAVADATHI,215997,BADLI,2.2470895051956177,2,direct_grid,
2022-07-10,KARNATAKA,Belagavi,5778,SAVADATHI,215998,BETASUR,2.234251022338867,1,direct_grid,
2022-07-10,KARNATAKA,Belagavi,5778,SAVADATHI,273248,BHANDARAHALLI,2.2459220202167396,4,area_weighted,
2022-07-10,KARNATAKA,Belagavi,5778,SAVADATHI,215999,CHACHADI,2.606678009033203,1,direct_grid,
2022-07-10,KARNATAKA,Belagavi,5778,SAVADATHI,216000,CHULAKI,1.1395289897918701,1,direct_grid,
2022-07-10,KARNATAKA,Belagavi,5778,SAVADATHI,216001,GORABAL,2.044495105743408,1,direct_grid,
2022-07-10,KARNATAKA,Belagavi,5778,SAVADATHI,216002,GORAVANAKOLLA,2.3526187419891356,5,direct_grid,
2022-07-10,KARNATAKA,Belagavi,5778,SAVADATHI,216003,HANCHINAL,1.3870019316673279,2,direct_grid,
2022-07-10,KARNATAKA,Belagavi,5778,SAVADATHI,216004,HAROGOPPA,2.2841227054595947,2,direct_grid,
2022-07-10,KARNATAKA,Belagavi,5778,SAVADATHI,216005,HIREBUDNUR,2.9509940147399902,1,direct_grid,
2022-07-10,KARNATAKA,Belagavi,5778,SAVADATHI,216006,HIREKUMBI,1.9344869057337442,3,direct_grid,
2022-07-10,KARNATAKA,Belagavi,5778,SAVADATHI,216007,HOOLI,1.9750118255615234,1,direct_grid,
2022-07-10,KARNATAKA,Belagavi,5778,SAVADATHI,216008,HOOLIKATTI,1.3159852027893066,1,direct_grid,
2022-07-10,KARNATAKA,Belagavi,5778,SAVADATHI,216009,HOSUR,2.321561813354492,1,direct_grid,
2022-07-10,KARNATAKA,Belagavi,5778,SAVADATHI,216010,INAMAHONGAL,2.307687997817993,1,direct_grid,
2022-07-10,KARNATAKA,Belagavi,5778,SAVADATHI,216011,INCHAL,2.3070003986358643,1,direct_grid,
2022-07-10,KARNATAKA,Belagavi,5778,SAVADATHI,216012,KADABI,2.653078317642212,1,direct_grid,
2022-07-10,KARNATAKA,Belagavi,5778,SAVADATHI,216013,KAGADAL,2.285377860069275,2,direct_grid,
2022-07-10,KARNATAKA,Belagavi,5778,SAVADATHI,216014,KARIKATTI,2.3788976669311523,1,direct_grid,
2022-07-10,KARNATAKA,Belagavi,5778,SAVADATHI,216015,KOTUR - SHIVAPUR,2.602950424040296,2,area_weighted,
2022-07-10,KARNATAKA,Belagavi,5778,SAVADATHI,273249,MABANUR,2.2940499607359497,4,area_weighted,
2022-07-10,KARNATAKA,Belagavi,5778,SAVADATHI,216016,MADAMAGERI,2.216560125350952,1,direct_grid,
2022-07-10,KARNATAKA,Belagavi,5778,SAVADATHI,216017,MADLUR,2.213348136494775,6,area_weighted,
2022-07-10,KARNATAKA,Belagavi,5778,SAVADATHI,216018,MALLUR,2.1136422157287598,2,direct_grid,
2022-07-10,KARNATAKA,Belagavi,5778,SAVADATHI,216019,MARAKUMBI,2.203782320022583,1,direct_grid,
2022-07-10,KARNATAKA,Belagavi,5778,SAVADATHI,216020,MUGALIHAL,2.2528668642044067,2,direct_grid,
2022-07-10,KARNATAKA,Belagavi,5778,SAVADATHI,216022,MURGOD,2.1448508759392695,4,area_weighted,
2022-07-10,KARNATAKA,Belagavi,5778,SAVADATHI,216023,RUDRAPUR,2.1126911640167236,1,direct_grid,
2022-07-10,KARNATAKA,Belagavi,5778,SAVADATHI,216024,SANGRESHKOP,2.314978837966919,1,direct_grid,
2022-07-10,KARNATAKA,Belagavi,5778,SAVADATHI,216025,SATTIGERI,2.3334782123565674,1,direct_grid,
2022-07-10,KARNATAKA,Belagavi,5778,SAVADATHI,216026,SHINDOGI,2.278700828552246,1,direct_grid,
2022-07-10,KARNATAKA,Belagavi,5778,SAVADATHI,216027,SIRASANGI,1.8226361274719238,3,direct_grid,
2022-07-10,KARNATAKA,Belagavi,5778,SAVADATHI,216028,SOPPADLA,2.403154730796814,2,direct_grid,
2022-07-10,KARNATAKA,Belagavi,5778,SAVADATHI,216029,SUTAGATTI,2.288880058031742,6,area_weighted,
2022-07-10,KARNATAKA,Belagavi,5778,SAVADATHI,216030,TADASALUR,2.2744781970977783,2,direct_grid,
2022-07-10,KARNATAKA,Belagavi,5778,SAVADATHI,216031,TALLUR,2.041166067123413,2,direct_grid,
2022-07-10,KARNATAKA,Belagavi,5778,SAVADATHI,216032,TEGGIHAL,2.317734718322754,1,direct_grid,
2022-07-10,KARNATAKA,Belagavi,5778,SAVADATHI,216033,UGARAGOL,2.104219973754135,6,area_weighted,
2022-07-10,KARNATAKA,Belagavi,5778,SAVADATHI,216034,YAKKUNDI,2.139587434182136,4,area_weighted,
2022-07-10,KARNATAKA,Belagavi,5778,SAVADATHI,216036,YARAZARVI,2.2711000442504883,1,direct_grid,
2022-07-10,KARNATAKA,Bengaluru Rural,5764,DEVANHALLI,272721,ALOORU DUDDANAHALLI,1.3817167565392852,4,area_weighted,
2022-07-10,KARNATAKA,Bengaluru Rural,5764,DEVANHALLI,215424,ANNESHWARA,1.1813170794916497,3,area_weighted,
2022-07-10,KARNATAKA,Bengaluru Rural,5764,DEVANHALLI,215425,AVATHI,1.3622453212738037,1,direct_grid,
2022-07-10,KARNATAKA,Bengaluru Rural,5764,DEVANHALLI,215426,BETTEKOTE,1.0357764959335327,1,direct_grid,
2022-07-10,KARNATAKA,Bengaluru Rural,5764,DEVANHALLI,215427,BIDALURU,1.0674184560775757,1,direct_grid,
2022-07-10,KARNATAKA,Bengaluru Rural,5764,DEVANHALLI,215428,BIJJAWARA,0.76045161485672,1,direct_grid,
2022-07-10,KARNATAKA,Bengaluru Rural,5764,DEVANHALLI,215429,BUDIGERE,0.9611667406297043,3,area_weighted,
2022-07-10,KARNATAKA,Bengaluru Rural,5764,DEVANHALLI,215430,CHANNARAYAPATNA,1.264800786972046,1,direct_grid,
2022-07-10,KARNATAKA,Bengaluru Rural,5764,DEVANHALLI,215431,CHENNAHALLI,1.1502378422768564,4,area_weighted,
2022-07-10,KARNATAKA,Bengaluru Rural,5764,DEVANHALLI,215432,GANGAVARA CHOWDAPPANAHALLI,0.9533493518829346,1,direct_grid,
2022-07-10,KARNATAKA,Bengaluru Rural,5764,DEVANHALLI,215433,GODLUMUDDENA HALLI,0.9678022572785403,6,area_weighted,
2022-07-10,KARNATAKA,Bengaluru Rural,5764,DEVANHALLI,215434,HAROHALLI,0.9458124379897778,5,area_weighted,
2022-07-10,KARNATAKA,Bengaluru Rural,5764,DEVANHALLI,272722,I.BASAPURA,1.1760634988580316,3,area_weighted,
2022-07-10,KARNATAKA,Bengaluru Rural,5764,DEVANHALLI,215435,JALIGE,1.1314888000488281,1,direct_grid,
2022-07-10,KARNATAKA,Bengaluru Rural,5764,DEVANHALLI,215436,KANNAMANGALA,1.2200174126342782,5,area_weighted,
2022-07-10,KARNATAKA,Bengaluru Rural,5764,DEVANHALLI,215437,KARAHALLI,1.0660701933287018,8,area_weighted,
2022-07-10,KARNATAKA,Bengaluru Rural,5764,DEVANHALLI,215438,KOIRA,1.149810791015625,1,direct_grid,
2022-07-10,KARNATAKA,Bengaluru Rural,5764,DEVANHALLI,215439,KORAMANGALA,0.9398772120475769,1,direct_grid,
2022-07-10,KARNATAKA,Bengaluru Rural,5764,DEVANHALLI,215440,KUNDANA,1.4663610458374023,2,direct_grid,
2022-07-10,KARNATAKA,Bengaluru Rural,5764,DEVANHALLI,272723,MANDIBELE,1.1951842987559333,4,area_weighted,
2022-07-10,KARNATAKA,Bengaluru Rural,5764,DEVANHALLI,215441,NALLURU,1.099153995513916,1,direct_grid,
2022-07-10,KARNATAKA,Bengaluru Rural,5764,DEVANHALLI,215442,VENKATAGTIRIKOTE,0.9330535531044006,1,direct_grid,
2022-07-10,KARNATAKA,Bengaluru Rural,5764,DEVANHALLI,215443,VISHWANATHPURA,1.3347066289508267,4,area_weighted,
2022-07-10,KARNATAKA,Bengaluru Rural,5764,DEVANHALLI,215444,YALIYURU,1.2482136487960815,1,direct_grid,
2022-07-10,KARNATAKA,Bengaluru Rural,5765,DODBALLAPUR,215445,ARALUMALLIGE,0.8205718994140625,1,direct_grid,
2022-07-10,KARNATAKA,Bengaluru Rural,5765,DODBALLAPUR,215446,ARUDI,1.0801069140434265,2,direct_grid,
2022-07-10,KARNATAKA,Bengaluru Rural,5765,DODBALLAPUR,215448,BHAKTARAHALLI,1.1106841564178467,1,direct_grid,
2022-07-10,KARNATAKA,Bengaluru Rural,5765,DODBALLAPUR,215449,CHANNADEVI AGRAHARA,1.118353009223938,1,direct_grid,
2022-07-10,KARNATAKA,Bengaluru Rural,5765,DODBALLAPUR,215450,DARGAJOGIHALLI,0.706641157003817,2,area_weighted,
2022-07-10,KARNATAKA,Bengaluru Rural,5765,DODBALLAPUR,215451,DODDA TUMAKURU,1.2610074281692505,1,direct_grid,
2022-07-10,KARNATAKA,Bengaluru Rural,5765,DODBALLAPUR,215452,DODDABELAVANGALA,1.529463768005371,1,direct_grid,
2022-07-10,KARNATAKA,Bengaluru Rural,5765,DODBALLAPUR,215453,HADONAHALLI,0.9786006212234497,1,direct_grid,
2022-07-10,KARNATAKA,Bengaluru Rural,5765,DODBALLAPUR,215454,HADRIPURA,1.0645713806152344,1,direct_grid,
2022-07-10,KARNATAKA,Bengaluru Rural,5765,DODBALLAPUR,215455,HANABE,0.8827316318425111,5,area_weighted,
2022-07-10,KARNATAKA,Bengaluru Rural,5765,DODBALLAPUR,215456,HEGGADIHALLI,1.037893295288086,1,direct_grid,
2022-07-10,KARNATAKA,Bengaluru Rural,5765,DODBALLAPUR,215457,HONNAVARA,1.360014152599486,6,area_weighted,
2022-07-10,KARNATAKA,Bengaluru Rural,5765,DODBALLAPUR,215458,HOSAHALLI,0.6353796422481537,2,direct_grid,
2022-07-10,KARNATAKA,Bengaluru Rural,5765,DODBALLAPUR,215459,HULIKUNTE,0.9463856220245361,2,direct_grid,
2022-07-10,KARNATAKA,Bengaluru Rural,5765,DODBALLAPUR,215460,KADANURU,1.470616102218628,1,direct_grid,
2022-07-10,KARNATAKA,Bengaluru Rural,5765,DODBALLAPUR,215461,KANASAVADI,1.132840096950531,2,direct_grid,
2022-07-10,KARNATAKA,Bengaluru Rural,5765,DODBALLAPUR,215462,KANTANAKUNTE,0.8698706355080907,4,area_weighted,
2022-07-10,KARNATAKA,Bengaluru Rural,5765,DODBALLAPUR,215463,KESTHURU,0.9634259109446496,6,area_weighted,
2022-07-10,KARNATAKA,Bengaluru Rural,5765,DODBALLAPUR,215464,KODIGEHALLI,0.7924810959797898,4,area_weighted,
2022-07-10,KARNATAKA,Bengaluru Rural,5765,DODBALLAPUR,215465,KONAGHATTA,1.1597352027893066,1,direct_grid,
2022-07-10,KARNATAKA,Bengaluru Rural,5765,DODBALLAPUR,215466,MAJARA HOSAHALLI,1.4689090251922607,1,direct_grid,
2022-07-10,KARNATAKA,Bengaluru Rural,5765,DODBALLAPUR,215467,MELEKOTE,1.0608454942703247,1,direct_grid,
2022-07-10,KARNATAKA,Bengaluru Rural,5765,DODBALLAPUR,215468,MELINA JOGANAHALLI ( S.S.GHATI),0.7903000116348267,2,direct_grid,
2022-07-10,KARNATAKA,Bengaluru Rural,5765,DODBALLAPUR,215469,RAJAGHATTA,1.0694515838566476,4,area_weighted,
2022-07-10,KARNATAKA,Bengaluru Rural,5765,DODBALLAPUR,215470,SAKKARE GOLLAHALLI,1.2078831195831299,2,direct_grid,
2022-07-10,KARNATAKA,Bengaluru Rural,5765,DODBALLAPUR,215471,SASALU,1.0475149154663086,2,direct_grid,
2022-07-10,KARNATAKA,Bengaluru Rural,5765,DODBALLAPUR,215472,THIPPURU,0.7760571241378784,2,direct_grid,
2022-07-10,KARNATAKA,Bengaluru Rural,5765,DODBALLAPUR,215473,THUBUGERE,1.0357331784433694,9,area_weighted,
2022-07-10,KARNATAKA,Bengaluru Rural,5766,HOSKOTE,215474,ANUGONDANAHALLI,1.0861396789550781,1,direct_grid,
2022-07-10,KARNATAKA,Bengaluru Rural,5766,HOSKOTE,215475,BYLANARASAPURA,1.030428409576416,1,direct_grid,
2022-07-10,KARNATAKA,Bengaluru Rural,5766,HOSKOTE,272725,CHOKKAHALLI,0.9406781638681996,5,area_weighted,
2022-07-10,KARNATAKA,Bengaluru Rural,5766,HOSKOTE,215476,DEVANAGUNDI,0.9874931149801089,4,area_weighted,
2022-07-10,KARNATAKA,Bengaluru Rural,5766,HOSKOTE,215477,DODDAGATTIGANABBE,0.9674375653266907,1,direct_grid,
2022-07-10,KARNATAKA,Bengaluru Rural,5766,HOSKOTE,215478,DODDAHULLURU,0.9464597307768974,2,area_weighted,
2022-07-10,KARNATAKA,Bengaluru Rural,5766,HOSKOTE,215479,DODDANALLALA,0.9486052989959717,1,direct_grid,
2022-07-10,KARNATAKA,Bengaluru Rural,5766,HOSKOTE,215480,DODDARALAGERE,1.046197533607483,1,direct_grid,
2022-07-10,KARNATAKA,Bengaluru Rural,5766,HOSKOTE,215481,GANAGALURU,1.1712397336959839,1,direct_grid,
2022-07-10,KARNATAKA,Bengaluru Rural,5766,HOSKOTE,215482,GIDDAPPANAHALLI,0.9387268424034119,1,direct_grid,
2022-07-10,KARNATAKA,Bengaluru Rural,5766,HOSKOTE,272724,HETTAKKI,0.9699952006340027,1,direct_grid,
2022-07-10,KARNATAKA,Bengaluru Rural,5766,HOSKOTE,215483,ITTASANDRA,1.1063424105358286,5,area_weighted,
2022-07-10,KARNATAKA,Bengaluru Rural,5766,HOSKOTE,215484,JADIGENAHALLI,0.9281782507896423,1,direct_grid,
2022-07-10,KARNATAKA,Bengaluru Rural,5766,HOSKOTE,215485,KALKUNTE AGRAHARA,1.0155695676803589,1,direct_grid,
2022-07-10,KARNATAKA,Bengaluru Rural,5766,HOSKOTE,215486,KAMBALIPURA,0.9538334012031555,1,direct_grid,
2022-07-10,KARNATAKA,Bengaluru Rural,5766,HOSKOTE,215487,KHAJIHOSAHALLI,0.9128937721252441,1,direct_grid,
2022-07-10,KARNATAKA,Bengaluru Rural,5766,HOSKOTE,215488,KUMBALAHALLI,0.9524731040000916,1,direct_grid,
2022-07-10,KARNATAKA,Bengaluru Rural,5766,HOSKOTE,215489,LAKKONDAHALLI,0.9547597160362257,7,area_weighted,
2022-07-10,KARNATAKA,Bengaluru Rural,5766,HOSKOTE,215490,MUGABALA,0.931894063949585,1,direct_grid,
2022-07-10,KARNATAKA,Bengaluru Rural,5766,HOSKOTE,215491,MUTHSANDRA,1.0933157005578855,4,area_weighted,
2022-07-10,KARNATAKA,Bengaluru Rural,5766,HOSKOTE,215492,NANDAGUDI,1.0621899366378784,1,direct_grid,
2022-07-10,KARNATAKA,Bengaluru Rural,5766,HOSKOTE,215493,NELAVAGILU,1.0614058924630756,9,area_weighted,
2022-07-10,KARNATAKA,Bengaluru Rural,5766,HOSKOTE,215494,OROHALLI,0.9239929302354766,3,area_weighted,
2022-07-10,KARNATAKA,Bengaluru Rural,5766,HOSKOTE,215495,SAMETHANAHALLI,0.9658925533294678,1,direct_grid,
2022-07-10,KARNATAKA,Bengaluru Rural,5766,HOSKOTE,215496,SHIVANAPURA,0.9726312160491943,1,direct_grid,
2022-07-10,KARNATAKA,Bengaluru Rural,5766,HOSKOTE,215497,SULIBELE,1.0516531467437744,1,direct_grid,
2022-07-10,KARNATAKA,Bengaluru Rural,5766,HOSKOTE,215498,THAVAREKERE,0.9609715781112935,4,area_weighted,
2022-07-10,KARNATAKA,Bengaluru Rural,5766,HOSKOTE,215499,VAGATA,1.196859359741211,1,direct_grid,
2022-07-10,KARNATAKA,Bengaluru Rural,5769,NELAMANGALA,215575,AGALAKUPPE,1.4034337997436523,1,direct_grid,
2022-07-10,KARNATAKA,Bengaluru Rural,5769,NELAMANGALA,215576,AREBOMMANAHALLI,1.3974354267120361,1,direct_grid,
2022-07-10,KARNATAKA,Bengaluru Rural,5769,NELAMANGALA,215579,BHODIHAL,1.1955655813217163,1,direct_grid,
2022-07-10,KARNATAKA,Bengaluru Rural,5769,NELAMANGALA,215580,DODDABELE,1.4912967004732918,6,area_weighted,
2022-07-10,KARNATAKA,Bengaluru Rural,5769,NELAMANGALA,272726,GOLLAHALLI,1.1002708673477173,1,direct_grid,
2022-07-10,KARNATAKA,Bengaluru Rural,5769,NELAMANGALA,215581,HASURUVALLI,1.312371015548706,1,direct_grid,
2022-07-10,KARNATAKA,Bengaluru Rural,5769,NELAMANGALA,215582,HONNENAHALLI,1.8525357842445374,2,direct_grid,
2022-07-10,KARNATAKA,Bengaluru Rural,5769,NELAMANGALA,215583,KALALAGHATTA,1.581112265586853,1,direct_grid,
2022-07-10,KARNATAKA,Bengaluru Rural,5769,NELAMANGALA,296908,KANNEGOWDANAHALLI,1.1604497914930856,4,area_weighted,
2022-07-10,KARNATAKA,Bengaluru Rural,5769,NELAMANGALA,215584,KODIGEHALLI,1.6150832176208496,1,direct_grid,
2022-07-10,KARNATAKA,Bengaluru Rural,5769,NELAMANGALA,215585,KULUVANAHALLI,1.7337760234216726,9,area_weighted,
2022-07-10,KARNATAKA,Bengaluru Rural,5769,NELAMANGALA,215586,MANNE,2.27189177274704,2,direct_grid,
2022-07-10,KARNATAKA,Bengaluru Rural,5769,NELAMANGALA,215587,MARALAKUNTE,1.5830241441726685,1,direct_grid,
2022-07-10,KARNATAKA,Bengaluru Rural,5769,NELAMANGALA,215588,NARASIPURA,2.330923080444336,1,direct_grid,
2022-07-10,KARNATAKA,Bengaluru Rural,5769,NELAMANGALA,215589,SHIVAGANGE,1.8031795133315427,4,area_weighted,
2022-07-10,KARNATAKA,Bengaluru Rural,5769,NELAMANGALA,215590,SOLADEVANAHALLI,0.910428524017334,1,direct_grid,
2022-07-10,KARNATAKA,Bengaluru Rural,5769,NELAMANGALA,215591,SOMPURA,2.4633220501209374,3,area_weighted,
2022-07-10,KARNATAKA,Bengaluru Rural,5769,NELAMANGALA,215592,SRINIVASAPURA,1.199923038482666,1,direct_grid,
2022-07-10,KARNATAKA,Bengaluru Rural,5769,NELAMANGALA,215593,T.BEGUR,1.2325757187335142,4,area_weighted,
2022-07-10,KARNATAKA,Bengaluru Rural,5769,NELAMANGALA,215594,THYAMAGONDLU,1.592610581691593,2,area_weighted,
2022-07-10,KARNATAKA,Bengaluru Rural,5769,NELAMANGALA,215596,YENTAGANAHALLI,1.1379354000091553,1,direct_grid,
2022-07-10,KARNATAKA,Bengaluru Urban,5759,ANEKAL,215318,DOMMASANDRA,1.4373455047607422,1,area_weighted,
2022-07-10,KARNATAKA,Bengaluru Urban,5759,ANEKAL,215324,HUSKUR,1.2954558341763742,2,area_weighted,
2022-07-10,KARNATAKA,Bengaluru Urban,5759,ANEKAL,215333,MUGALURU,1.2831788063049316,1,direct_grid,
2022-07-10,KARNATAKA,Bengaluru Urban,5759,ANEKAL,215336,NERIGA,1.4373455047607422,1,direct_grid,
2022-07-10,KARNATAKA,Bengaluru Urban,5759,ANEKAL,215339,SARJAPURA,1.2831788063049316,1,area_weighted,
2022-07-10,KARNATAKA,Bengaluru Urban,5759,ANEKAL,215329,SHANTHIPURA,1.2763918589460412,2,area_weighted,
2022-07-10,KARNATAKA,Bengaluru Urban,5759,ANEKAL,215342,YAMARE,1.3816499845560757,2,area_weighted,
2022-07-10,KARNATAKA,Bengaluru Urban,5760,BENGALURU EAST,215374,AVALAHALLI,1.0494322817587232,3,area_weighted,
2022-07-10,KARNATAKA,Bengaluru Urban,5760,BENGALURU EAST,215375,BIDARAHALLI,0.9647584557533264,1,direct_grid,
2022-07-10,KARNATAKA,Bengaluru Urban,5760,BENGALURU EAST,215379,DODDABANAHALLI,1.0517601698563381,3,area_weighted,
2022-07-10,KARNATAKA,Bengaluru Urban,5760,BENGALURU EAST,245243,DODDAGUBBI,0.9541541049483533,4,area_weighted,
2022-07-10,KARNATAKA,Bengaluru Urban,5760,BENGALURU EAST,245242,HALANAYAKANAHALLI,1.2838939428329468,1,direct_grid,
2022-07-10,KARNATAKA,Bengaluru Urban,5760,BENGALURU EAST,272987,KANNAMANGALA,1.043543287157293,4,area_weighted,
2022-07-10,KARNATAKA,Bengaluru Urban,5760,BENGALURU EAST,245241,KANNURU,0.9653160274028778,2,direct_grid,
2022-07-10,KARNATAKA,Bengaluru Urban,5760,BENGALURU EAST,272988,KITTAGANURU,0.9800570066346374,3,area_weighted,
2022-07-10,KARNATAKA,Bengaluru Urban,5760,BENGALURU EAST,245245,KODATHI,1.3456301472018026,3,area_weighted,
2022-07-10,KARNATAKA,Bengaluru Urban,5760,BENGALURU EAST,215386,MANDURU,1.0144107639789581,2,direct_grid,
2022-07-10,KARNATAKA,Bengaluru Urban,5760,BENGALURU EAST,245244,SHEEGEHALLI,1.0790586471557617,1,area_weighted,
2022-07-10,KARNATAKA,Bengaluru Urban,5761,BENGALURU NORTH,272973,ADAKAMAARANA HALLI,0.8768234252929688,1,area_weighted,
2022-07-10,KARNATAKA,Bengaluru Urban,5761,BENGALURU NORTH,215344,ALUR,0.8795052723753597,4,area_weighted,
2022-07-10,KARNATAKA,Bengaluru Urban,5761,BENGALURU NORTH,215351,DASANAPURA,0.9841664823597464,4,area_weighted,
2022-07-10,KARNATAKA,Bengaluru Urban,5761,BENGALURU NORTH,215355,GOPALAPURA,0.9952359199523926,1,direct_grid,
2022-07-10,KARNATAKA,Bengaluru Urban,5761,BENGALURU NORTH,215359,HUSKURU,0.9880367517471313,1,direct_grid,
2022-07-10,KARNATAKA,Bengaluru Urban,5761,BENGALURU NORTH,272975,KACHOHALLI,0.5561952661906796,2,area_weighted,
2022-07-10,KARNATAKA,Bengaluru Urban,5761,BENGALURU NORTH,272976,KADABAGERE,0.6318141155207934,3,area_weighted,
2022-07-10,KARNATAKA,Bengaluru Urban,5761,BENGALURU NORTH,215361,KITTANAHALLI,0.8079541921615601,1,direct_grid,
2022-07-10,KARNATAKA,Bengaluru Urban,5761,BENGALURU NORTH,215362,KODIGEHALLI,0.8040160318915344,6,area_weighted,
2022-07-10,KARNATAKA,Bengaluru Urban,5761,BENGALURU NORTH,215363,MACHOHALLI,0.5571597218513489,1,direct_grid,
2022-07-10,KARNATAKA,Bengaluru Urban,5761,BENGALURU NORTH,215370,SONDEKOPPA,1.0722633600234985,1,direct_grid,
2022-07-10,KARNATAKA,Bengaluru Urban,5762,BENGALURU SOUTH,215373,AGARA,0.8188003274601696,4,area_weighted,
2022-07-10,KARNATAKA,Bengaluru Urban,5762,BENGALURU SOUTH,272983,AJJANAHALLI,1.885893068540103,4,area_weighted,
2022-07-10,KARNATAKA,Bengaluru Urban,5762,BENGALURU SOUTH,215347,BANDIKODAGEHALLI,0.9702242612838745,1,direct_grid,
2022-07-10,KARNATAKA,Bengaluru Urban,5762,BENGALURU SOUTH,272984,CHANNENA HALLI,0.9806794573599974,4,area_weighted,
2022-07-10,KARNATAKA,Bengaluru Urban,5762,BENGALURU SOUTH,215376,CHIKKANAHALLI,2.362928628921509,1,direct_grid,
2022-07-10,KARNATAKA,Bengaluru Urban,5762,BENGALURU SOUTH,215377,CHOOLANAYAKANAHALLI,1.50469970703125,1,direct_grid,
2022-07-10,KARNATAKA,Bengaluru Urban,5762,BENGALURU SOUTH,215378,CHUNCHANAKUPPE,1.8739007711410522,1,direct_grid,
2022-07-10,KARNATAKA,Bengaluru Urban,5762,BENGALURU SOUTH,215380,DODDATHOGURU,0.664973795413971,1,area_weighted,
2022-07-10,KARNATAKA,Bengaluru Urban,5762,BENGALURU SOUTH,215381,H.GOLLAHALLI,1.0732938390776783,2,area_weighted,
2022-07-10,KARNATAKA,Bengaluru Urban,5762,BENGALURU SOUTH,215382,K.GOLLAHALLI,0.8686049326707703,2,area_weighted,
2022-07-10,KARNATAKA,Bengaluru Urban,5762,BENGALURU SOUTH,215385,KUMBALAGODU,1.3268506526947021,1,area_weighted,
2022-07-10,KARNATAKA,Bengaluru Urban,5762,BENGALURU SOUTH,215387,RAMOHALLI,1.3268506526947021,1,direct_grid,
2022-07-10,KARNATAKA,Bengaluru Urban,5762,BENGALURU SOUTH,215389,SULIKERE,0.8689496517181396,1,direct_grid,
2022-07-10,KARNATAKA,Bengaluru Urban,5762,BENGALURU SOUTH,215391,THAVEREKERE,1.254634141921997,1,direct_grid,
2022-07-10,KARNATAKA,Bengaluru Urban,7371,YELAHANKA,215345,AREKERE,1.069224965103299,6,area_weighted,
2022-07-10,KARNATAKA,Bengaluru Urban,7371,YELAHANKA,215346,BAGALUR,0.9754894402010997,3,area_weighted,
2022-07-10,KARNATAKA,Bengaluru Urban,7371,YELAHANKA,215348,BETTAHALASOORU,0.9857026934623718,1,direct_grid,
2022-07-10,KARNATAKA,Bengaluru Urban,7371,YELAHANKA,215350,CHIKKAJALA,0.999460102487379,2,area_weighted,
2022-07-10,KARNATAKA,Bengaluru Urban,7371,YELAHANKA,215353,DODDAJALA,1.1272016763687134,1,direct_grid,
2022-07-10,KARNATAKA,Bengaluru Urban,7371,YELAHANKA,215354,GANTIGANAHALLI,0.9307498933855612,3,area_weighted,
2022-07-10,KARNATAKA,Bengaluru Urban,7371,YELAHANKA,215356,HESARUGHATTA,0.8567179489881687,4,area_weighted,
2022-07-10,KARNATAKA,Bengaluru Urban,7371,YELAHANKA,215358,HURULICHIKKANAHALLI,0.6920302510261536,1,direct_grid,
2022-07-10,KARNATAKA,Bengaluru Urban,7371,YELAHANKA,215360,KASAGATTAPURA,0.6403742432594299,1,direct_grid,
2022-07-10,KARNATAKA,Bengaluru Urban,7371,YELAHANKA,215366,MARENAHALLI,0.9702767105566138,6,area_weighted,
2022-07-10,KARNATAKA,Bengaluru Urban,7371,YELAHANKA,272979,MEENUKUNTE,1.0082184304546176,6,area_weighted,
2022-07-10,KARNATAKA,Bengaluru Urban,7371,YELAHANKA,215367,RAJANUKUNTE,1.0941276550292969,1,direct_grid,
2022-07-10,KARNATAKA,Bengaluru Urban,7371,YELAHANKA,272980,SATHANOORU,0.9681245026275144,2,area_weighted,
2022-07-10,KARNATAKA,Bengaluru Urban,7371,YELAHANKA,215368,SHIVAKOTTE,0.746592287018401,8,area_weighted,
2022-07-10,KARNATAKA,Bengaluru Urban,7371,YELAHANKA,215369,SINGANAYAKANAHALLI,0.9154448509216309,1,direct_grid,
2022-07-10,KARNATAKA,Bengaluru Urban,7371,YELAHANKA,215371,SONNAPPANAHALLI,0.9814260542363686,2,area_weighted,
2022-07-10,KARNATAKA,Bengaluru Urban,7371,YELAHANKA,215372,SONNENAHALLI,0.8538331985473633,1,direct_grid,
2022-07-10,KARNATAKA,Bengaluru Urban,7371,YELAHANKA,215352,VADERAHALLI,0.8621537768050347,2,area_weighted,
2022-07-10,KARNATAKA,Chikkaballapura,5864,BAGEPALLI,218763,BILLUR,0.30262768268585205,1,direct_grid,
2022-07-10,KARNATAKA,Chikkaballapura,5864,BAGEPALLI,218764,CHAKAVELU,0.05811154842376709,1,direct_grid,
2022-07-10,KARNATAKA,Chikkaballapura,5864,BAGEPALLI,218765,CHELUR,0.45352640475305095,3,area_weighted,
2022-07-10,KARNATAKA,Chikkaballapura,5864,BAGEPALLI,218766,DEVARAGUDIPALLI,0.35885844524471544,11,area_weighted,
2022-07-10,KARNATAKA,Chikkaballapura,5864,BAGEPALLI,218767,GHANTUMVARIPALLI,0.23657605797052383,2,direct_grid,
2022-07-10,KARNATAKA,Chikkaballapura,5864,BAGEPALLI,218768,GORTHAPALLI,0.13152845203876495,1,direct_grid,
2022-07-10,KARNATAKA,Chikkaballapura,5864,BAGEPALLI,218769,GULUR,0.1335427165031433,1,direct_grid,
2022-07-10,KARNATAKA,Chikkaballapura,5864,BAGEPALLI,218770,JOOLAPALYA,0.7129020690917969,1,direct_grid,
2022-07-10,KARNATAKA,Chikkaballapura,5864,BAGEPALLI,218771,KANAGAMAKALA PALLI,0.5072231292724609,2,direct_grid,
2022-07-10,KARNATAKA,Chikkaballapura,5864,BAGEPALLI,218772,KOTHAKOTE,0.03967336148006986,6,area_weighted,
2022-07-10,KARNATAKA,Chikkaballapura,5864,BAGEPALLI,218773,MARGANUKUNTE,0.03292746841907501,2,direct_grid,
2022-07-10,KARNATAKA,Chikkaballapura,5864,BAGEPALLI,218774,MITTEMARI,0.5773974657058716,1,direct_grid,
2022-07-10,KARNATAKA,Chikkaballapura,5864,BAGEPALLI,218775,NALLAGUTLAPALLI,0.5193910598754883,2,direct_grid,
2022-07-10,KARNATAKA,Chikkaballapura,5864,BAGEPALLI,218776,NALLAPPAREDDY PALLI,0.28398334980010986,1,direct_grid,
2022-07-10,KARNATAKA,Chikkaballapura,5864,BAGEPALLI,218777,NAREMUDDEPALLI,0.44993871450424194,1,direct_grid,
2022-07-10,KARNATAKA,Chikkaballapura,5864,BAGEPALLI,218778,PALYAKERE,0.5383385419845581,1,direct_grid,
2022-07-10,KARNATAKA,Chikkaballapura,5864,BAGEPALLI,218779,PARAGODU,0.39528040682354443,7,area_weighted,
2022-07-10,KARNATAKA,Chikkaballapura,5864,BAGEPALLI,218780,PATHAPALYA,0.48588719964027405,1,direct_grid,
2022-07-10,KARNATAKA,Chikkaballapura,5864,BAGEPALLI,272728,POLINAYAKANAPALLI,0.4616541862487793,1,direct_grid,
2022-07-10,KARNATAKA,Chikkaballapura,5864,BAGEPALLI,218781,PULIGALLU,0.28834623098373413,2,direct_grid,
2022-07-10,KARNATAKA,Chikkaballapura,5864,BAGEPALLI,218782,RACHERAVU,0.15245750546455383,1,direct_grid,
2022-07-10,KARNATAKA,Chikkaballapura,5864,BAGEPALLI,218783,SOMANATHAPURA,0.5749603658914566,2,direct_grid,
2022-07-10,KARNATAKA,Chikkaballapura,5864,BAGEPALLI,218784,THIMAMAPALLI,0.2288253977894783,2,direct_grid,
2022-07-10,KARNATAKA,Chikkaballapura,5864,BAGEPALLI,218785,THOLLAPALLI,0.3799002468585968,2,direct_grid,
2022-07-10,KARNATAKA,Chikkaballapura,5864,BAGEPALLI,218786,YELLAMPALLI,0.4304408133029938,2,direct_grid,
2022-07-10,KARNATAKA,Chikkaballapura,5866,CHIKBALLAPUR,272729,ADDAGALLU,0.26448360085487366,1,direct_grid,
2022-07-10,KARNATAKA,Chikkaballapura,5866,CHIKBALLAPUR,218824,AGALAGURKI,0.5999590158462524,1,direct_grid,
2022-07-10,KARNATAKA,Chikkaballapura,5866,CHIKBALLAPUR,218825,AJJIWARA,0.7927238941192627,1,direct_grid,
2022-07-10,KARNATAKA,Chikkaballapura,5866,CHIKBALLAPUR,218826,ANGAREKHANAHALLI,0.5861042737960815,1,direct_grid,
2022-07-10,KARNATAKA,Chikkaballapura,5866,CHIKBALLAPUR,218827,ARUURU,0.538070434803957,5,area_weighted,
2022-07-10,KARNATAKA,Chikkaballapura,5866,CHIKBALLAPUR,218828,AVAGURKI,0.19347401439555822,4,area_weighted,
2022-07-10,KARNATAKA,Chikkaballapura,5866,CHIKBALLAPUR,218829,DIBBURU,0.2074793428182602,1,direct_grid,
2022-07-10,KARNATAKA,Chikkaballapura,5866,CHIKBALLAPUR,218830,DODDAMARALI,0.7583878638780638,4,area_weighted,
2022-07-10,KARNATAKA,Chikkaballapura,5866,CHIKBALLAPUR,218831,DODDAPAYALAGURKI,0.5740739107131958,1,direct_grid,
2022-07-10,KARNATAKA,Chikkaballapura,5866,CHIKBALLAPUR,218832,GOLLAHALLI,0.5080759127934773,3,direct_grid,
2022-07-10,KARNATAKA,Chikkaballapura,5866,CHIKBALLAPUR,218833,HAROBANDE,0.0,1,direct_grid,
2022-07-10,KARNATAKA,Chikkaballapura,5866,CHIKBALLAPUR,218834,HOSA HUDYA,0.7691286381903838,6,area_weighted,
2022-07-10,KARNATAKA,Chikkaballapura,5866,CHIKBALLAPUR,218835,KAMMAGUTTAHALLI,0.5733679644678663,9,area_weighted,
2022-07-10,KARNATAKA,Chikkaballapura,5866,CHIKBALLAPUR,218836,KONDENAHALLI,0.7826233732606752,4,area_weighted,
2022-07-10,KARNATAKA,Chikkaballapura,5866,CHIKBALLAPUR,218837,KUPPA HALLI,0.8412205576896667,1,direct_grid,
2022-07-10,KARNATAKA,Chikkaballapura,5866,CHIKBALLAPUR,218838,MANCHANA BELE,0.3055206537246704,1,direct_grid,
2022-07-10,KARNATAKA,Chikkaballapura,5866,CHIKBALLAPUR,218839,MANDIKAL,0.449174165725708,1,direct_grid,
2022-07-10,KARNATAKA,Chikkaballapura,5866,CHIKBALLAPUR,218865,MITTA HALLI,0.9026096375355034,4,area_weighted,
2022-07-10,KARNATAKA,Chikkaballapura,5866,CHIKBALLAPUR,218840,MUDDENA HALLI,1.0005007982254028,1,direct_grid,
2022-07-10,KARNATAKA,Chikkaballapura,5866,CHIKBALLAPUR,218841,NANDI,0.9341689107559219,4,area_weighted,
2022-07-10,KARNATAKA,Chikkaballapura,5866,CHIKBALLAPUR,218842,PATRENA HALLI,0.4817434563830372,4,area_weighted,
2022-07-10,KARNATAKA,Chikkaballapura,5866,CHIKBALLAPUR,218843,PERESANDRA,0.7305511236190796,1,direct_grid,
2022-07-10,KARNATAKA,Chikkaballapura,5866,CHIKBALLAPUR,218844,POSHOTTAHALLI,0.7738468553722407,9,area_weighted,
2022-07-10,KARNATAKA,Chikkaballapura,5866,CHIKBALLAPUR,218845,THIPPANAHALLI,0.6296336054801941,1,direct_grid,
2022-07-10,KARNATAKA,Chikkaballapura,5867,CHINTAMANI,218846,ANUR,0.8275458812713623,1,direct_grid,
2022-07-10,KARNATAKA,Chikkaballapura,5867,CHINTAMANI,218847,BATLAHALLI,0.64823317527771,1,direct_grid,
2022-07-10,KARNATAKA,Chikkaballapura,5867,CHINTAMANI,218848,BHOMMISETTIHALLI,0.7530665289979411,8,area_weighted,
2022-07-10,KARNATAKA,Chikkaballapura,5867,CHINTAMANI,218849,BURADAGUNTE,0.7753912210464478,1,direct_grid,
2022-07-10,KARNATAKA,Chikkaballapura,5867,CHINTAMANI,218850,CHILAKALANERPU,0.6464782953262329,1,direct_grid,
2022-07-10,KARNATAKA,Chikkaballapura,5867,CHINTAMANI,218851,CHINNASANDRA,0.9150230639247852,6,area_weighted,
2022-07-10,KARNATAKA,Chikkaballapura,5867,CHINTAMANI,218852,DODDAGANJUR,0.7981614160770291,4,area_weighted,
2022-07-10,KARNATAKA,Chikkaballapura,5867,CHINTAMANI,218853,HIREKATTIGENAHALLI,0.9187016487121582,1,direct_grid,
2022-07-10,KARNATAKA,Chikkaballapura,5867,CHINTAMANI,218854,IRAGAMPALLI,0.6994988918304443,1,direct_grid,
2022-07-10,KARNATAKA,Chikkaballapura,5867,CHINTAMANI,218855,KADADANAMARI,0.5116898417472839,1,direct_grid,
2022-07-10,KARNATAKA,Chikkaballapura,5867,CHINTAMANI,218856,KAGATHI,0.8668160399743725,5,area_weighted,
2022-07-10,KARNATAKA,Chikkaballapura,5867,CHINTAMANI,218857,KAIWARA,1.0413129329681396,1,direct_grid,
2022-07-10,KARNATAKA,Chikkaballapura,5867,CHINTAMANI,218858,KATTARIGUPPA,1.040177013302147,6,area_weighted,
2022-07-10,KARNATAKA,Chikkaballapura,5867,CHINTAMANI,218859,KENCHARLAHALLI,0.8182733504914667,9,area_weighted,
2022-07-10,KARNATAKA,Chikkaballapura,5867,CHINTAMANI,218860,KONAPALLI,0.9292321687092995,7,area_weighted,
2022-07-10,KARNATAKA,Chikkaballapura,5867,CHINTAMANI,218861,KORLAPARTHI,1.067425012588501,1,direct_grid,
2022-07-10,KARNATAKA,Chikkaballapura,5867,CHINTAMANI,218862,KOTAGAL,0.8300208449363708,1,direct_grid,
2022-07-10,KARNATAKA,Chikkaballapura,5867,CHINTAMANI,218863,KURUBUR,0.8392967479622141,6,area_weighted,
2022-07-10,KARNATAKA,Chikkaballapura,5867,CHINTAMANI,218864,MASTENAHALLI,1.0190244014730367,6,area_weighted,
2022-07-10,KARNATAKA,Chikkaballapura,5867,CHINTAMANI,272730,MINDIGAL,0.6862196326255798,1,direct_grid,
2022-07-10,KARNATAKA,Chikkaballapura,5867,CHINTAMANI,218866,MOODLAGOLLAHALLI,0.8282480835914612,1,direct_grid,
2022-07-10,KARNATAKA,Chikkaballapura,5867,CHINTAMANI,218867,MUNAGANAHALLI,0.922524094581604,1,direct_grid,
2022-07-10,KARNATAKA,Chikkaballapura,5867,CHINTAMANI,218868,MURAGAMALLA,0.7264987230300903,1,direct_grid,
2022-07-10,KARNATAKA,Chikkaballapura,5867,CHINTAMANI,218869,NANDIGANAHALLI,0.7114893929875025,6,area_weighted,
2022-07-10,KARNATAKA,Chikkaballapura,5867,CHINTAMANI,218870,OOLAVADI,0.840248167514801,1,direct_grid,
2022-07-10,KARNATAKA,Chikkaballapura,5867,CHINTAMANI,218871,PEDDUR,0.6295178532600403,1,direct_grid,
2022-07-10,KARNATAKA,Chikkaballapura,5867,CHINTAMANI,218872,PERUMACHANA HALLI,1.0209652408515204,5,area_weighted,
2022-07-10,KARNATAKA,Chikkaballapura,5867,CHINTAMANI,218873,RAGUTTAHALLI,0.7616925239562988,1,direct_grid,
2022-07-10,KARNATAKA,Chikkaballapura,5867,CHINTAMANI,218874,SANTEKALLA HALLI,1.0323752164840698,1,direct_grid,
2022-07-10,KARNATAKA,Chikkaballapura,5867,CHINTAMANI,218875,SETTYHALLI,1.1215007305145264,1,direct_grid,
2022-07-10,KARNATAKA,Chikkaballapura,5867,CHINTAMANI,218876,TALAGAWARA,1.0304499471962252,7,area_weighted,
2022-07-10,KARNATAKA,Chikkaballapura,5867,CHINTAMANI,218877,UPPARAPET,1.0881532430648804,1,direct_grid,
2022-07-10,KARNATAKA,Chikkaballapura,5867,CHINTAMANI,218878,YAGAVAKOTE,0.5777696371078491,1,direct_grid,
2022-07-10,KARNATAKA,Chikkaballapura,5867,CHINTAMANI,218879,YENIGADELE,0.7579912543296814,2,direct_grid,
2022-07-10,KARNATAKA,Chikkaballapura,5868,GAURIBIDANUR,218880,ALAKAPURA,0.5254571127310256,6,area_weighted,
2022-07-10,KARNATAKA,Chikkaballapura,5868,GAURIBIDANUR,218881,ALIPURA,0.6285023093223572,1,direct_grid,
2022-07-10,KARNATAKA,Chikkaballapura,5868,GAURIBIDANUR,218882,B.BOMMASANDRA,0.7238523323423646,3,area_weighted,
2022-07-10,KARNATAKA,Chikkaballapura,5868,GAURIBIDANUR,218883,BEVINAHALLI,0.39412532726046096,5,area_weighted,
2022-07-10,KARNATAKA,Chikkaballapura,5868,GAURIBIDANUR,218884,BYCHAPURA,0.7940313594890775,8,area_weighted,
2022-07-10,KARNATAKA,Chikkaballapura,5868,GAURIBIDANUR,218885,CHIKKAKURUGODU,0.7170380834989554,5,area_weighted,
2022-07-10,KARNATAKA,Chikkaballapura,5868,GAURIBIDANUR,218886,DARINAYAKANAPALYA,0.6965106129646301,1,direct_grid,
2022-07-10,KARNATAKA,Chikkaballapura,5868,GAURIBIDANUR,218887,DODDAKURUGODU,0.8325788974761963,2,direct_grid,
2022-07-10,KARNATAKA,Chikkaballapura,5868,GAURIBIDANUR,218888,G. BOMMSANDRA,0.3856547176837921,1,direct_grid,
2022-07-10,KARNATAKA,Chikkaballapura,5868,GAURIBIDANUR,218889,G. KOTHUR,0.6698080880153037,4,area_weighted,
2022-07-10,KARNATAKA,Chikkaballapura,5868,GAURIBIDANUR,218890,GANGASANDRA,0.7033223509788513,1,direct_grid,
2022-07-10,KARNATAKA,Chikkaballapura,5868,GAURIBIDANUR,218891,GEDARE,0.7163054943084717,1,direct_grid,
2022-07-10,KARNATAKA,Chikkaballapura,5868,GAURIBIDANUR,218892,GOWDAGERE,0.4928207667306948,4,area_weighted,
2022-07-10,KARNATAKA,Chikkaballapura,5868,GAURIBIDANUR,218893,HALAGANAHALLI,0.8264327637502009,4,area_weighted,
2022-07-10,KARNATAKA,Chikkaballapura,5868,GAURIBIDANUR,218894,HALEHALLI,0.8454270362854004,1,direct_grid,
2022-07-10,KARNATAKA,Chikkaballapura,5868,GAURIBIDANUR,218895,HIREBIDANUR,0.6401071600302448,4,area_weighted,
2022-07-10,KARNATAKA,Chikkaballapura,5868,GAURIBIDANUR,218896,HOSUR,0.7547345197455957,4,area_weighted,
2022-07-10,KARNATAKA,Chikkaballapura,5868,GAURIBIDANUR,218897,HUDAGUR,0.7109536528587341,2,direct_grid,
2022-07-10,KARNATAKA,Chikkaballapura,5868,GAURIBIDANUR,218898,IDAGUR,0.7897294759750366,1,direct_grid,
2022-07-10,KARNATAKA,Chikkaballapura,5868,GAURIBIDANUR,218899,JARABANDANAHALLI,0.6805046796798706,2,direct_grid,
2022-07-10,KARNATAKA,Chikkaballapura,5868,GAURIBIDANUR,218900,KADALAVENI,0.6688920239088233,4,area_weighted,
2022-07-10,KARNATAKA,Chikkaballapura,5868,GAURIBIDANUR,218901,KALLINAYAKANAHALLI,0.5814852036933479,4,area_weighted,
2022-07-10,KARNATAKA,Chikkaballapura,5868,GAURIBIDANUR,218902,KURUDI,0.8521866202354431,1,direct_grid,
2022-07-10,KARNATAKA,Chikkaballapura,5868,GAURIBIDANUR,218903,MANCHENAHALLI,0.47201550006866455,1,direct_grid,
2022-07-10,KARNATAKA,Chikkaballapura,5868,GAURIBIDANUR,218904,MELYA,0.8301817178726196,1,direct_grid,
2022-07-10,KARNATAKA,Chikkaballapura,5868,GAURIBIDANUR,218905,MINAKANAGURKI,0.3871023654937744,1,direct_grid,
2022-07-10,KARNATAKA,Chikkaballapura,5868,GAURIBIDANUR,218906,MUDAGERE,0.7615871429443359,1,direct_grid,
2022-07-10,KARNATAKA,Chikkaballapura,5868,GAURIBIDANUR,218907,MUDDALODU,0.8950196504592896,1,direct_grid,
2022-07-10,KARNATAKA,Chikkaballapura,5868,GAURIBIDANUR,218908,NAGARAGERE,0.7717877626419067,1,direct_grid,
2022-07-10,KARNATAKA,Chikkaballapura,5868,GAURIBIDANUR,218909,NAKKALAHALLI,0.7327842025655221,5,area_weighted,
2022-07-10,KARNATAKA,Chikkaballapura,5868,GAURIBIDANUR,218910,NAMAGONDLU,0.721894383430481,1,direct_grid,
2022-07-10,KARNATAKA,Chikkaballapura,5868,GAURIBIDANUR,218911,PURA,0.6457524299621582,1,direct_grid,
2022-07-10,KARNATAKA,Chikkaballapura,5868,GAURIBIDANUR,218912,RAMAPURA,0.8343275785446167,1,direct_grid,
2022-07-10,KARNATAKA,Chikkaballapura,5868,GAURIBIDANUR,272731,SHYAMPURA,0.911351203918457,1,direct_grid,
2022-07-10,KARNATAKA,Chikkaballapura,5868,GAURIBIDANUR,218913,SONAGANAHALLI,0.901263952255249,1,direct_grid,
2022-07-10,KARNATAKA,Chikkaballapura,5868,GAURIBIDANUR,218914,TARIDALU,0.9769633412361145,1,direct_grid,
2022-07-10,KARNATAKA,Chikkaballapura,5868,GAURIBIDANUR,218915,THONDEBAVI,0.2445124089717865,2,direct_grid,
2022-07-10,KARNATAKA,Chikkaballapura,5868,GAURIBIDANUR,218916,VATADAHOSAHALLI,0.7138956189155579,2,direct_grid,
2022-07-10,KARNATAKA,Chikkaballapura,5869,GUDIBANDA,218917,BEECHAGANAHALLY,0.4823526136406816,4,area_weighted,
2022-07-10,KARNATAKA,Chikkaballapura,5869,GUDIBANDA,272732,DAPPARTI,0.4033297300338745,1,direct_grid,
2022-07-10,KARNATAKA,Chikkaballapura,5869,GUDIBANDA,218918,HAMPASANDRA,0.3294275999069214,1,direct_grid,
2022-07-10,KARNATAKA,Chikkaballapura,5869,GUDIBANDA,218919,SOMENAHALLI,0.6978399157524109,1,direct_grid,
2022-07-10,KARNATAKA,Chikkaballapura,5869,GUDIBANDA,218920,TIRUMANI,0.6319338381290436,2,direct_grid,
2022-07-10,KARNATAKA,Chikkaballapura,5869,GUDIBANDA,218921,ULLODU,0.654564619064331,1,direct_grid,
2022-07-10,KARNATAKA,Chikkaballapura,5869,GUDIBANDA,218922,VARLAKONDA,0.47810328006744385,1,direct_grid,
2022-07-10,KARNATAKA,Chikkaballapura,5869,GUDIBANDA,218923,YELLOD,0.6133211851119995,1,direct_grid,
2022-07-10,KARNATAKA,Chikkaballapura,5873,SIDLAGHATTA,219018,ABLODU,0.7560943365097046,1,direct_grid,
2022-07-10,KARNATAKA,Chikkaballapura,5873,SIDLAGHATTA,219019,ANUR,0.9848644733428955,1,direct_grid,
2022-07-10,KARNATAKA,Chikkaballapura,5873,SIDLAGHATTA,219020,BASETTYHALLI,0.7400835156440735,1,direct_grid,
2022-07-10,KARNATAKA,Chikkaballapura,5873,SIDLAGHATTA,219021,BHAKTHARA HALLI,1.0178569385844423,3,area_weighted,
2022-07-10,KARNATAKA,Chikkaballapura,5873,SIDLAGHATTA,219022,CHEEMANGALA,1.0677144527435303,1,direct_grid,
2022-07-10,KARNATAKA,Chikkaballapura,5873,SIDLAGHATTA,219023,DEVARAMALLUR,0.9508291482925415,1,direct_grid,
2022-07-10,KARNATAKA,Chikkaballapura,5873,SIDLAGHATTA,219024,DIBBURAHALLI,0.8270538747310638,2,direct_grid,
2022-07-10,KARNATAKA,Chikkaballapura,5873,SIDLAGHATTA,219025,DODDATEKA HALLI,0.5450125187635422,2,direct_grid,
2022-07-10,KARNATAKA,Chikkaballapura,5873,SIDLAGHATTA,219026,GANJIGUNTE,1.022587776184082,1,direct_grid,
2022-07-10,KARNATAKA,Chikkaballapura,5873,SIDLAGHATTA,219027,HANDIGANALA,0.8940549492835999,1,direct_grid,
2022-07-10,KARNATAKA,Chikkaballapura,5873,SIDLAGHATTA,219028,HOSAPETE,1.1467032359149,6,area_weighted,
2022-07-10,KARNATAKA,Chikkaballapura,5873,SIDLAGHATTA,219029,JANGAMAKOTE,1.1390362926854007,3,area_weighted,
2022-07-10,KARNATAKA,Chikkaballapura,5873,SIDLAGHATTA,219030,KOTHANUR,0.9857586518189638,5,area_weighted,
2022-07-10,KARNATAKA,Chikkaballapura,5873,SIDLAGHATTA,219031,KUMBIGANA HALLI,1.1669868817851305,4,area_weighted,
2022-07-10,KARNATAKA,Chikkaballapura,5873,SIDLAGHATTA,219032,KUNDALAGURKI,0.9810164570808411,1,direct_grid,
2022-07-10,KARNATAKA,Chikkaballapura,5873,SIDLAGHATTA,219033,MALAMACHANA HALLI,1.008600200156489,4,area_weighted,
2022-07-10,KARNATAKA,Chikkaballapura,5873,SIDLAGHATTA,219034,MALLUR,0.9240811467170715,1,direct_grid,
2022-07-10,KARNATAKA,Chikkaballapura,5873,SIDLAGHATTA,219035,MELUR,0.9304583693366065,4,area_weighted,
2022-07-10,KARNATAKA,Chikkaballapura,5873,SIDLAGHATTA,219036,NAGAMANGALA,1.0664180517196655,1,direct_grid,
2022-07-10,KARNATAKA,Chikkaballapura,5873,SIDLAGHATTA,219037,PALICHERLU,0.8765814900398254,1,direct_grid,
2022-07-10,KARNATAKA,Chikkaballapura,5873,SIDLAGHATTA,219038,S. DEVAGANAHALLI,0.7782240509986877,1,direct_grid,
2022-07-10,KARNATAKA,Chikkaballapura,5873,SIDLAGHATTA,219039,SADALI,0.6863493323326111,1,direct_grid,
2022-07-10,KARNATAKA,Chikkaballapura,5873,SIDLAGHATTA,272733,TALAKAYALABETTA,0.8961837291717529,2,direct_grid,
2022-07-10,KARNATAKA,Chikkaballapura,5873,SIDLAGHATTA,219040,THIMMANAYAKANA HALLI,0.8131355047225952,1,direct_grid,
2022-07-10,KARNATAKA,Chikkaballapura,5873,SIDLAGHATTA,219041,THIMMSANDRA,0.991837739944458,2,direct_grid,
2022-07-10,KARNATAKA,Chikkaballapura,5873,SIDLAGHATTA,219042,THUMMANAHALLI,1.0011065900325775,2,direct_grid,
2022-07-10,KARNATAKA,Chikkaballapura,5873,SIDLAGHATTA,219043,VENKATAPURA,1.1461752366324909,8,area_weighted,
2022-07-10,KARNATAKA,Chikkaballapura,5873,SIDLAGHATTA,219044,Y. HUNASENAHALLI,0.9818601182022381,5,area_weighted,
2022-07-10,KARNATAKA,Chikkamagaluru,7379,AJJAMPURA,216969,ANUVANAHALLI,2.949862241744995,1,direct_grid,
2022-07-10,KARNATAKA,Chikkamagaluru,7379,AJJAMPURA,216837,ASANDI,3.3446879386901855,1,direct_grid,
2022-07-10,KARNATAKA,Chikkamagaluru,7379,AJJAMPURA,216970,ATTIMOGGE,3.106494188308716,1,direct_grid,
2022-07-10,KARNATAKA,Chikkamagaluru,7379,AJJAMPURA,216973,BEGUR,3.6278202533721924,1,direct_grid,
2022-07-10,KARNATAKA,Chikkamagaluru,7379,AJJAMPURA,216842,BILUVALA,3.607818910630905,8,area_weighted,
2022-07-10,KARNATAKA,Chikkamagaluru,7379,AJJAMPURA,216978,CHEERANAHALLI,2.52236008644104,1,direct_grid,
2022-07-10,KARNATAKA,Chikkamagaluru,7379,AJJAMPURA,216846,CHIKKABALLEKERE,3.336301326751709,1,direct_grid,
2022-07-10,KARNATAKA,Chikkamagaluru,7379,AJJAMPURA,216979,CHIKKANAVANGALA,2.710228443145752,1,direct_grid,
2022-07-10,KARNATAKA,Chikkamagaluru,7379,AJJAMPURA,216849,CHOWLAHIRIYUR,3.7786669731140137,1,direct_grid,
2022-07-10,KARNATAKA,Chikkamagaluru,7379,AJJAMPURA,216982,GADIHALLI,3.1641465388018206,4,area_weighted,
2022-07-10,KARNATAKA,Chikkamagaluru,7379,AJJAMPURA,216853,GIRIYAPURA,3.327143907546997,1,direct_grid,
2022-07-10,KARNATAKA,Chikkamagaluru,7379,AJJAMPURA,216984,GOWRAPURA,3.2070338804817387,4,area_weighted,
2022-07-10,KARNATAKA,Chikkamagaluru,7379,AJJAMPURA,216989,JAVOOR,2.753213405609131,1,direct_grid,
2022-07-10,KARNATAKA,Chikkamagaluru,7379,AJJAMPURA,216863,KALKERE,3.4539847373962402,1,direct_grid,
2022-07-10,KARNATAKA,Chikkamagaluru,7379,AJJAMPURA,216990,KALLENAHALLI,2.7978122234344482,1,direct_grid,
2022-07-10,KARNATAKA,Chikkamagaluru,7379,AJJAMPURA,216995,KORATIKERE,3.513939930018381,5,area_weighted,
2022-07-10,KARNATAKA,Chikkamagaluru,7379,AJJAMPURA,217001,MUGALI,3.410040855407715,1,direct_grid,
2022-07-10,KARNATAKA,Chikkamagaluru,7379,AJJAMPURA,216870,NAGENAHALLI,4.362956523895264,1,direct_grid,
2022-07-10,KARNATAKA,Chikkamagaluru,7379,AJJAMPURA,217003,NARANAPURA,3.0425840722643063,4,area_weighted,
2022-07-10,KARNATAKA,Chikkamagaluru,7379,AJJAMPURA,217005,SHIVANI,2.736938714981079,1,direct_grid,
2022-07-10,KARNATAKA,Chikkamagaluru,7379,AJJAMPURA,216980,SHYANUBOGANAHALLI,3.245943784713745,1,direct_grid,
2022-07-10,KARNATAKA,Chikkamagaluru,7379,AJJAMPURA,217007,SOKKE,3.0817017555236816,1,direct_grid,
2022-07-10,KARNATAKA,Chikkamagaluru,7379,AJJAMPURA,217008,SOLLAPURA,3.3681214256177547,5,area_weighted,
2022-07-10,KARNATAKA,Chikkamagaluru,7379,AJJAMPURA,217011,TYAGADAKATTE,3.0733838081359863,1,direct_grid,
2022-07-10,KARNATAKA,Chikkamagaluru,5802,CHIKKAMAGALURU,216788,ALDUR,7.016608238220215,1,direct_grid,
2022-07-10,KARNATAKA,Chikkamagaluru,5802,CHIKKAMAGALURU,216789,ALLAMPURA,2.7377359867095947,1,direct_grid,
2022-07-10,KARNATAKA,Chikkamagaluru,5802,CHIKKAMAGALURU,216790,AMBLE,4.441356945665332,4,area_weighted,
2022-07-10,KARNATAKA,Chikkamagaluru,5802,CHIKKAMAGALURU,216791,ANOORU,5.46372127532959,2,direct_grid,
2022-07-10,KARNATAKA,Chikkamagaluru,5802,CHIKKAMAGALURU,216792,AVUTHI,7.069868087768555,1,direct_grid,
2022-07-10,KARNATAKA,Chikkamagaluru,5802,CHIKKAMAGALURU,216793,BASARAVALLI,8.129508204142972,6,area_weighted,
2022-07-10,KARNATAKA,Chikkamagaluru,5802,CHIKKAMAGALURU,216794,BASKAL,5.383979320526123,1,direct_grid,
2022-07-10,KARNATAKA,Chikkamagaluru,5802,CHIKKAMAGALURU,216795,BEEKANAHALLI,3.9120218753814697,2,direct_grid,
2022-07-10,KARNATAKA,Chikkamagaluru,5802,CHIKKAMAGALURU,216796,BELAVADI,5.3481926918029785,1,direct_grid,
2022-07-10,KARNATAKA,Chikkamagaluru,5802,CHIKKAMAGALURU,216797,BIDARE,7.234869003295898,2,direct_grid,
2022-07-10,KARNATAKA,Chikkamagaluru,5802,CHIKKAMAGALURU,216798,BILEKALLAHALLI,4.22070837020874,1,direct_grid,
2022-07-10,KARNATAKA,Chikkamagaluru,5802,CHIKKAMAGALURU,216799,BYARAVALLI (MALLANDURU),5.541776895523071,2,direct_grid,
2022-07-10,KARNATAKA,Chikkamagaluru,5802,CHIKKAMAGALURU,216800,BYGURU,6.019291639328003,2,direct_grid,
2022-07-10,KARNATAKA,Chikkamagaluru,5802,CHIKKAMAGALURU,216801,DASARAHALLI,2.5403904914855957,1,direct_grid,
2022-07-10,KARNATAKA,Chikkamagaluru,5802,CHIKKAMAGALURU,216802,DEVADANA,8.846989631652832,1,direct_grid,
2022-07-10,KARNATAKA,Chikkamagaluru,5802,CHIKKAMAGALURU,216803,DODDAMAGARAVALLI,8.801874160766602,1,direct_grid,
2022-07-10,KARNATAKA,Chikkamagaluru,5802,CHIKKAMAGALURU,216804,ENAM DATTATHREYAPEETA,3.21273934841156,2,direct_grid,
2022-07-10,KARNATAKA,Chikkamagaluru,5802,CHIKKAMAGALURU,216805,ESWARAHALLI,5.492049246666252,6,area_weighted,
2022-07-10,KARNATAKA,Chikkamagaluru,5802,CHIKKAMAGALURU,216806,HARIHARADAHALLI,4.626996040344238,1,direct_grid,
2022-07-10,KARNATAKA,Chikkamagaluru,5802,CHIKKAMAGALURU,216807,HIREGOUJA,4.326207160949707,1,direct_grid,
2022-07-10,KARNATAKA,Chikkamagaluru,5802,CHIKKAMAGALURU,216808,HIREKOLALE,4.310293197631836,1,direct_grid,
2022-07-10,KARNATAKA,Chikkamagaluru,5802,CHIKKAMAGALURU,216809,HUYIGERE,11.195011456807453,3,direct_grid,
2022-07-10,KARNATAKA,Chikkamagaluru,5802,CHIKKAMAGALURU,216810,INDAVARA,3.1591260198419446,4,area_weighted,
2022-07-10,KARNATAKA,Chikkamagaluru,5802,CHIKKAMAGALURU,216811,K.R.PETE (BIGGANAHALLIDAKALE),3.533661365509033,1,direct_grid,
2022-07-10,KARNATAKA,Chikkamagaluru,5802,CHIKKAMAGALURU,216812,KADAVANTHI,7.535043227211251,4,area_weighted,
2022-07-10,KARNATAKA,Chikkamagaluru,5802,CHIKKAMAGALURU,216813,KALASAPURA,4.677123069763184,1,direct_grid,
2022-07-10,KARNATAKA,Chikkamagaluru,5802,CHIKKAMAGALURU,216814,KARTIKERE,4.267723873892118,4,area_weighted,
2022-07-10,KARNATAKA,Chikkamagaluru,5802,CHIKKAMAGALURU,216815,KELAGOORU,5.885591332742834,6,area_weighted,
2022-07-10,KARNATAKA,Chikkamagaluru,5802,CHIKKAMAGALURU,216816,KUDUVALLI,5.345027923583984,1,direct_grid,
2022-07-10,KARNATAKA,Chikkamagaluru,5802,CHIKKAMAGALURU,216817,KURUBARABUDIHALU,5.772975281851562,3,area_weighted,
2022-07-10,KARNATAKA,Chikkamagaluru,5802,CHIKKAMAGALURU,216818,LAKKAMMANAHALLI,4.518276214599609,1,direct_grid,
2022-07-10,KARNATAKA,Chikkamagaluru,5802,CHIKKAMAGALURU,216819,LAKYA,4.580678316520832,7,area_weighted,
2022-07-10,KARNATAKA,Chikkamagaluru,5802,CHIKKAMAGALURU,216820,MACHENAHALLI,4.856406071183894,2,area_weighted,
2022-07-10,KARNATAKA,Chikkamagaluru,5802,CHIKKAMAGALURU,216821,MAILIMANE,4.518404650947739,2,area_weighted,
2022-07-10,KARNATAKA,Chikkamagaluru,5802,CHIKKAMAGALURU,216822,MALALOOR,4.789669036865234,1,direct_grid,
2022-07-10,KARNATAKA,Chikkamagaluru,5802,CHIKKAMAGALURU,216823,MALLENAHALLI (BINDIGA),3.701370120048523,4,direct_grid,
2022-07-10,KARNATAKA,Chikkamagaluru,5802,CHIKKAMAGALURU,216824,MARLE,5.019116817368451,4,area_weighted,
2022-07-10,KARNATAKA,Chikkamagaluru,5802,CHIKKAMAGALURU,216825,MELINA HULUVATTHI,3.837833285331726,4,direct_grid,
2022-07-10,KARNATAKA,Chikkamagaluru,5802,CHIKKAMAGALURU,216826,MOOGTHIHALLI,2.4246092438697815,2,direct_grid,
2022-07-10,KARNATAKA,Chikkamagaluru,5802,CHIKKAMAGALURU,216827,MUGULAVALLI,4.945499505114923,4,area_weighted,
2022-07-10,KARNATAKA,Chikkamagaluru,5802,CHIKKAMAGALURU,216828,SATTHIHALLI,7.4658403396606445,1,direct_grid,
2022-07-10,KARNATAKA,Chikkamagaluru,5802,CHIKKAMAGALURU,216829,SHIRAVASE,5.070032477378845,4,direct_grid,
2022-07-10,KARNATAKA,Chikkamagaluru,5802,CHIKKAMAGALURU,216830,SINDIGERE,4.875181674957275,1,direct_grid,
2022-07-10,KARNATAKA,Chikkamagaluru,5802,CHIKKAMAGALURU,216831,THALIHALLA,4.831645582954128,5,area_weighted,
2022-07-10,KARNATAKA,Chikkamagaluru,5802,CHIKKAMAGALURU,216832,THEGUR,2.9978559017181396,1,direct_grid,
2022-07-10,KARNATAKA,Chikkamagaluru,5802,CHIKKAMAGALURU,216833,THOGARIHUNKAL,2.9536828994750977,1,direct_grid,
2022-07-10,KARNATAKA,Chikkamagaluru,5802,CHIKKAMAGALURU,216834,VASTHARE,4.890684190565692,5,area_weighted,
2022-07-10,KARNATAKA,Chikkamagaluru,5803,KADUR,244975,ANIGERE,3.313887560856272,6,area_weighted,
2022-07-10,KARNATAKA,Chikkamagaluru,5803,KADUR,216835,ANNEGERE,3.3485167026519775,1,direct_grid,
2022-07-10,KARNATAKA,Chikkamagaluru,5803,KADUR,216836,ANTHARAGATTA,3.696322967657544,7,area_weighted,
2022-07-10,KARNATAKA,Chikkamagaluru,5803,KADUR,216838,BALLEKERE,4.089061764050399,6,area_weighted,
2022-07-10,KARNATAKA,Chikkamagaluru,5803,KADUR,216839,BALLIGANUR,3.736470341682434,2,direct_grid,
2022-07-10,KARNATAKA,Chikkamagaluru,5803,KADUR,216840,BANUR,4.737902412028951,4,area_weighted,
2022-07-10,KARNATAKA,Chikkamagaluru,5803,KADUR,216841,BASUR,3.646437168121338,1,direct_grid,
2022-07-10,KARNATAKA,Chikkamagaluru,5803,KADUR,216843,BISLEHALLI,4.2074881638604555,6,area_weighted,
2022-07-10,KARNATAKA,Chikkamagaluru,5803,KADUR,216844,BISLERE,3.321655750274658,1,direct_grid,
2022-07-10,KARNATAKA,Chikkamagaluru,5803,KADUR,216845,CHEELANAHALLI,3.6533719593159852,11,area_weighted,
2022-07-10,KARNATAKA,Chikkamagaluru,5803,KADUR,216847,CHIKKADEVANUR,3.6571223299431077,8,area_weighted,
2022-07-10,KARNATAKA,Chikkamagaluru,5803,KADUR,216848,CHIKKANGALA,4.013439178466797,1,direct_grid,
2022-07-10,KARNATAKA,Chikkamagaluru,5803,KADUR,216850,DEVANUR,3.6574833393096924,2,direct_grid,
2022-07-10,KARNATAKA,Chikkamagaluru,5803,KADUR,216851,GANGANAHALLI,3.1266913414001465,1,direct_grid,
2022-07-10,KARNATAKA,Chikkamagaluru,5803,KADUR,216852,GARJE,3.4028985500335693,1,direct_grid,
2022-07-10,KARNATAKA,Chikkamagaluru,5803,KADUR,216854,HALIKERE,4.5950440845255125,4,area_weighted,
2022-07-10,KARNATAKA,Chikkamagaluru,5803,KADUR,272692,HARALAGATTA,4.013439178466797,1,area_weighted,
2022-07-10,KARNATAKA,Chikkamagaluru,5803,KADUR,216855,HIRENALLUR,3.5854820013046265,2,direct_grid,
2022-07-10,KARNATAKA,Chikkamagaluru,5803,KADUR,216856,HOCHIHALLI,3.7995329173350845,4,area_weighted,
2022-07-10,KARNATAKA,Chikkamagaluru,5803,KADUR,216858,HULLEHALLI,3.9117897748947144,2,direct_grid,
2022-07-10,KARNATAKA,Chikkamagaluru,5803,KADUR,216859,JIGANEHALLI,4.9017415046691895,1,direct_grid,
2022-07-10,KARNATAKA,Chikkamagaluru,5803,KADUR,216857,JODIHOCHIHALLI,4.1350321769714355,1,direct_grid,
2022-07-10,KARNATAKA,Chikkamagaluru,5803,KADUR,216860,JODITHIMMAPURA,3.9035440416438334,11,area_weighted,
2022-07-10,KARNATAKA,Chikkamagaluru,5803,KADUR,216861,K.BIDRE,3.463928461074829,1,direct_grid,
2022-07-10,KARNATAKA,Chikkamagaluru,5803,KADUR,216862,KADURHALLI,4.348293705524254,4,area_weighted,
2022-07-10,KARNATAKA,Chikkamagaluru,5803,KADUR,216864,KAMANAKERE,3.6876834794499285,4,area_weighted,
2022-07-10,KARNATAKA,Chikkamagaluru,5803,KADUR,216865,KERESANTHE,3.4022756498865676,10,area_weighted,
2022-07-10,KARNATAKA,Chikkamagaluru,5803,KADUR,216866,KUNKANADU,3.7730135917663574,1,direct_grid,
2022-07-10,KARNATAKA,Chikkamagaluru,5803,KADUR,216867,MALLESHWARA,3.8702874183654785,1,direct_grid,
2022-07-10,KARNATAKA,Chikkamagaluru,5803,KADUR,216868,MATHIGATTA,3.4904897212982178,1,direct_grid,
2022-07-10,KARNATAKA,Chikkamagaluru,5803,KADUR,216869,NAGARAHAL,3.985711097717285,1,direct_grid,
2022-07-10,KARNATAKA,Chikkamagaluru,5803,KADUR,216871,NIDGHATTA,4.529200553894043,2,direct_grid,
2022-07-10,KARNATAKA,Chikkamagaluru,5803,KADUR,216872,NIDUVALLI,3.093063657428459,4,area_weighted,
2022-07-10,KARNATAKA,Chikkamagaluru,5803,KADUR,216873,PANCHANAHALLI,3.014859676361084,1,direct_grid,
2022-07-10,KARNATAKA,Chikkamagaluru,5803,KADUR,216874,PATNAGERE,4.761923313140869,1,direct_grid,
2022-07-10,KARNATAKA,Chikkamagaluru,5803,KADUR,216875,PILLENAHALLI,4.353193127112622,5,area_weighted,
2022-07-10,KARNATAKA,Chikkamagaluru,5803,KADUR,216876,PURA,3.3461496829986572,1,direct_grid,
2022-07-10,KARNATAKA,Chikkamagaluru,5803,KADUR,216877,S.BIDRE,4.981551170349121,1,direct_grid,
2022-07-10,KARNATAKA,Chikkamagaluru,5803,KADUR,216878,S.MADAPURA,3.0186197757720947,1,direct_grid,
2022-07-10,KARNATAKA,Chikkamagaluru,5803,KADUR,216879,SAKREPATNA,4.089510440826416,1,direct_grid,
2022-07-10,KARNATAKA,Chikkamagaluru,5803,KADUR,216880,SARASWATHIPURA,4.138608932495117,1,direct_grid,
2022-07-10,KARNATAKA,Chikkamagaluru,5803,KADUR,216881,SINGATAGERE,3.170773466639059,8,area_weighted,
2022-07-10,KARNATAKA,Chikkamagaluru,5803,KADUR,216882,SOMANAHALLI,3.216195821762085,1,direct_grid,
2022-07-10,KARNATAKA,Chikkamagaluru,5803,KADUR,216883,TANGALI,3.888022906499868,6,area_weighted,
2022-07-10,KARNATAKA,Chikkamagaluru,5803,KADUR,216884,THIMLAPURA,3.04828636859897,4,area_weighted,
2022-07-10,KARNATAKA,Chikkamagaluru,5803,KADUR,216885,UDUGERE,3.408526659011841,1,direct_grid,
2022-07-10,KARNATAKA,Chikkamagaluru,5803,KADUR,216886,ULIGERE,3.285858154296875,1,direct_grid,
2022-07-10,KARNATAKA,Chikkamagaluru,5803,KADUR,216887,V.YARADAKERE,3.3438055187540914,4,area_weighted,
2022-07-10,KARNATAKA,Chikkamagaluru,5803,KADUR,216888,VOKKALAGERE,3.7937510013580322,2,direct_grid,
2022-07-10,KARNATAKA,Chikkamagaluru,5803,KADUR,216889,Y.MALLAPURA,3.4908950328826904,1,direct_grid,
2022-07-10,KARNATAKA,Chikkamagaluru,5803,KADUR,216890,YAGATI,3.3507423698168357,6,area_weighted,
2022-07-10,KARNATAKA,Chikkamagaluru,5803,KADUR,216891,YELLAMBALSE,3.447679733063424,5,area_weighted,
2022-07-10,KARNATAKA,Chikkamagaluru,5803,KADUR,216892,YEMMEDODDI,3.660821557044983,2,direct_grid,
2022-07-10,KARNATAKA,Chikkamagaluru,7497,KALASA,216927,HORNADU,18.168044411526996,6,area_weighted,
2022-07-10,KARNATAKA,Chikkamagaluru,7497,KALASA,216928,IDKANI,15.886015892028809,1,direct_grid,
2022-07-10,KARNATAKA,Chikkamagaluru,7497,KALASA,216930,KALASA (MAVINAKERE,19.133913040161133,3,direct_grid,
2022-07-10,KARNATAKA,Chikkamagaluru,7497,KALASA,216934,MARASANIGE,19.337133407592773,1,direct_grid,
2022-07-10,KARNATAKA,Chikkamagaluru,7497,KALASA,216938,SAMSE,23.972007751464844,8,direct_grid,
2022-07-10,KARNATAKA,Chikkamagaluru,7497,KALASA,216941,THOTADUR,15.398536682128906,1,direct_grid,
2022-07-10,KARNATAKA,Chikkamagaluru,5804,KOPPA,216893,AGALAGANDI,13.226204974282123,10,area_weighted,
2022-07-10,KARNATAKA,Chikkamagaluru,5804,KOPPA,216894,ASAGODU,7.948612213134766,1,direct_grid,
2022-07-10,KARNATAKA,Chikkamagaluru,5804,KOPPA,216895,ATTHIKODIGE,17.519182205200195,2,direct_grid,
2022-07-10,KARNATAKA,Chikkamagaluru,5804,KOPPA,216896,BHANDIGADI,8.252093315124512,1,direct_grid,
2022-07-10,KARNATAKA,Chikkamagaluru,5804,KOPPA,216897,BHUVANAKOTE (UTTAMESWARA),11.333126057275962,4,area_weighted,
2022-07-10,KARNATAKA,Chikkamagaluru,5804,KOPPA,216898,BINTHRAVALLI,6.918981075286865,1,direct_grid,
2022-07-10,KARNATAKA,Chikkamagaluru,5804,KOPPA,216899,CHAVALMANE,9.632121814985403,4,area_weighted,
2022-07-10,KARNATAKA,Chikkamagaluru,5804,KOPPA,216900,GUDDETHOTA,14.914803504943848,1,direct_grid,
2022-07-10,KARNATAKA,Chikkamagaluru,5804,KOPPA,216901,HARANDUR (KOPPA),7.286906496884141,4,area_weighted,
2022-07-10,KARNATAKA,Chikkamagaluru,5804,KOPPA,216902,HARIHARAPURA,7.9603460694783905,2,area_weighted,
2022-07-10,KARNATAKA,Chikkamagaluru,5804,KOPPA,216903,HERURU,12.668877124786377,2,direct_grid,
2022-07-10,KARNATAKA,Chikkamagaluru,5804,KOPPA,216904,HIREGADDE,10.600760459899902,1,direct_grid,
2022-07-10,KARNATAKA,Chikkamagaluru,5804,KOPPA,216905,HIREKODIGE,7.9979448318481445,1,direct_grid,
2022-07-10,KARNATAKA,Chikkamagaluru,5804,KOPPA,216906,JAYAPURA,12.869024276733398,1,direct_grid,
2022-07-10,KARNATAKA,Chikkamagaluru,5804,KOPPA,216907,KESAVE,6.636955738067627,1,direct_grid,
2022-07-10,KARNATAKA,Chikkamagaluru,5804,KOPPA,216908,KOPPA (RURAL),7.551009178161621,1,direct_grid,
2022-07-10,KARNATAKA,Chikkamagaluru,5804,KOPPA,216909,MARITHOTLU (ANDHAGARU),7.227068518287846,3,area_weighted,
2022-07-10,KARNATAKA,Chikkamagaluru,5804,KOPPA,216910,NARASIPURA (NARVE),7.519839763641357,1,direct_grid,
2022-07-10,KARNATAKA,Chikkamagaluru,5804,KOPPA,216911,NILUVAGILU,16.039140701293945,1,direct_grid,
2022-07-10,KARNATAKA,Chikkamagaluru,5804,KOPPA,216912,NUGGI (BAPPUNJI),8.188484907150269,2,direct_grid,
2022-07-10,KARNATAKA,Chikkamagaluru,5804,KOPPA,216913,SHANUVALLI,8.251835823059082,1,direct_grid,
2022-07-10,KARNATAKA,Chikkamagaluru,5804,KOPPA,216914,TULUVINAKOPPA (KALKERE),10.44123363494873,1,direct_grid,
2022-07-10,KARNATAKA,Chikkamagaluru,5805,MUDIGERE,216915,B.BOSAHALLI (BHARATIBYLU),12.71364574820467,4,area_weighted,
2022-07-10,KARNATAKA,Chikkamagaluru,5805,MUDIGERE,216916,BALUR,18.324583053588867,1,direct_grid,
2022-07-10,KARNATAKA,Chikkamagaluru,5805,MUDIGERE,216917,BANAKAL,13.471271991729736,2,direct_grid,
2022-07-10,KARNATAKA,Chikkamagaluru,5805,MUDIGERE,216918,BETTAGERE,12.526403687484272,3,area_weighted,
2022-07-10,KARNATAKA,Chikkamagaluru,5805,MUDIGERE,216919,BIDARAHALLI,10.663631439208984,1,direct_grid,
2022-07-10,KARNATAKA,Chikkamagaluru,5805,MUDIGERE,216920,CHINNIGA,7.106468076802367,5,area_weighted,
2022-07-10,KARNATAKA,Chikkamagaluru,5805,MUDIGERE,216921,COOVE,14.14383316040039,1,direct_grid,
2022-07-10,KARNATAKA,Chikkamagaluru,5805,MUDIGERE,216922,DARADAHALLI,10.581316098794233,4,area_weighted,
2022-07-10,KARNATAKA,Chikkamagaluru,5805,MUDIGERE,216923,GONIBEEDU,5.672788619995117,1,direct_grid,
2022-07-10,KARNATAKA,Chikkamagaluru,5805,MUDIGERE,216924,HALEMUDIGERE,8.513768196105957,1,direct_grid,
2022-07-10,KARNATAKA,Chikkamagaluru,5805,MUDIGERE,216925,HANTHURU,11.067288398742676,2,direct_grid,
2022-07-10,KARNATAKA,Chikkamagaluru,5805,MUDIGERE,216926,HESAGAL (BELAGOLA),7.952019691467285,1,direct_grid,
2022-07-10,KARNATAKA,Chikkamagaluru,5805,MUDIGERE,216929,JAVALI,18.879643154816897,6,area_weighted,
2022-07-10,KARNATAKA,Chikkamagaluru,5805,MUDIGERE,216931,KIRUGUNDA,5.9486083984375,1,direct_grid,
2022-07-10,KARNATAKA,Chikkamagaluru,5805,MUDIGERE,216932,KUNDUR,9.687053680419922,1,direct_grid,
2022-07-10,KARNATAKA,Chikkamagaluru,5805,MUDIGERE,216933,MAKONAHALLI,5.544822692871094,1,direct_grid,
2022-07-10,KARNATAKA,Chikkamagaluru,5805,MUDIGERE,216935,NANDIPURA,4.5194798223663994,5,area_weighted,
2022-07-10,KARNATAKA,Chikkamagaluru,5805,MUDIGERE,216936,NIDUVALE,16.192964553833008,1,direct_grid,
2022-07-10,KARNATAKA,Chikkamagaluru,5805,MUDIGERE,216937,PHALGUNI,11.798380372767326,4,area_weighted,
2022-07-10,KARNATAKA,Chikkamagaluru,5805,MUDIGERE,216939,SUNKASALE,18.8946590423584,2,direct_grid,
2022-07-10,KARNATAKA,Chikkamagaluru,5805,MUDIGERE,216940,TARUVE,20.451377868652344,1,direct_grid,
2022-07-10,KARNATAKA,Chikkamagaluru,5805,MUDIGERE,216942,TRIPURA,14.963531176249186,3,direct_grid,
2022-07-10,KARNATAKA,Chikkamagaluru,5805,MUDIGERE,216943,URUBAGE,19.91571617126465,3,direct_grid,
2022-07-10,KARNATAKA,Chikkamagaluru,5806,NARASIMHARAJAPURA,216944,ADUVALLI (GADIGESHWARA),8.445796012878418,2,direct_grid,
2022-07-10,KARNATAKA,Chikkamagaluru,5806,NARASIMHARAJAPURA,216945,B.KANABUR ( BALEHONNUR ),12.274273872375488,1,direct_grid,
2022-07-10,KARNATAKA,Chikkamagaluru,5806,NARASIMHARAJAPURA,216946,BALE ( MUDABAGILU ),4.90316375096639,3,direct_grid,
2022-07-10,KARNATAKA,Chikkamagaluru,5806,NARASIMHARAJAPURA,216947,BANNUR,12.394027709960938,2,direct_grid,
2022-07-10,KARNATAKA,Chikkamagaluru,5806,NARASIMHARAJAPURA,216948,GUBBIGA,5.95939826965332,1,direct_grid,
2022-07-10,KARNATAKA,Chikkamagaluru,5806,NARASIMHARAJAPURA,216949,HONNEKUDIGE ( HANTHUVINE),4.628017067909241,4,direct_grid,
2022-07-10,KARNATAKA,Chikkamagaluru,5806,NARASIMHARAJAPURA,216950,KADAHINABYLU,4.7031636238098145,2,direct_grid,
2022-07-10,KARNATAKA,Chikkamagaluru,5806,NARASIMHARAJAPURA,216951,KANUR,6.149923801422119,2,direct_grid,
2022-07-10,KARNATAKA,Chikkamagaluru,5806,NARASIMHARAJAPURA,216952,KAREKESHWARA ( MELPAL),8.62584400177002,1,direct_grid,
2022-07-10,KARNATAKA,Chikkamagaluru,5806,NARASIMHARAJAPURA,216953,MAGUNDI,13.934983529377707,4,area_weighted,
2022-07-10,KARNATAKA,Chikkamagaluru,5806,NARASIMHARAJAPURA,216954,MENSUR,5.212921145951869,6,area_weighted,
2022-07-10,KARNATAKA,Chikkamagaluru,5806,NARASIMHARAJAPURA,216955,MUTHINAKOPPA,4.434332370758057,6,direct_grid,
2022-07-10,KARNATAKA,Chikkamagaluru,5806,NARASIMHARAJAPURA,216956,NAGALAPURA ( G.H.KAIMARA),5.135986804962158,1,direct_grid,
2022-07-10,KARNATAKA,Chikkamagaluru,5806,NARASIMHARAJAPURA,216957,SEETHUR,5.605215549468994,1,direct_grid,
2022-07-10,KARNATAKA,Chikkamagaluru,5807,SRINGERI,216958,ADDAGADDE,11.38257884979248,1,direct_grid,
2022-07-10,KARNATAKA,Chikkamagaluru,5807,SRINGERI,216959,BEGARU,19.50446319580078,2,direct_grid,
2022-07-10,KARNATAKA,Chikkamagaluru,5807,SRINGERI,216960,DHAREKOPPA,13.388940800862512,6,area_weighted,
2022-07-10,KARNATAKA,Chikkamagaluru,5807,SRINGERI,216961,KERE,30.025070826212563,6,direct_grid,
2022-07-10,KARNATAKA,Chikkamagaluru,5807,SRINGERI,216962,KUTHAGODU,14.2893705368042,1,direct_grid,
2022-07-10,KARNATAKA,Chikkamagaluru,5807,SRINGERI,216963,MARKAL ( KIGGA ),27.418376922607422,2,direct_grid,
2022-07-10,KARNATAKA,Chikkamagaluru,5807,SRINGERI,216964,MENASE,12.392361164093018,2,direct_grid,
2022-07-10,KARNATAKA,Chikkamagaluru,5807,SRINGERI,216965,NEMMARU,16.66434097290039,1,direct_grid,
2022-07-10,KARNATAKA,Chikkamagaluru,5807,SRINGERI,216966,VIDYARANAYAPURA,13.829529677223865,2,area_weighted,
2022-07-10,KARNATAKA,Chikkamagaluru,5808,TARIKERE,216968,AMRUTHAPURA,2.7840778827667236,2,direct_grid,
2022-07-10,KARNATAKA,Chikkamagaluru,5808,TARIKERE,216971,BAGGAVALLI,3.2903988101889654,8,area_weighted,
2022-07-10,KARNATAKA,Chikkamagaluru,5808,TARIKERE,216972,BARAGENAHALLI,3.134366775089089,5,area_weighted,
2022-07-10,KARNATAKA,Chikkamagaluru,5808,TARIKERE,216974,BELENAHALLI,2.833705425262451,1,direct_grid,
2022-07-10,KARNATAKA,Chikkamagaluru,5808,TARIKERE,216975,BETTADAHALLI,3.127866506576538,1,direct_grid,
2022-07-10,KARNATAKA,Chikkamagaluru,5808,TARIKERE,216976,BHAVIKERE,3.023060031403659,4,area_weighted,
2022-07-10,KARNATAKA,Chikkamagaluru,5808,TARIKERE,216977,BUKKAMBUDI,2.6639798771099503,6,area_weighted,
2022-07-10,KARNATAKA,Chikkamagaluru,5808,TARIKERE,216981,DORANALU,2.9878008365631104,1,direct_grid,
2022-07-10,KARNATAKA,Chikkamagaluru,5808,TARIKERE,216983,GOPALA,3.142672300338745,1,direct_grid,
2022-07-10,KARNATAKA,Chikkamagaluru,5808,TARIKERE,216985,GULLADAMANE,2.9687094688415527,2,direct_grid,
2022-07-10,KARNATAKA,Chikkamagaluru,5808,TARIKERE,216986,HADIKERE,2.8585339180547304,10,area_weighted,
2022-07-10,KARNATAKA,Chikkamagaluru,5808,TARIKERE,216987,HALASUR,3.3573760613214723,4,area_weighted,
2022-07-10,KARNATAKA,Chikkamagaluru,5808,TARIKERE,216988,HUNASAGHATTA,3.004106283015604,9,area_weighted,
2022-07-10,KARNATAKA,Chikkamagaluru,5808,TARIKERE,216991,KAMANADURGA,3.282057523727417,1,direct_grid,
2022-07-10,KARNATAKA,Chikkamagaluru,5808,TARIKERE,216992,KARKUCHI,3.274341063263273,4,area_weighted,
2022-07-10,KARNATAKA,Chikkamagaluru,5808,TARIKERE,216993,KENCHIKOPPA,3.809503412246704,5,direct_grid,
2022-07-10,KARNATAKA,Chikkamagaluru,5808,TARIKERE,216994,KORANAHALLI,3.2207987308502197,1,direct_grid,
2022-07-10,KARNATAKA,Chikkamagaluru,5808,TARIKERE,216996,KUDLUR,3.5026110410690308,2,direct_grid,
2022-07-10,KARNATAKA,Chikkamagaluru,5808,TARIKERE,216997,LAKKAVALLI,3.675036907196045,1,direct_grid,
2022-07-10,KARNATAKA,Chikkamagaluru,5808,TARIKERE,216998,LINGADAHALLI,3.4026866753896075,3,direct_grid,
2022-07-10,KARNATAKA,Chikkamagaluru,5808,TARIKERE,216999,MALALICHANNENAHALLI,2.569988489151001,1,direct_grid,
2022-07-10,KARNATAKA,Chikkamagaluru,5808,TARIKERE,217000,MUDUGODU,3.2852985858917236,1,direct_grid,
2022-07-10,KARNATAKA,Chikkamagaluru,5808,TARIKERE,217002,NANDI BATTLU,2.678488254547119,1,direct_grid,
2022-07-10,KARNATAKA,Chikkamagaluru,5808,TARIKERE,217004,NERLEKERE,2.841905117034912,2,direct_grid,
2022-07-10,KARNATAKA,Chikkamagaluru,5808,TARIKERE,217006,SIDDARAHALLI,2.614657163619995,1,direct_grid,
2022-07-10,KARNATAKA,Chikkamagaluru,5808,TARIKERE,217009,SUNNADAHALLI,3.414055347442627,1,direct_grid,
2022-07-10,KARNATAKA,Chikkamagaluru,5808,TARIKERE,217010,THIGADA,2.489838123321533,1,direct_grid,
2022-07-10,KARNATAKA,Chikkamagaluru,5808,TARIKERE,217012,UDEVA,3.648986577987671,1,direct_grid,
2022-07-10,KARNATAKA,Chitradurga,5809,CHALLAKERE,217013,ABBENAHALLI,1.6540926694869995,2,direct_grid,
2022-07-10,KARNATAKA,Chitradurga,5809,CHALLAKERE,217014,BEDAREDDIHALLI,1.4179542064666748,1,direct_grid,
2022-07-10,KARNATAKA,Chitradurga,5809,CHALLAKERE,217015,BELAGERE,1.0733258875396317,8,area_weighted,
2022-07-10,KARNATAKA,Chitradurga,5809,CHALLAKERE,217016,BUDNAHATTI,1.4560130834579468,1,direct_grid,
2022-07-10,KARNATAKA,Chitradurga,5809,CHALLAKERE,217017,CHENNAMANAGATHIHALLI,0.9725570678710938,2,direct_grid,
2022-07-10,KARNATAKA,Chitradurga,5809,CHALLAKERE,217018,CHOWLUR,0.8746670484542847,2,direct_grid,
2022-07-10,KARNATAKA,Chitradurga,5809,CHALLAKERE,217019,DEVARAMARIKUNTE,0.9216083884239197,1,direct_grid,
2022-07-10,KARNATAKA,Chitradurga,5809,CHALLAKERE,217020,DEVAREDDIHALLI,0.982913076877594,1,direct_grid,
2022-07-10,KARNATAKA,Chitradurga,5809,CHALLAKERE,217021,DODDACHELLUR,1.1064520649351788,7,area_weighted,
2022-07-10,KARNATAKA,Chitradurga,5809,CHALLAKERE,217022,DODDAULLARTHI,1.2604413032531738,2,direct_grid,
2022-07-10,KARNATAKA,Chitradurga,5809,CHALLAKERE,217023,DODDERI,1.4907894134521484,1,direct_grid,
2022-07-10,KARNATAKA,Chitradurga,5809,CHALLAKERE,217024,GHATAPARTHI,1.0895620584487915,2,direct_grid,
2022-07-10,KARNATAKA,Chitradurga,5809,CHALLAKERE,217025,GOPANAHALLI,1.5089832544326782,2,direct_grid,
2022-07-10,KARNATAKA,Chitradurga,5809,CHALLAKERE,217026,GOWDAGERE,2.2230403423309326,1,direct_grid,
2022-07-10,KARNATAKA,Chitradurga,5809,CHALLAKERE,217027,GOWRASAMUDRA,1.1229558289051056,2,direct_grid,
2022-07-10,KARNATAKA,Chitradurga,5809,CHALLAKERE,217028,HIREHALLI,1.508144497871399,1,direct_grid,
2022-07-10,KARNATAKA,Chitradurga,5809,CHALLAKERE,217029,JAJUR,0.7485766112804413,2,direct_grid,
2022-07-10,KARNATAKA,Chitradurga,5809,CHALLAKERE,272694,KALUVEHALLI,1.0222039222717285,2,direct_grid,
2022-07-10,KARNATAKA,Chitradurga,5809,CHALLAKERE,217030,MAILANAHALLI,0.9998260736465454,1,direct_grid,
2022-07-10,KARNATAKA,Chitradurga,5809,CHALLAKERE,217031,MALLURAHALLI,1.681548754374186,3,direct_grid,
2022-07-10,KARNATAKA,Chitradurga,5809,CHALLAKERE,217032,MANNEKOTE,1.5685964822769165,1,direct_grid,
2022-07-10,KARNATAKA,Chitradurga,5809,CHALLAKERE,217033,MEERASAABIHALLI,1.012778401374817,2,direct_grid,
2022-07-10,KARNATAKA,Chitradurga,5809,CHALLAKERE,272693,N.DEVARAHALLY,1.8338462114334106,2,direct_grid,
2022-07-10,KARNATAKA,Chitradurga,5809,CHALLAKERE,217035,NAGARAMGERE,1.8843859434127808,1,direct_grid,
2022-07-10,KARNATAKA,Chitradurga,5809,CHALLAKERE,217036,NANNIVALA,1.9276353120803833,3,direct_grid,
2022-07-10,KARNATAKA,Chitradurga,5809,CHALLAKERE,217038,NELAGETHANAHATTI,2.6010974645614624,2,direct_grid,
2022-07-10,KARNATAKA,Chitradurga,5809,CHALLAKERE,217039,NERALAGUNTE,1.74920654296875,1,direct_grid,
2022-07-10,KARNATAKA,Chitradurga,5809,CHALLAKERE,217040,OBALAPURA,0.8411289155483246,2,direct_grid,
2022-07-10,KARNATAKA,Chitradurga,5809,CHALLAKERE,217041,P.MAHADEVAPURA,0.8893539905548096,1,direct_grid,
2022-07-10,KARNATAKA,Chitradurga,5809,CHALLAKERE,217042,PAGADALABANDE,0.6264192859331766,3,direct_grid,
2022-07-10,KARNATAKA,Chitradurga,5809,CHALLAKERE,217043,PARASHURAMAPURA,0.36579570174217224,1,direct_grid,
2022-07-10,KARNATAKA,Chitradurga,5809,CHALLAKERE,217044,RAMAJOGIHALLI,2.4376856088638306,2,direct_grid,
2022-07-10,KARNATAKA,Chitradurga,5809,CHALLAKERE,217045,RENUKAPURA,0.8073760271072388,2,direct_grid,
2022-07-10,KARNATAKA,Chitradurga,5809,CHALLAKERE,217034,S.MAHADEVAPURA,0.6082309484481812,1,direct_grid,
2022-07-10,KARNATAKA,Chitradurga,5809,CHALLAKERE,217046,SANIKERE,1.6340938806533811,3,direct_grid,
2022-07-10,KARNATAKA,Chitradurga,5809,CHALLAKERE,217047,SIDDESHVARANADURGA,1.016150712966919,2,direct_grid,
2022-07-10,KARNATAKA,Chitradurga,5809,CHALLAKERE,217048,SOMAGUDDU,2.121265411376953,1,direct_grid,
2022-07-10,KARNATAKA,Chitradurga,5809,CHALLAKERE,217049,T.N.KOTE,1.129482626914978,1,direct_grid,
2022-07-10,KARNATAKA,Chitradurga,5809,CHALLAKERE,217050,TALAKU,1.5363220572471619,2,direct_grid,
2022-07-10,KARNATAKA,Chitradurga,5809,CHALLAKERE,217051,THIMMAPPAIYANAHALLI,1.6253769243005087,4,area_weighted,
2022-07-10,KARNATAKA,Chitradurga,5810,CHITRADURGA,217052,ALAGAVADI,0.5720579028129578,1,direct_grid,
2022-07-10,KARNATAKA,Chitradurga,5810,CHITRADURGA,217053,ALAGHATTA,0.0,1,direct_grid,
2022-07-10,KARNATAKA,Chitradurga,5810,CHITRADURGA,217054,ANNEHAL,1.5279338359832764,1,direct_grid,
2022-07-10,KARNATAKA,Chitradurga,5810,CHITRADURGA,217055,BELAGHATTA,2.769596417744954,3,direct_grid,
2022-07-10,KARNATAKA,Chitradurga,5810,CHITRADURGA,217056,BHARAMASAGARA,0.9614645282132628,4,area_weighted,
2022-07-10,KARNATAKA,Chitradurga,5810,CHITRADURGA,217057,BHEEMASAMUDRA,0.3193845748901367,1,direct_grid,
2022-07-10,KARNATAKA,Chitradurga,5810,CHITRADURGA,217058,BOMMENAHALLI,3.0004639625549316,2,direct_grid,
2022-07-10,KARNATAKA,Chitradurga,5810,CHITRADURGA,272696,BYALAHAL,0.6922488808631897,1,direct_grid,
2022-07-10,KARNATAKA,Chitradurga,5810,CHITRADURGA,217059,CHIKKABENNUR,0.3130216598510742,1,direct_grid,
2022-07-10,KARNATAKA,Chitradurga,5810,CHITRADURGA,217060,CHIKKAGONDANAHALLI,1.7924119234085083,1,direct_grid,
2022-07-10,KARNATAKA,Chitradurga,5810,CHITRADURGA,217061,CHOLAGHATTA,1.7815237641334534,2,direct_grid,
2022-07-10,KARNATAKA,Chitradurga,5810,CHITRADURGA,217062,DODDASIDDAVVANAHALLI,3.008913993835449,1,direct_grid,
2022-07-10,KARNATAKA,Chitradurga,5810,CHITRADURGA,217063,DYAMAVVANAHALLI,0.2363190258858533,2,area_weighted,
2022-07-10,KARNATAKA,Chitradurga,5810,CHITRADURGA,272695,GODABANAHAL,1.5297082662582397,1,direct_grid,
2022-07-10,KARNATAKA,Chitradurga,5810,CHITRADURGA,217064,GONUR,2.015883207321167,1,direct_grid,
2022-07-10,KARNATAKA,Chitradurga,5810,CHITRADURGA,217065,GUDDADARANGAVVANAHALLI,1.8502404689788818,2,direct_grid,
2022-07-10,KARNATAKA,Chitradurga,5810,CHITRADURGA,217066,HIREGUNTANUR,0.9740702160267332,6,area_weighted,
2022-07-10,KARNATAKA,Chitradurga,5810,CHITRADURGA,217067,HULLUR,1.271317481994629,1,direct_grid,
2022-07-10,KARNATAKA,Chitradurga,5810,CHITRADURGA,217068,INGALADALU,1.9335241913795471,2,direct_grid,
2022-07-10,KARNATAKA,Chitradurga,5810,CHITRADURGA,217069,ISSAMUDRA,0.9570170044898987,1,direct_grid,
2022-07-10,KARNATAKA,Chitradurga,5810,CHITRADURGA,217070,IYYANAHALLI,1.1546647548675537,1,direct_grid,
2022-07-10,KARNATAKA,Chitradurga,5810,CHITRADURGA,217071,J.N. KOTE,2.215618848800659,2,direct_grid,
2022-07-10,KARNATAKA,Chitradurga,5810,CHITRADURGA,217072,JANUKONDA,1.549269676208496,1,direct_grid,
2022-07-10,KARNATAKA,Chitradurga,5810,CHITRADURGA,217073,KALAGERE,1.0324289798736572,1,direct_grid,
2022-07-10,KARNATAKA,Chitradurga,5810,CHITRADURGA,217074,KOGUNDE,1.18561589717865,1,direct_grid,
2022-07-10,KARNATAKA,Chitradurga,5810,CHITRADURGA,217075,KOLAHAL,0.824277937412262,1,direct_grid,
2022-07-10,KARNATAKA,Chitradurga,5810,CHITRADURGA,217076,KUNUBEVU,2.2685039043426514,1,direct_grid,
2022-07-10,KARNATAKA,Chitradurga,5810,CHITRADURGA,217077,LAKSHMISAGARA,0.8784182071685791,1,direct_grid,
2022-07-10,KARNATAKA,Chitradurga,5810,CHITRADURGA,217078,MADAKARIPURA,2.304622832493209,3,area_weighted,
2022-07-10,KARNATAKA,Chitradurga,5810,CHITRADURGA,217079,MADANAYAKANAHALLI,2.0028140544891357,1,direct_grid,
2022-07-10,KARNATAKA,Chitradurga,5810,CHITRADURGA,217080,MATADAKURUBARAHATTI,1.538454532623291,1,direct_grid,
2022-07-10,KARNATAKA,Chitradurga,5810,CHITRADURGA,217081,MEDEHALLI,2.015883207321167,1,area_weighted,
2022-07-10,KARNATAKA,Chitradurga,5810,CHITRADURGA,217082,MUDDAPURA,1.5560430884361267,2,direct_grid,
2022-07-10,KARNATAKA,Chitradurga,5810,CHITRADURGA,217083,SIDDAPURA,1.4558029922869764,4,area_weighted,
2022-07-10,KARNATAKA,Chitradurga,5810,CHITRADURGA,217084,SIRIGERE,0.2868974506855011,2,direct_grid,
2022-07-10,KARNATAKA,Chitradurga,5810,CHITRADURGA,217085,SONDEKOLA,1.6077802015455722,4,area_weighted,
2022-07-10,KARNATAKA,Chitradurga,5810,CHITRADURGA,217086,TURUVANUR,2.1105432510375977,2,direct_grid,
2022-07-10,KARNATAKA,Chitradurga,5810,CHITRADURGA,217087,YELAGODU,1.4879945516586304,1,direct_grid,
2022-07-10,KARNATAKA,Chitradurga,5811,HIRIYUR,217088,ABBENAHOLE,0.553522527217865,1,direct_grid,
2022-07-10,KARNATAKA,Chitradurga,5811,HIRIYUR,217089,ADIVALA,1.9635101556777954,1,direct_grid,
2022-07-10,KARNATAKA,Chitradurga,5811,HIRIYUR,217090,BABBUR,1.733635425567627,1,direct_grid,
2022-07-10,KARNATAKA,Chitradurga,5811,HIRIYUR,217091,BURUGINAROLPPA,2.208657185236613,3,direct_grid,
2022-07-10,KARNATAKA,Chitradurga,5811,HIRIYUR,272697,BYADARAHALLI,1.257717251777649,1,direct_grid,
2022-07-10,KARNATAKA,Chitradurga,5811,HIRIYUR,217092,DHARAMPURA,1.2497018575668335,1,direct_grid,
2022-07-10,KARNATAKA,Chitradurga,5811,HIRIYUR,217093,DINDAVARA,2.0686272382736206,2,direct_grid,
2022-07-10,KARNATAKA,Chitradurga,5811,HIRIYUR,217094,ESHWARAGERE,0.926298975944519,3,direct_grid,
2022-07-10,KARNATAKA,Chitradurga,5811,HIRIYUR,217095,GANANAIKANAHALLY,1.5270503759384155,2,direct_grid,
2022-07-10,KARNATAKA,Chitradurga,5811,HIRIYUR,217096,GOWDANAHALLY,2.1213326454162598,1,direct_grid,
2022-07-10,KARNATAKA,Chitradurga,5811,HIRIYUR,217097,HARIYEBBE,1.2189580202102661,1,direct_grid,
2022-07-10,KARNATAKA,Chitradurga,5811,HIRIYUR,217098,HARTHIKOTE,1.6083065271377563,1,direct_grid,
2022-07-10,KARNATAKA,Chitradurga,5811,HIRIYUR,217099,HOSAYELANADU,1.3928470611572266,1,direct_grid,
2022-07-10,KARNATAKA,Chitradurga,5811,HIRIYUR,217100,IKKANUR,1.2902511358261108,1,direct_grid,
2022-07-10,KARNATAKA,Chitradurga,5811,HIRIYUR,217101,IMANGALA,2.240256627400716,3,direct_grid,
2022-07-10,KARNATAKA,Chitradurga,5811,HIRIYUR,217102,JAVANAGONDANAHALLY,1.7038050293922424,2,direct_grid,
2022-07-10,KARNATAKA,Chitradurga,5811,HIRIYUR,217103,K R HALLY,1.687448501586914,1,direct_grid,
2022-07-10,KARNATAKA,Chitradurga,5811,HIRIYUR,217104,KANAJANAHALLI,1.2772809267044067,3,direct_grid,
2022-07-10,KARNATAKA,Chitradurga,5811,HIRIYUR,217105,KARIYALA,1.8373083472251892,2,direct_grid,
2022-07-10,KARNATAKA,Chitradurga,5811,HIRIYUR,217106,KHANDENAHALLY,1.208930492401123,1,direct_grid,
2022-07-10,KARNATAKA,Chitradurga,5811,HIRIYUR,217107,KUNIKERE,1.953750133514404,3,direct_grid,
2022-07-10,KARNATAKA,Chitradurga,5811,HIRIYUR,217108,M.D.KOTE,1.8887343406677246,3,direct_grid,
2022-07-10,KARNATAKA,Chitradurga,5811,HIRIYUR,217109,MARADIHALLY,2.180006291312699,6,area_weighted,
2022-07-10,KARNATAKA,Chitradurga,5811,HIRIYUR,217110,MASKAL,0.9848394393920898,1,direct_grid,
2022-07-10,KARNATAKA,Chitradurga,5811,HIRIYUR,217111,METIKURKE,1.6635087132453918,2,direct_grid,
2022-07-10,KARNATAKA,Chitradurga,5811,HIRIYUR,217112,P.D.KOTE,1.4861832857131958,1,direct_grid,
2022-07-10,KARNATAKA,Chitradurga,5811,HIRIYUR,217113,RANGANATHAPURA,0.7481927275657654,1,direct_grid,
2022-07-10,KARNATAKA,Chitradurga,5811,HIRIYUR,217114,RANGENAHALLY,1.3885334730148315,1,direct_grid,
2022-07-10,KARNATAKA,Chitradurga,5811,HIRIYUR,217115,SURAGONDANAHALLY,1.5764182209968567,2,direct_grid,
2022-07-10,KARNATAKA,Chitradurga,5811,HIRIYUR,217116,UDUVALLY,2.1269489924112954,3,direct_grid,
2022-07-10,KARNATAKA,Chitradurga,5811,HIRIYUR,217117,V.V.PURA,2.005569875240326,2,direct_grid,
2022-07-10,KARNATAKA,Chitradurga,5811,HIRIYUR,217118,YELLADAKERE,2.0321208953857424,5,direct_grid,
2022-07-10,KARNATAKA,Chitradurga,5811,HIRIYUR,217119,YERABALLI,1.7056045532226562,1,direct_grid,
2022-07-10,KARNATAKA,Chitradurga,5812,HOLALKERE,217120,ADANUR,1.3400549360541596,5,area_weighted,
2022-07-10,KARNATAKA,Chitradurga,5812,HOLALKERE,217121,ANDANUR,0.5732876916808225,5,area_weighted,
2022-07-10,KARNATAKA,Chitradurga,5812,HOLALKERE,217122,AREHALLI,1.516852676286097,3,area_weighted,
2022-07-10,KARNATAKA,Chitradurga,5812,HOLALKERE,217123,B.DURGA,0.599631667137146,2,direct_grid,
2022-07-10,KARNATAKA,Chitradurga,5812,HOLALKERE,217124,BIDARAKERE,2.6708532264121114,5,area_weighted,
2022-07-10,KARNATAKA,Chitradurga,5812,HOLALKERE,217125,CHIKKA YEMMIGANUR,1.4199302196502686,1,direct_grid,
2022-07-10,KARNATAKA,Chitradurga,5812,HOLALKERE,217126,CHIKKAJAJUR,1.3601481914520264,1,direct_grid,
2022-07-10,KARNATAKA,Chitradurga,5812,HOLALKERE,217127,CHITHRAHALLI,0.7415091395378113,1,direct_grid,
2022-07-10,KARNATAKA,Chitradurga,5812,HOLALKERE,217128,DUMMI,1.5675536394119263,2,direct_grid,
2022-07-10,KARNATAKA,Chitradurga,5812,HOLALKERE,217129,GANGASAMUDRA,2.611052989959717,1,direct_grid,
2022-07-10,KARNATAKA,Chitradurga,5812,HOLALKERE,217130,GUNDERI,1.4437791109085083,1,direct_grid,
2022-07-10,KARNATAKA,Chitradurga,5812,HOLALKERE,217131,GUNGIGANUR,0.9970229268074036,2,direct_grid,
2022-07-10,KARNATAKA,Chitradurga,5812,HOLALKERE,217132,H.D.PURA,1.3688230514526367,1,direct_grid,
2022-07-10,KARNATAKA,Chitradurga,5812,HOLALKERE,217133,HIRE YEMMIGANUR,1.253448446591695,3,direct_grid,
2022-07-10,KARNATAKA,Chitradurga,5812,HOLALKERE,217134,MADDERU,1.137539803981781,2,direct_grid,
2022-07-10,KARNATAKA,Chitradurga,5812,HOLALKERE,217135,MALLADIHALLI,1.6047401428222656,1,direct_grid,
2022-07-10,KARNATAKA,Chitradurga,5812,HOLALKERE,217136,MUTHUGADUR,0.5147542208433151,2,direct_grid,
2022-07-10,KARNATAKA,Chitradurga,5812,HOLALKERE,217137,N.G.HALLI,2.3379673261630756,5,area_weighted,
2022-07-10,KARNATAKA,Chitradurga,5812,HOLALKERE,217138,R.NULENUR,1.4450660347938538,2,direct_grid,
2022-07-10,KARNATAKA,Chitradurga,5812,HOLALKERE,217139,RAMAGIRI,2.227748990058899,2,direct_grid,
2022-07-10,KARNATAKA,Chitradurga,5812,HOLALKERE,217140,SHIVAGANGA,1.1538029909133911,2,direct_grid,
2022-07-10,KARNATAKA,Chitradurga,5812,HOLALKERE,217141,SHIVAPURA,1.5471786260604858,1,direct_grid,
2022-07-10,KARNATAKA,Chitradurga,5812,HOLALKERE,217142,T.NULENUR,1.3817886114120483,1,direct_grid,
2022-07-10,KARNATAKA,Chitradurga,5812,HOLALKERE,217143,TALIKATTE,2.1139828893742054,4,area_weighted,
2022-07-10,KARNATAKA,Chitradurga,5812,HOLALKERE,217144,TALYA,1.3918382680010886,6,area_weighted,
2022-07-10,KARNATAKA,Chitradurga,5812,HOLALKERE,217145,TEKALAVATTI,1.5121997892856598,4,direct_grid,
2022-07-10,KARNATAKA,Chitradurga,5812,HOLALKERE,217146,TUPPADAHALLI,2.5607329607009888,2,direct_grid,
2022-07-10,KARNATAKA,Chitradurga,5812,HOLALKERE,217147,UPPARIGENAHALLI,1.092139403025309,3,direct_grid,
2022-07-10,KARNATAKA,Chitradurga,5812,HOLALKERE,217148,VISWANATHANAHALLI,1.681761085987091,2,direct_grid,
2022-07-10,KARNATAKA,Chitradurga,5813,HOSDURGA,217149,ANIVALA,2.8717007637023926,1,direct_grid,
2022-07-10,KARNATAKA,Chitradurga,5813,HOSDURGA,217150,ATTIMAGGE,2.479601502418518,2,direct_grid,
2022-07-10,KARNATAKA,Chitradurga,5813,HOSDURGA,217151,BAGURU,3.5039238929748535,1,direct_grid,
2022-07-10,KARNATAKA,Chitradurga,5813,HOSDURGA,217152,BALLALASAMUDRA,3.644134044647217,1,direct_grid,
2022-07-10,KARNATAKA,Chitradurga,5813,HOSDURGA,217153,BELAGURU,3.257892370223999,1,direct_grid,
2022-07-10,KARNATAKA,Chitradurga,5813,HOSDURGA,217154,BOKIKERE,5.390714645385742,1,direct_grid,
2022-07-10,KARNATAKA,Chitradurga,5813,HOSDURGA,217155,CHIKKABYLADAKERE,1.6714162826538086,1,direct_grid,
2022-07-10,KARNATAKA,Chitradurga,5813,HOSDURGA,217156,DEVAPURA,2.8063390254974365,1,direct_grid,
2022-07-10,KARNATAKA,Chitradurga,5813,HOSDURGA,217157,DEVIGERE,2.9801182746887207,1,direct_grid,
2022-07-10,KARNATAKA,Chitradurga,5813,HOSDURGA,217158,DODDAGATTA,2.2842806577682495,2,direct_grid,
2022-07-10,KARNATAKA,Chitradurga,5813,HOSDURGA,217159,DODDAKITTADAHALLI,1.845386803150177,2,direct_grid,
2022-07-10,KARNATAKA,Chitradurga,5813,HOSDURGA,217160,DODDATHEKALAVATTI,2.8370440006256104,1,direct_grid,
2022-07-10,KARNATAKA,Chitradurga,5813,HOSDURGA,217161,GUDDADANERLAKERE,1.983706752459208,3,direct_grid,
2022-07-10,KARNATAKA,Chitradurga,5813,HOSDURGA,217162,HEBBALLI,2.732571840286255,2,direct_grid,
2022-07-10,KARNATAKA,Chitradurga,5813,HOSDURGA,217163,HEGGERE,2.4897992610931396,2,direct_grid,
2022-07-10,KARNATAKA,Chitradurga,5813,HOSDURGA,217164,HUNUVINADU,2.9214529991149902,1,direct_grid,
2022-07-10,KARNATAKA,Chitradurga,5813,HOSDURGA,217165,JANKAL,2.245588541030884,1,direct_grid,
2022-07-10,KARNATAKA,Chitradurga,5813,HOSDURGA,217166,KABBALA,3.377509117126465,1,direct_grid,
2022-07-10,KARNATAKA,Chitradurga,5813,HOSDURGA,217167,KAINADU,3.1862146854400635,1,direct_grid,
2022-07-10,KARNATAKA,Chitradurga,5813,HOSDURGA,217168,KANCHIPURA,2.1530134677886963,3,direct_grid,
2022-07-10,KARNATAKA,Chitradurga,5813,HOSDURGA,217169,KANGUVALLI,4.5115790367126465,1,direct_grid,
2022-07-10,KARNATAKA,Chitradurga,5813,HOSDURGA,217170,KAREHALLI,3.35172176361084,2,direct_grid,
2022-07-10,KARNATAKA,Chitradurga,5813,HOSDURGA,217171,KELLODU,4.272510051727295,1,direct_grid,
2022-07-10,KARNATAKA,Chitradurga,5813,HOSDURGA,217172,KURUBARAHALLI,2.8170220851898193,1,direct_grid,
2022-07-10,KARNATAKA,Chitradurga,5813,HOSDURGA,217173,LAKKIHALLI,2.046013832092285,2,direct_grid,
2022-07-10,KARNATAKA,Chitradurga,5813,HOSDURGA,217174,MADADAKERE,2.209392547607422,1,direct_grid,
2022-07-10,KARNATAKA,Chitradurga,5813,HOSDURGA,217175,MADHURE,3.8099448680877686,2,direct_grid,
2022-07-10,KARNATAKA,Chitradurga,5813,HOSDURGA,217176,MALLAPPANAHALLI,2.8706357537507583,7,area_weighted,
2022-07-10,KARNATAKA,Chitradurga,5813,HOSDURGA,217177,MATHODU,2.641298294067383,1,direct_grid,
2022-07-10,KARNATAKA,Chitradurga,5813,HOSDURGA,217178,S NERLAKERE,2.2915255427360535,2,direct_grid,
2022-07-10,KARNATAKA,Chitradurga,5813,HOSDURGA,217179,SANIHALLI,3.8657412528991695,3,direct_grid,
2022-07-10,KARNATAKA,Chitradurga,5813,HOSDURGA,217180,SRIRAMPURA,2.6980057829678326,4,area_weighted,
2022-07-10,KARNATAKA,Chitradurga,5813,HOSDURGA,217181,THANDAGA,3.0422486066818237,2,direct_grid,
2022-07-10,KARNATAKA,Chitradurga,5814,MOLAKALMURU,217182,ASHOKASIDDAPURA,0.5785189270973206,2,direct_grid,
2022-07-10,KARNATAKA,Chitradurga,5814,MOLAKALMURU,217183,B.G.KERE,1.313039501508077,3,direct_grid,
2022-07-10,KARNATAKA,Chitradurga,5814,MOLAKALMURU,217184,CHIKKIRAHALLI,0.7418816685676575,1,direct_grid,
2022-07-10,KARNATAKA,Chitradurga,5814,MOLAKALMURU,217185,DHEVASAMUDRA,0.8737364709377289,2,direct_grid,
2022-07-10,KARNATAKA,Chitradurga,5814,MOLAKALMURU,217186,HANGAL,0.6394615146541298,4,area_weighted,
2022-07-10,KARNATAKA,Chitradurga,5814,MOLAKALMURU,217187,HEREKEREHALLI,0.7079978249719714,6,area_weighted,
2022-07-10,KARNATAKA,Chitradurga,5814,MOLAKALMURU,217188,J.B.HALLI,0.6413977444171906,2,direct_grid,
2022-07-10,KARNATAKA,Chitradurga,5814,MOLAKALMURU,217189,KONASAGARA,0.7007499039173126,2,direct_grid,
2022-07-10,KARNATAKA,Chitradurga,5814,MOLAKALMURU,217190,KONDLAHALLI,1.1164613344142933,3,area_weighted,
2022-07-10,KARNATAKA,Chitradurga,5814,MOLAKALMURU,217191,NAGASAMUDRA,0.4318706691265106,1,direct_grid,
2022-07-10,KARNATAKA,Chitradurga,5814,MOLAKALMURU,217192,NERLAHALLI,0.7374056279659271,2,direct_grid,
2022-07-10,KARNATAKA,Chitradurga,5814,MOLAKALMURU,217193,RAMPURA,0.7163099211419013,6,area_weighted,
2022-07-10,KARNATAKA,Chitradurga,5814,MOLAKALMURU,217194,RAYAPURA,0.9159570535024006,3,direct_grid,
2022-07-10,KARNATAKA,Chitradurga,5814,MOLAKALMURU,217195,SANTHEGUDDA,0.5947830379009247,2,direct_grid,
2022-07-10,KARNATAKA,Chitradurga,5814,MOLAKALMURU,217196,THAMMENAHALLI,0.9291530251502991,4,direct_grid,
2022-07-10,KARNATAKA,Chitradurga,5814,MOLAKALMURU,217197,THUMKURLAHALLI,1.2538013718761474,6,area_weighted,
2022-07-10,KARNATAKA,Dakshina Kannada,5815,BANTVAL,273277,AMMUNJE,84.2335434265534,3,area_weighted,
2022-07-10,KARNATAKA,Dakshina Kannada,5815,BANTVAL,217199,AMTADI,73.03218247295791,4,area_weighted,
2022-07-10,KARNATAKA,Dakshina Kannada,5815,BANTVAL,273278,ARALA,59.305726596275264,2,area_weighted,
2022-07-10,KARNATAKA,Dakshina Kannada,5815,BANTVAL,217201,BADAGABELLURU,60.61494445800781,1,direct_grid,
2022-07-10,KARNATAKA,Dakshina Kannada,5815,BANTVAL,217202,BADAKAJEKARU,49.560489435495846,4,area_weighted,
2022-07-10,KARNATAKA,Dakshina Kannada,5815,BANTVAL,217204,BALTHILA,65.83128356933594,1,area_weighted,
2022-07-10,KARNATAKA,Dakshina Kannada,5815,BANTVAL,217205,CHENNAITHODI,52.04542922973633,1,direct_grid,
2022-07-10,KARNATAKA,Dakshina Kannada,5815,BANTVAL,273281,IRVATHUR,47.763131480629944,3,area_weighted,
2022-07-10,KARNATAKA,Dakshina Kannada,5815,BANTVAL,273282,KALLIGE,82.26233673095703,1,direct_grid,
2022-07-10,KARNATAKA,Dakshina Kannada,5815,BANTVAL,217211,KARIANGALA,64.63940595853002,4,area_weighted,
2022-07-10,KARNATAKA,Dakshina Kannada,5815,BANTVAL,217213,KAVALAMUDURU,56.94187927246094,1,direct_grid,
2022-07-10,KARNATAKA,Dakshina Kannada,5815,BANTVAL,217214,KAVALAPADURU,58.88482462889698,4,area_weighted,
2022-07-10,KARNATAKA,Dakshina Kannada,5815,BANTVAL,217218,KUKKIPADI,49.95112624562217,4,area_weighted,
2022-07-10,KARNATAKA,Dakshina Kannada,5815,BANTVAL,273284,MANINALKUR,56.94187927246094,1,area_weighted,
2022-07-10,KARNATAKA,Dakshina Kannada,5815,BANTVAL,217222,MERAMAJALU,89.05477905273438,1,direct_grid,
2022-07-10,KARNATAKA,Dakshina Kannada,5815,BANTVAL,217223,NARIKOMBU,72.26703116706685,2,area_weighted,
2022-07-10,KARNATAKA,Dakshina Kannada,5815,BANTVAL,217225,NAVOORU,65.83128356933594,1,direct_grid,
2022-07-10,KARNATAKA,Dakshina Kannada,5815,BANTVAL,217227,PANJIKALLU,58.70468550958386,4,area_weighted,
2022-07-10,KARNATAKA,Dakshina Kannada,5815,BANTVAL,217230,PILATHABETTU,46.34051513671875,1,direct_grid,
2022-07-10,KARNATAKA,Dakshina Kannada,5815,BANTVAL,217231,PUDU,87.40446291295592,2,area_weighted,
2022-07-10,KARNATAKA,Dakshina Kannada,5815,BANTVAL,217233,RAYEE,56.44024658203125,1,direct_grid,
2022-07-10,KARNATAKA,Dakshina Kannada,5815,BANTVAL,217237,SANGABETTU,49.335792541503906,1,direct_grid,
2022-07-10,KARNATAKA,Dakshina Kannada,5815,BANTVAL,217238,SARAPADI,62.268024263271094,2,area_weighted,
2022-07-10,KARNATAKA,Dakshina Kannada,5815,BANTVAL,217239,THUMBE,82.26233673095703,1,area_weighted,
2022-07-10,KARNATAKA,Dakshina Kannada,5815,BANTVAL,217240,ULI,52.40884512629466,2,area_weighted,
2022-07-10,KARNATAKA,Dakshina Kannada,5816,BELTANGADI,217245,ALADANGADI,33.73387908935547,1,direct_grid,
2022-07-10,KARNATAKA,Dakshina Kannada,5816,BELTANGADI,217246,ANDINJE,39.52750778198242,1,direct_grid,
2022-07-10,KARNATAKA,Dakshina Kannada,5816,BELTANGADI,217247,ARAMBODI,46.46157455444336,1,direct_grid,
2022-07-10,KARNATAKA,Dakshina Kannada,5816,BELTANGADI,217248,ARASINAMAKKI,35.744590219720045,3,area_weighted,
2022-07-10,KARNATAKA,Dakshina Kannada,5816,BELTANGADI,217249,BALANJA,27.652315139770508,1,direct_grid,
2022-07-10,KARNATAKA,Dakshina Kannada,5816,BELTANGADI,217250,BANDARU,36.59390640258789,1,direct_grid,
2022-07-10,KARNATAKA,Dakshina Kannada,5816,BELTANGADI,217251,BARYA,46.907501220703125,1,area_weighted,
2022-07-10,KARNATAKA,Dakshina Kannada,5816,BELTANGADI,217252,BELALU,31.277645111083984,1,direct_grid,
2022-07-10,KARNATAKA,Dakshina Kannada,5816,BELTANGADI,217253,CHARMADI,25.979822540283205,5,direct_grid,
2022-07-10,KARNATAKA,Dakshina Kannada,5816,BELTANGADI,217254,DHARMASTHALA,30.78842125255594,5,area_weighted,
2022-07-10,KARNATAKA,Dakshina Kannada,5816,BELTANGADI,217255,HOSANGADY,42.8091926574707,1,direct_grid,
2022-07-10,KARNATAKA,Dakshina Kannada,5816,BELTANGADI,217256,ILANTHILA,36.00656831093874,2,area_weighted,
2022-07-10,KARNATAKA,Dakshina Kannada,5816,BELTANGADI,217257,INDABETTU,26.4014892578125,1,direct_grid,
2022-07-10,KARNATAKA,Dakshina Kannada,5816,BELTANGADI,273273,KADIRUDYAVARA,25.06037042956842,4,area_weighted,
2022-07-10,KARNATAKA,Dakshina Kannada,5816,BELTANGADI,273272,KALANJA,32.83886909484863,2,direct_grid,
2022-07-10,KARNATAKA,Dakshina Kannada,5816,BELTANGADI,217258,KALIAYA,30.48940414568214,4,area_weighted,
2022-07-10,KARNATAKA,Dakshina Kannada,5816,BELTANGADI,217277,KALMANJA,29.392915725708008,1,direct_grid,
2022-07-10,KARNATAKA,Dakshina Kannada,5816,BELTANGADI,217259,KANIYOORU,35.99909973144531,1,direct_grid,
2022-07-10,KARNATAKA,Dakshina Kannada,5816,BELTANGADI,217260,KASHIPATNA,42.86819835035138,4,area_weighted,
2022-07-10,KARNATAKA,Dakshina Kannada,5816,BELTANGADI,217261,KOKKADA,36.50353910725801,2,area_weighted,
2022-07-10,KARNATAKA,Dakshina Kannada,5816,BELTANGADI,217262,KOYYURU,31.25113868713379,1,direct_grid,
2022-07-10,KARNATAKA,Dakshina Kannada,5816,BELTANGADI,217263,KUKKEDI,41.45986104163649,6,area_weighted,
2022-07-10,KARNATAKA,Dakshina Kannada,5816,BELTANGADI,217264,KUVETTU,29.656946182250977,1,direct_grid,
2022-07-10,KARNATAKA,Dakshina Kannada,5816,BELTANGADI,217265,LAILA,29.136816024780273,1,direct_grid,
2022-07-10,KARNATAKA,Dakshina Kannada,5816,BELTANGADI,217266,MACHINA,36.22966080576047,4,area_weighted,
2022-07-10,KARNATAKA,Dakshina Kannada,5816,BELTANGADI,217267,MADANTHYARU,39.14248275756836,1,direct_grid,
2022-07-10,KARNATAKA,Dakshina Kannada,5816,BELTANGADI,217268,MALADI,40.09681996821743,4,area_weighted,
2022-07-10,KARNATAKA,Dakshina Kannada,5816,BELTANGADI,217269,MALAVANTHIGE,22.948806126912434,3,direct_grid,
2022-07-10,KARNATAKA,Dakshina Kannada,5816,BELTANGADI,217270,MARODI,40.968502336464105,4,area_weighted,
2022-07-10,KARNATAKA,Dakshina Kannada,5816,BELTANGADI,217271,MELANTHABETTU,25.95540729088441,6,area_weighted,
2022-07-10,KARNATAKA,Dakshina Kannada,5816,BELTANGADI,217272,MITHABAGILU,24.05362505915073,3,area_weighted,
2022-07-10,KARNATAKA,Dakshina Kannada,5816,BELTANGADI,217273,MUNDAJE,27.705074480970804,4,area_weighted,
2022-07-10,KARNATAKA,Dakshina Kannada,5816,BELTANGADI,217274,NADA,26.556020736694336,1,direct_grid,
2022-07-10,KARNATAKA,Dakshina Kannada,5816,BELTANGADI,217275,NARAVI,34.73474884033203,3,direct_grid,
2022-07-10,KARNATAKA,Dakshina Kannada,5816,BELTANGADI,273274,NAVOORU,25.05415153503418,1,direct_grid,
2022-07-10,KARNATAKA,Dakshina Kannada,5816,BELTANGADI,217276,NERIYA,25.34265422821045,4,direct_grid,
2022-07-10,KARNATAKA,Dakshina Kannada,5816,BELTANGADI,217278,NIDLE,36.12255859375,1,direct_grid,
2022-07-10,KARNATAKA,Dakshina Kannada,5816,BELTANGADI,217279,PADANGADI,36.28507614135742,1,direct_grid,
2022-07-10,KARNATAKA,Dakshina Kannada,5816,BELTANGADI,217280,PATRAME,36.649478912353516,1,direct_grid,
2022-07-10,KARNATAKA,Dakshina Kannada,5816,BELTANGADI,217281,PUDUVETTU,29.47909453963757,6,area_weighted,
2022-07-10,KARNATAKA,Dakshina Kannada,5816,BELTANGADI,217282,SHIBAJE,29.363468170166016,1,direct_grid,
2022-07-10,KARNATAKA,Dakshina Kannada,5816,BELTANGADI,217283,SHIRLALU,25.04931640625,2,direct_grid,
2022-07-10,KARNATAKA,Dakshina Kannada,5816,BELTANGADI,217284,SHISHILA,32.349002838134766,2,direct_grid,
2022-07-10,KARNATAKA,Dakshina Kannada,5816,BELTANGADI,273275,SULKERI,33.322039076985796,2,area_weighted,
2022-07-10,KARNATAKA,Dakshina Kannada,5816,BELTANGADI,217285,THANNIRUPANTHA,46.907501220703125,1,direct_grid,
2022-07-10,KARNATAKA,Dakshina Kannada,5816,BELTANGADI,217286,UJIRE,29.72070155650946,5,area_weighted,
2022-07-10,KARNATAKA,Dakshina Kannada,5816,BELTANGADI,217287,VENUR,42.68988800048828,1,direct_grid,
2022-07-10,KARNATAKA,Dakshina Kannada,7427,KADABA,217349,GOLITHOTTU,36.649478912353516,1,area_weighted,
2022-07-10,KARNATAKA,Dakshina Kannada,7427,KADABA,217354,KAUKRADY,36.05481522787715,2,area_weighted,
2022-07-10,KARNATAKA,Dakshina Kannada,7427,KADABA,217371,SHIRADY,23.579421997070312,1,area_weighted,
2022-07-10,KARNATAKA,Dakshina Kannada,5817,MANGALURU,217288,ADYAR,90.51780341229515,2,area_weighted,
2022-07-10,KARNATAKA,Dakshina Kannada,5817,MANGALURU,273290,BADAGAYEDAPADAVU,51.64435554828857,4,area_weighted,
2022-07-10,KARNATAKA,Dakshina Kannada,5817,MANGALURU,217292,BALA,56.151166324291786,3,area_weighted,
2022-07-10,KARNATAKA,Dakshina Kannada,5817,MANGALURU,217297,CHELAIRU,51.07725668840219,3,area_weighted,
2022-07-10,KARNATAKA,Dakshina Kannada,5817,MANGALURU,217299,GANJIMATA,63.088130950927734,1,direct_grid,
2022-07-10,KARNATAKA,Dakshina Kannada,5817,MANGALURU,217300,GURUPURA,72.89639166245169,2,area_weighted,
2022-07-10,KARNATAKA,Dakshina Kannada,5817,MANGALURU,217304,JOKATTE,68.51214935692438,4,area_weighted,
2022-07-10,KARNATAKA,Dakshina Kannada,5817,MANGALURU,217306,KANDAVARA,65.7474136352539,1,direct_grid,
2022-07-10,KARNATAKA,Dakshina Kannada,5817,MANGALURU,217313,KUPPEPADAV,53.34261921379192,2,area_weighted,
2022-07-10,KARNATAKA,Dakshina Kannada,5817,MANGALURU,273293,MALLOORU,89.05477905273438,1,area_weighted,
2022-07-10,KARNATAKA,Dakshina Kannada,5817,MANGALURU,217317,MOODUSHEDDE,68.37560413321259,4,area_weighted,
2022-07-10,KARNATAKA,Dakshina Kannada,5817,MANGALURU,217318,MUCHURU,50.989522665631476,4,area_weighted,
2022-07-10,KARNATAKA,Dakshina Kannada,5817,MANGALURU,273294,MUTHURU,60.464565331170625,3,area_weighted,
2022-07-10,KARNATAKA,Dakshina Kannada,5817,MANGALURU,217320,NEERMARGA,93.14386647672569,2,area_weighted,
2022-07-10,KARNATAKA,Dakshina Kannada,5817,MANGALURU,217324,PADUPERAR,52.936458587646484,1,direct_grid,
2022-07-10,KARNATAKA,Dakshina Kannada,5817,MANGALURU,217327,PERMUDE,54.203678131103516,1,direct_grid,
2022-07-10,KARNATAKA,Dakshina Kannada,5817,MANGALURU,217331,SURINJE,49.180663969532645,3,area_weighted,
2022-07-10,KARNATAKA,Dakshina Kannada,5817,MANGALURU,217334,UALIBETTU,87.22782194722178,4,area_weighted,
2022-07-10,KARNATAKA,Dakshina Kannada,5817,MANGALURU,217335,YEDAPADAV,52.33452224731445,1,direct_grid,
2022-07-10,KARNATAKA,Dakshina Kannada,5817,MANGALURU,217336,YEKKARU,49.54369098191204,4,area_weighted,
2022-07-10,KARNATAKA,Dakshina Kannada,7428,MUDUBIDARE,217295,BELUVAI,49.60860824584961,1,direct_grid,
2022-07-10,KARNATAKA,Dakshina Kannada,7428,MUDUBIDARE,217298,DAREGUDDE,45.73656569489887,4,area_weighted,
2022-07-10,KARNATAKA,Dakshina Kannada,7428,MUDUBIDARE,217303,HOSABETTU,46.02900314331055,1,direct_grid,
2022-07-10,KARNATAKA,Dakshina Kannada,7428,MUDUBIDARE,273291,IRUVAIL,51.278358459472656,1,direct_grid,
2022-07-10,KARNATAKA,Dakshina Kannada,7428,MUDUBIDARE,217305,KALLAMUNDKUR,45.804466247558594,1,direct_grid,
2022-07-10,KARNATAKA,Dakshina Kannada,7428,MUDUBIDARE,217321,NELLIKARU,43.78724670410156,1,direct_grid,
2022-07-10,KARNATAKA,Dakshina Kannada,7428,MUDUBIDARE,217322,PADUMARNAD,46.424076080322266,2,direct_grid,
2022-07-10,KARNATAKA,Dakshina Kannada,7428,MUDUBIDARE,217325,PALLADKA,47.18650436401367,1,direct_grid,
2022-07-10,KARNATAKA,Dakshina Kannada,7428,MUDUBIDARE,217328,PUTTHIGE,47.473262786865234,1,direct_grid,
2022-07-10,KARNATAKA,Dakshina Kannada,7428,MUDUBIDARE,217329,SHIRTHADY,43.051780700683594,1,direct_grid,
2022-07-10,KARNATAKA,Dakshina Kannada,7428,MUDUBIDARE,217333,TENKAMIJAR,45.96231460571289,1,direct_grid,
2022-07-10,KARNATAKA,Dakshina Kannada,7428,MUDUBIDARE,273295,VALPADI,44.42449192018766,4,area_weighted,
2022-07-10,KARNATAKA,Dakshina Kannada,7498,MULKI,217289,AIKALA,47.08296096441449,5,area_weighted,
2022-07-10,KARNATAKA,Dakshina Kannada,7498,MULKI,273289,ATHIKARI BETTU,47.86974681782283,3,area_weighted,
2022-07-10,KARNATAKA,Dakshina Kannada,7498,MULKI,217293,BALKUNJE,47.5212516784668,1,direct_grid,
2022-07-10,KARNATAKA,Dakshina Kannada,7498,MULKI,217301,HALEYANGADY,51.511207580566406,2,direct_grid,
2022-07-10,KARNATAKA,Dakshina Kannada,7498,MULKI,217307,KEMRAL,46.405526781920535,4,area_weighted,
2022-07-10,KARNATAKA,Dakshina Kannada,7498,MULKI,217308,KILPADY,47.600315625385306,2,area_weighted,
2022-07-10,KARNATAKA,Dakshina Kannada,7498,MULKI,217323,PADUPANAMBUR,46.9105932266652,2,area_weighted,
2022-07-10,KARNATAKA,Davangere,5820,CHANNAGIRI,217401,AGARABANNIHATTI,1.5449923531804104,4,area_weighted,
2022-07-10,KARNATAKA,Davangere,5820,CHANNAGIRI,217402,AJJIHALLI,1.6091160774230957,1,direct_grid,
2022-07-10,KARNATAKA,Davangere,5820,CHANNAGIRI,217403,BASAVAPATTANA,0.855946157058464,4,area_weighted,
2022-07-10,KARNATAKA,Davangere,5820,CHANNAGIRI,217404,BELALAGERE,0.3653227686882019,1,direct_grid,
2022-07-10,KARNATAKA,Davangere,5820,CHANNAGIRI,217405,BELLIGANADU,1.0614586837354874,4,area_weighted,
2022-07-10,KARNATAKA,Davangere,5820,CHANNAGIRI,217406,BULASAGARA,1.4082405361754102,3,area_weighted,
2022-07-10,KARNATAKA,Davangere,5820,CHANNAGIRI,217407,CHANNESHAPURA,1.7372339963912964,1,direct_grid,
2022-07-10,KARNATAKA,Davangere,5820,CHANNAGIRI,217408,CHIKKAGANGANUR,1.5736463069915771,1,direct_grid,
2022-07-10,KARNATAKA,Davangere,5820,CHANNAGIRI,217409,CHIRADONI,0.7326319444509183,2,area_weighted,
2022-07-10,KARNATAKA,Davangere,5820,CHANNAGIRI,217410,DAGINAKATTE,0.6777293682098389,1,direct_grid,
2022-07-10,KARNATAKA,Davangere,5820,CHANNAGIRI,217411,DEVARAHALLI,1.4440916700512427,4,area_weighted,
2022-07-10,KARNATAKA,Davangere,5820,CHANNAGIRI,217412,DODDABBIGERE,1.0837228262038048,2,area_weighted,
2022-07-10,KARNATAKA,Davangere,5820,CHANNAGIRI,217413,DURAVIGERE,2.3834378719329834,1,direct_grid,
2022-07-10,KARNATAKA,Davangere,5820,CHANNAGIRI,217414,GARAGA,1.5502303838729858,1,direct_grid,
2022-07-10,KARNATAKA,Davangere,5820,CHANNAGIRI,217415,GOPPENAHALLI,2.104522725625299,3,area_weighted,
2022-07-10,KARNATAKA,Davangere,5820,CHANNAGIRI,217416,GUDDADA KUMARANA HALLI,1.3852906613217595,7,area_weighted,
2022-07-10,KARNATAKA,Davangere,5820,CHANNAGIRI,217417,HARONAHALLI,1.9146690368652344,1,direct_grid,
2022-07-10,KARNATAKA,Davangere,5820,CHANNAGIRI,217418,HEBBALAGERE,1.5286969263304506,4,area_weighted,
2022-07-10,KARNATAKA,Davangere,5820,CHANNAGIRI,217419,HIREMALALI,1.6155468225479126,1,direct_grid,
2022-07-10,KARNATAKA,Davangere,5820,CHANNAGIRI,217420,HODIGERE,1.5779442084968198,3,area_weighted,
2022-07-10,KARNATAKA,Davangere,5820,CHANNAGIRI,217421,HONNEBAGI,1.522219903830359,4,area_weighted,
2022-07-10,KARNATAKA,Davangere,5820,CHANNAGIRI,217422,ITTIGI,1.4043828248977661,1,direct_grid,
2022-07-10,KARNATAKA,Davangere,5820,CHANNAGIRI,217423,JOLDAL,1.9914392232894897,1,direct_grid,
2022-07-10,KARNATAKA,Davangere,5820,CHANNAGIRI,217424,KABBALA,0.9445517967072522,7,area_weighted,
2022-07-10,KARNATAKA,Davangere,5820,CHANNAGIRI,217425,KAGATHOORU,1.411653995513916,1,direct_grid,
2022-07-10,KARNATAKA,Davangere,5820,CHANNAGIRI,217426,KAKANUR,1.2565131187438965,1,direct_grid,
2022-07-10,KARNATAKA,Davangere,5820,CHANNAGIRI,217427,KAMSAGARA,0.75699782371521,1,direct_grid,
2022-07-10,KARNATAKA,Davangere,5820,CHANNAGIRI,217428,KANCHIGANAL,2.1633825302124023,1,direct_grid,
2022-07-10,KARNATAKA,Davangere,5820,CHANNAGIRI,217429,KANIVEBILACHI,0.8034005091109646,2,area_weighted,
2022-07-10,KARNATAKA,Davangere,5820,CHANNAGIRI,217430,KAREKATTE,0.8277704119682312,1,direct_grid,
2022-07-10,KARNATAKA,Davangere,5820,CHANNAGIRI,217431,KARIGANUR,0.5181856751441956,1,direct_grid,
2022-07-10,KARNATAKA,Davangere,5820,CHANNAGIRI,217432,KATTALAGERE,0.4245237521868467,4,area_weighted,
2022-07-10,KARNATAKA,Davangere,5820,CHANNAGIRI,217433,KEMPANAHALLI,0.6438813176500415,4,area_weighted,
2022-07-10,KARNATAKA,Davangere,5820,CHANNAGIRI,217434,KEREBILACHI,1.1569085121154785,1,direct_grid,
2022-07-10,KARNATAKA,Davangere,5820,CHANNAGIRI,217435,KOGALURU,0.8946948647499084,1,direct_grid,
2022-07-10,KARNATAKA,Davangere,5820,CHANNAGIRI,217436,KONDADAHALLI,1.1998991966247559,1,direct_grid,
2022-07-10,KARNATAKA,Davangere,5820,CHANNAGIRI,217437,KORATIKERE,1.5536530879801387,3,area_weighted,
2022-07-10,KARNATAKA,Davangere,5820,CHANNAGIRI,217438,KOTEHAL,0.3845089705988227,4,area_weighted,
2022-07-10,KARNATAKA,Davangere,5820,CHANNAGIRI,217439,LINGADAHALLI,1.400289535522461,1,direct_grid,
2022-07-10,KARNATAKA,Davangere,5820,CHANNAGIRI,217440,MALAHALU,1.9919002056121826,1,direct_grid,
2022-07-10,KARNATAKA,Davangere,5820,CHANNAGIRI,217441,MALLAPURA,0.9593550076175421,4,area_weighted,
2022-07-10,KARNATAKA,Davangere,5820,CHANNAGIRI,217442,MARAVANJI,1.9286396503448486,1,direct_grid,
2022-07-10,KARNATAKA,Davangere,5820,CHANNAGIRI,217443,MEDIKERE,0.8090924084518553,4,area_weighted,
2022-07-10,KARNATAKA,Davangere,5820,CHANNAGIRI,217444,MUDIGERE,1.563070297241211,1,direct_grid,
2022-07-10,KARNATAKA,Davangere,5820,CHANNAGIRI,217445,NALKUDURE,0.48254241083927024,3,area_weighted,
2022-07-10,KARNATAKA,Davangere,5820,CHANNAGIRI,217446,NALLIHANKALU,2.225973129272461,3,direct_grid,
2022-07-10,KARNATAKA,Davangere,5820,CHANNAGIRI,217447,NALLURU,1.446160629532339,4,area_weighted,
2022-07-10,KARNATAKA,Davangere,5820,CHANNAGIRI,217448,NAVILEHAL,0.7620458383029284,4,area_weighted,
2022-07-10,KARNATAKA,Davangere,5820,CHANNAGIRI,217449,NILLOGAL,0.8225436508655548,2,direct_grid,
2022-07-10,KARNATAKA,Davangere,5820,CHANNAGIRI,217450,NUGGEHALLI,1.4575369358062744,1,direct_grid,
2022-07-10,KARNATAKA,Davangere,5820,CHANNAGIRI,217451,PANDOMATTI,1.8779702649201444,4,area_weighted,
2022-07-10,KARNATAKA,Davangere,5820,CHANNAGIRI,217452,RAJAGONDANAHALLI,1.7957950713077555,4,area_weighted,
2022-07-10,KARNATAKA,Davangere,5820,CHANNAGIRI,217453,RUDRAPURA,1.1248574256896973,1,direct_grid,
2022-07-10,KARNATAKA,Davangere,5820,CHANNAGIRI,217454,SANTHEBENNUR,0.9793902039527893,1,direct_grid,
2022-07-10,KARNATAKA,Davangere,5820,CHANNAGIRI,217455,SIDDANAMATHA,0.8699526786804199,1,direct_grid,
2022-07-10,KARNATAKA,Davangere,5820,CHANNAGIRI,217456,SOMLAPURA,1.1761991710819117,2,area_weighted,
2022-07-10,KARNATAKA,Davangere,5820,CHANNAGIRI,217457,TANIGERE,0.6689779758453369,1,direct_grid,
2022-07-10,KARNATAKA,Davangere,5820,CHANNAGIRI,217458,TAVAREKERE,2.4673495292663574,1,direct_grid,
2022-07-10,KARNATAKA,Davangere,5820,CHANNAGIRI,217459,THIPPAGONDANAHALLI,1.5200058221817017,1,direct_grid,
2022-07-10,KARNATAKA,Davangere,5820,CHANNAGIRI,217460,TYAVANAGI,0.45689353346824646,1,direct_grid,
2022-07-10,KARNATAKA,Davangere,5820,CHANNAGIRI,217461,VADDANAL,1.4860248565673828,1,direct_grid,
2022-07-10,KARNATAKA,Davangere,5821,DAVANAGERE,217462,ALURU,0.8138985633850098,1,direct_grid,
2022-07-10,KARNATAKA,Davangere,5821,DAVANAGERE,217463,ANAGODU,0.8747736215591431,1,direct_grid,
2022-07-10,KARNATAKA,Davangere,5821,DAVANAGERE,217464,ANAJI,0.9499190449714661,1,direct_grid,
2022-07-10,KARNATAKA,Davangere,5821,DAVANAGERE,217465,ANBERU,0.6197090744972229,2,direct_grid,
2022-07-10,KARNATAKA,Davangere,5821,DAVANAGERE,217466,ATTIGERE,0.7909056788487232,3,area_weighted,
2022-07-10,KARNATAKA,Davangere,5821,DAVANAGERE,217467,AVARAGOLLA,0.8377285793133786,2,area_weighted,
2022-07-10,KARNATAKA,Davangere,5821,DAVANAGERE,217468,BADA,0.7902882099151611,1,direct_grid,
2022-07-10,KARNATAKA,Davangere,5821,DAVANAGERE,217469,BASAVANALU,0.8193637441254739,4,area_weighted,
2022-07-10,KARNATAKA,Davangere,5821,DAVANAGERE,217470,BELAVANURU,0.8180577158927917,1,direct_grid,
2022-07-10,KARNATAKA,Davangere,5821,DAVANAGERE,217471,BETURU,0.7987627983093262,1,direct_grid,
2022-07-10,KARNATAKA,Davangere,5821,DAVANAGERE,217472,DODDABATI,0.854081102267625,7,area_weighted,
2022-07-10,KARNATAKA,Davangere,5821,DAVANAGERE,217473,GOPNALU,0.7794982537632192,5,area_weighted,
2022-07-10,KARNATAKA,Davangere,5821,DAVANAGERE,217474,GUDALU,0.954166054725647,1,direct_grid,
2022-07-10,KARNATAKA,Davangere,5821,DAVANAGERE,217475,HADADI,0.7256972789764404,1,direct_grid,
2022-07-10,KARNATAKA,Davangere,5821,DAVANAGERE,272698,HALEBATHI,0.8460347867742117,2,area_weighted,
2022-07-10,KARNATAKA,Davangere,5821,DAVANAGERE,217476,HEBBALU,0.93153315782547,2,direct_grid,
2022-07-10,KARNATAKA,Davangere,5821,DAVANAGERE,217477,HEMMANABETUR,1.1159512996673584,1,direct_grid,
2022-07-10,KARNATAKA,Davangere,5821,DAVANAGERE,217478,HUCHCHAVANAHALLY,0.6286714524030685,2,direct_grid,
2022-07-10,KARNATAKA,Davangere,5821,DAVANAGERE,217479,HULIKATTE,1.0185823440551758,1,direct_grid,
2022-07-10,KARNATAKA,Davangere,5821,DAVANAGERE,217480,HUNNURU,0.8587386608123779,1,direct_grid,
2022-07-10,KARNATAKA,Davangere,5821,DAVANAGERE,217481,IGURU,0.8227037191390991,1,direct_grid,
2022-07-10,KARNATAKA,Davangere,5821,DAVANAGERE,217482,KADAJJI,0.8067010503035134,2,area_weighted,
2022-07-10,KARNATAKA,Davangere,5821,DAVANAGERE,217483,KADLEBALU,0.9938612580299377,1,direct_grid,
2022-07-10,KARNATAKA,Davangere,5821,DAVANAGERE,217484,KAIDALE,0.8046079277992249,1,direct_grid,
2022-07-10,KARNATAKA,Davangere,5821,DAVANAGERE,217485,KAKKARAGOLLA,0.9818598892384955,4,area_weighted,
2022-07-10,KARNATAKA,Davangere,5821,DAVANAGERE,217486,KANAGONDANAHALLI,0.6627077460289001,1,direct_grid,
2022-07-10,KARNATAKA,Davangere,5821,DAVANAGERE,217487,KANDAGALLU,0.5672443509101868,1,direct_grid,
2022-07-10,KARNATAKA,Davangere,5821,DAVANAGERE,217488,KANDAVAKOVI,0.9172002077102661,1,direct_grid,
2022-07-10,KARNATAKA,Davangere,5821,DAVANAGERE,217489,KUDAGANURU,0.7736255872403482,5,area_weighted,
2022-07-10,KARNATAKA,Davangere,5821,DAVANAGERE,217490,KUKKAVADA,0.6619906458570908,4,area_weighted,
2022-07-10,KARNATAKA,Davangere,5821,DAVANAGERE,217491,KURKI,0.6410887241363525,1,direct_grid,
2022-07-10,KARNATAKA,Davangere,5821,DAVANAGERE,217492,LOKIKERE,0.6603532110013612,3,area_weighted,
2022-07-10,KARNATAKA,Davangere,5821,DAVANAGERE,217493,MALALKERE,0.7238548084077625,4,area_weighted,
2022-07-10,KARNATAKA,Davangere,5821,DAVANAGERE,217494,MATTHI,0.6094952821731567,1,direct_grid,
2022-07-10,KARNATAKA,Davangere,5821,DAVANAGERE,217495,MAYAKONDA,0.6496902476338988,4,area_weighted,
2022-07-10,KARNATAKA,Davangere,5821,DAVANAGERE,217496,MUDAHADADI,0.7859456837177277,2,direct_grid,
2022-07-10,KARNATAKA,Davangere,5821,DAVANAGERE,217497,NARAGANAHALLI,0.8527071475982666,1,direct_grid,
2022-07-10,KARNATAKA,Davangere,5821,DAVANAGERE,217498,NERLIGE,0.8574169278144836,1,direct_grid,
2022-07-10,KARNATAKA,Davangere,5821,DAVANAGERE,217499,SHAYGALE,0.691165566444397,1,direct_grid,
2022-07-10,KARNATAKA,Davangere,5821,DAVANAGERE,217500,SHIRAMAGONDANAHALLY,0.8158699093406488,4,area_weighted,
2022-07-10,KARNATAKA,Davangere,5821,DAVANAGERE,217501,TOLAHUNASE,0.831677125458913,3,area_weighted,
2022-07-10,KARNATAKA,Davangere,5823,HARIHARA,217537,BANNIKODU,0.8070117948248788,2,area_weighted,
2022-07-10,KARNATAKA,Davangere,5823,HARIHARA,217538,BANUVALLI,0.7242590188980103,1,direct_grid,
2022-07-10,KARNATAKA,Davangere,5823,HARIHARA,217539,BELLUDI,0.7936580181121826,1,direct_grid,
2022-07-10,KARNATAKA,Davangere,5823,HARIHARA,217540,DEVARABELAKERE,0.6988082279330852,3,area_weighted,
2022-07-10,KARNATAKA,Davangere,5823,HARIHARA,217541,GUTTUR,1.1438550736056716,4,area_weighted,
2022-07-10,KARNATAKA,Davangere,5823,HARIHARA,217542,HALIVANA,0.278876930475235,1,direct_grid,
2022-07-10,KARNATAKA,Davangere,5823,HARIHARA,217543,HANAGAVADI,0.8428369760513306,1,direct_grid,
2022-07-10,KARNATAKA,Davangere,5823,HARIHARA,217544,HARALAHALLI,0.5604135990142822,1,direct_grid,
2022-07-10,KARNATAKA,Davangere,5823,HARIHARA,217546,HOLESIRIGERE,0.9377880096435547,1,direct_grid,
2022-07-10,KARNATAKA,Davangere,5823,HARIHARA,217547,JIGALI,0.6794409078221495,4,area_weighted,
2022-07-10,KARNATAKA,Davangere,5823,HARIHARA,217548,K BEVENAHALLI,0.7708104826487544,4,area_weighted,
2022-07-10,KARNATAKA,Davangere,5823,HARIHARA,217549,KADARANAYAKANAHALLI,1.0006238677469292,3,area_weighted,
2022-07-10,KARNATAKA,Davangere,5823,HARIHARA,217550,KOKKANUR,0.8475481271743774,2,direct_grid,
2022-07-10,KARNATAKA,Davangere,5823,HARIHARA,217551,KONDAJJI,1.215566635131836,1,direct_grid,
2022-07-10,KARNATAKA,Davangere,5823,HARIHARA,217552,KUMBALUR,0.5651620587119968,4,area_weighted,
2022-07-10,KARNATAKA,Davangere,5823,HARIHARA,217553,KUNIBELEKERE,0.6895066499710083,1,direct_grid,
2022-07-10,KARNATAKA,Davangere,5823,HARIHARA,217555,NANDIGAVI,0.8220540528560303,4,area_weighted,
2022-07-10,KARNATAKA,Davangere,5823,HARIHARA,217556,RAJANAHALLI,0.777351975440979,1,direct_grid,
2022-07-10,KARNATAKA,Davangere,5823,HARIHARA,217557,SALKATTE,0.8214487516444624,4,area_weighted,
2022-07-10,KARNATAKA,Davangere,5823,HARIHARA,217558,SARATI,1.2891395112323514,4,area_weighted,
2022-07-10,KARNATAKA,Davangere,5823,HARIHARA,273038,UKKADAGATHRI,1.137408435344696,2,direct_grid,
2022-07-10,KARNATAKA,Davangere,5823,HARIHARA,217559,VASANA,1.1367473221406164,4,area_weighted,
2022-07-10,KARNATAKA,Davangere,5823,HARIHARA,217560,YELAVATTI,0.5873519778251648,1,direct_grid,
2022-07-10,KARNATAKA,Davangere,5823,HARIHARA,217561,YELEHOLE,0.9990521581723163,3,area_weighted,
2022-07-10,KARNATAKA,Davangere,5824,HONNALI,217562,ARABHAGATTA,1.4795867645665393,2,area_weighted,
2022-07-10,KARNATAKA,Davangere,5824,HONNALI,217563,ARAKERE,0.7251462936401367,1,direct_grid,
2022-07-10,KARNATAKA,Davangere,5824,HONNALI,217564,BANNIKODU,0.511584171234234,3,area_weighted,
2022-07-10,KARNATAKA,Davangere,5824,HONNALI,217567,BELIMALLURU,1.0893110632896423,2,direct_grid,
2022-07-10,KARNATAKA,Davangere,5824,HONNALI,217568,BENAKANAHALLI,1.0326768159866333,1,direct_grid,
2022-07-10,KARNATAKA,Davangere,5824,HONNALI,217569,BIRAGONDANAHALLI,1.054638949141461,4,area_weighted,
2022-07-10,KARNATAKA,Davangere,5824,HONNALI,217575,GOPAGONDANAHALLI,1.739385724067688,1,direct_grid,
2022-07-10,KARNATAKA,Davangere,5824,HONNALI,217578,H.GOPAGUNDANAHALLI,1.393245160822769,5,area_weighted,
2022-07-10,KARNATAKA,Davangere,5824,HONNALI,217579,H.KADADAKATTE,1.2319930723975543,6,area_weighted,
2022-07-10,KARNATAKA,Davangere,5824,HONNALI,217580,HANUMASAGARA,1.257635971789937,4,area_weighted,
2022-07-10,KARNATAKA,Davangere,5824,HONNALI,217581,HARALAHALLI,1.4133151769638062,1,direct_grid,
2022-07-10,KARNATAKA,Davangere,5824,HONNALI,217582,HATHUR,1.4131969213485718,1,direct_grid,
2022-07-10,KARNATAKA,Davangere,5824,HONNALI,217583,HIREGONIGERE,1.1534264087677002,1,direct_grid,
2022-07-10,KARNATAKA,Davangere,5824,HONNALI,217584,HOSAHALLI,1.5686287757036252,4,area_weighted,
2022-07-10,KARNATAKA,Davangere,5824,HONNALI,217585,HUNSAGATTA,1.4084213972091675,1,direct_grid,
2022-07-10,KARNATAKA,Davangere,5824,HONNALI,217586,KAMMARAGATTA,0.3778361573754761,4,area_weighted,
2022-07-10,KARNATAKA,Davangere,5824,HONNALI,217587,KATHIGE,1.7085952758789062,1,direct_grid,
2022-07-10,KARNATAKA,Davangere,5824,HONNALI,217589,KESANAKERE,1.035245542221008,3,area_weighted,
2022-07-10,KARNATAKA,Davangere,5824,HONNALI,217590,KOLAGHATTE,1.0086625814437866,1,direct_grid,
2022-07-10,KARNATAKA,Davangere,5824,HONNALI,217591,KULAMBI,0.4145277142524719,1,direct_grid,
2022-07-10,KARNATAKA,Davangere,5824,HONNALI,217592,KUMBALUR,0.237473726272583,1,direct_grid,
2022-07-10,KARNATAKA,Davangere,5824,HONNALI,217593,KUNDURU,0.301799754195884,4,area_weighted,
2022-07-10,KARNATAKA,Davangere,5824,HONNALI,217595,LINGAPURA,1.5658051602286769,2,area_weighted,
2022-07-10,KARNATAKA,Davangere,5824,HONNALI,217596,MASADI,0.6154709458351135,1,direct_grid,
2022-07-10,KARNATAKA,Davangere,5824,HONNALI,217597,MUKTHENHALLI,0.5118272989290065,4,area_weighted,
2022-07-10,KARNATAKA,Davangere,5824,HONNALI,217600,RAMPUR,1.3411686577738817,2,area_weighted,
2022-07-10,KARNATAKA,Davangere,5824,HONNALI,217601,SASVEHALLI,1.4259206056594849,1,direct_grid,
2022-07-10,KARNATAKA,Davangere,5824,HONNALI,217604,SURATURU,1.7068933248519897,1,direct_grid,
2022-07-10,KARNATAKA,Davangere,5824,HONNALI,217605,THIMMALAPUR,0.10336113721132278,1,direct_grid,
2022-07-10,KARNATAKA,Davangere,5824,HONNALI,217607,YAKKANAHALLI,0.3380216774122348,4,area_weighted,
2022-07-10,KARNATAKA,Davangere,5825,JAGALUR,217609,ANABUR,1.4524750709533691,2,direct_grid,
2022-07-10,KARNATAKA,Davangere,5825,JAGALUR,217610,ASAGODU,1.2070492506027222,1,direct_grid,
2022-07-10,KARNATAKA,Davangere,5825,JAGALUR,217611,BASAVANAKOTE,1.2953181266784668,2,direct_grid,
2022-07-10,KARNATAKA,Davangere,5825,JAGALUR,217612,BIDERAKERE,1.531844973564148,1,direct_grid,
2022-07-10,KARNATAKA,Davangere,5825,JAGALUR,217613,BILICHODU,1.2387522459030151,1,direct_grid,
2022-07-10,KARNATAKA,Davangere,5825,JAGALUR,217614,BISTUVALLI,1.5705012083053589,1,direct_grid,
2022-07-10,KARNATAKA,Davangere,5825,JAGALUR,217615,DEVIKERE,1.3081831336021423,2,direct_grid,
2022-07-10,KARNATAKA,Davangere,5825,JAGALUR,217616,DIDDIGE,1.222673237323761,2,direct_grid,
2022-07-10,KARNATAKA,Davangere,5825,JAGALUR,217617,DONNEHALLI,1.6934021711349487,2,direct_grid,
2022-07-10,KARNATAKA,Davangere,5825,JAGALUR,217618,GURUSIDDAPURA,1.2400685548782349,2,direct_grid,
2022-07-10,KARNATAKA,Davangere,5825,JAGALUR,217619,GUTTIDURGA,1.2922004461288452,2,direct_grid,
2022-07-10,KARNATAKA,Davangere,5825,JAGALUR,217620,HALEKALLU,1.1302611827850342,1,direct_grid,
2022-07-10,KARNATAKA,Davangere,5825,JAGALUR,217621,HANUMANTHAPURA,1.4351930618286133,1,direct_grid,
2022-07-10,KARNATAKA,Davangere,5825,JAGALUR,217622,HIREMALLANAHOLE,1.9112141728401184,2,direct_grid,
2022-07-10,KARNATAKA,Davangere,5825,JAGALUR,217623,HOSAKERE,1.232677698135376,2,direct_grid,
2022-07-10,KARNATAKA,Davangere,5825,JAGALUR,217624,KALLEDEVARAPURA,1.883097767829895,1,direct_grid,
2022-07-10,KARNATAKA,Davangere,5825,JAGALUR,217625,KECHHENAHALLI,1.364809513092041,1,direct_grid,
2022-07-10,KARNATAKA,Davangere,5825,JAGALUR,217626,KYASENAHALLI,1.2325339317321777,2,direct_grid,
2022-07-10,KARNATAKA,Davangere,5825,JAGALUR,217627,MUSTUR,1.984275221824646,2,direct_grid,
2022-07-10,KARNATAKA,Davangere,5825,JAGALUR,217628,PALLAGATTE,1.2539541721343994,1,direct_grid,
2022-07-10,KARNATAKA,Davangere,5825,JAGALUR,217629,SOKKE,1.2416247129440308,1,direct_grid,
2022-07-10,KARNATAKA,Davangere,5825,JAGALUR,217630,THORANAGATTE,1.7458345890045166,1,direct_grid,
2022-07-10,KARNATAKA,Davangere,7426,NYAMATHI,217565,BASAVANAHALLI,1.7211388023219323,4,area_weighted,
2022-07-10,KARNATAKA,Davangere,7426,NYAMATHI,217566,BELAGUTTI,2.0358218324770827,4,area_weighted,
2022-07-10,KARNATAKA,Davangere,7426,NYAMATHI,217570,CHATNIHALLI,2.1602797508239746,1,direct_grid,
2022-07-10,KARNATAKA,Davangere,7426,NYAMATHI,217571,CHI. KADADAKATTE,1.6506265679066574,4,area_weighted,
2022-07-10,KARNATAKA,Davangere,7426,NYAMATHI,217572,CHILURU,1.9276953658876237,3,area_weighted,
2022-07-10,KARNATAKA,Davangere,7426,NYAMATHI,217573,CHINNIKATTE,2.049354831377665,3,direct_grid,
2022-07-10,KARNATAKA,Davangere,7426,NYAMATHI,217574,GANGANAKOTE,1.7341824769973755,1,direct_grid,
2022-07-10,KARNATAKA,Davangere,7426,NYAMATHI,217576,GOVINAKOVI,1.6548104455601058,4,area_weighted,
2022-07-10,KARNATAKA,Davangere,7426,NYAMATHI,217577,GUDDEHALLI,2.059624433517456,1,direct_grid,
2022-07-10,KARNATAKA,Davangere,7426,NYAMATHI,217588,KENCHIKOPPA,1.8874731063842773,1,direct_grid,
2022-07-10,KARNATAKA,Davangere,7426,NYAMATHI,217594,KUNKOVA,2.0626938882429746,6,area_weighted,
2022-07-10,KARNATAKA,Davangere,7426,NYAMATHI,217599,PALAVANAHALLI,2.1387977600097656,1,direct_grid,
2022-07-10,KARNATAKA,Davangere,7426,NYAMATHI,217602,SAVALANGA,2.2047088146209717,1,direct_grid,
2022-07-10,KARNATAKA,Davangere,7426,NYAMATHI,217603,SURAHONNE,2.0345239639282227,1,direct_grid,
2022-07-10,KARNATAKA,Davangere,7426,NYAMATHI,217606,VADERAHATHURU,1.9930243492126465,1,direct_grid,
2022-07-10,KARNATAKA,Davangere,7426,NYAMATHI,217608,YARAGANAHAL,2.031314341735086,4,area_weighted,
2022-07-10,KARNATAKA,Dharwad,7423,ALNAVAR,217632,ARWATAGI,2.624985933303833,1,direct_grid,
2022-07-10,KARNATAKA,Dharwad,7423,ALNAVAR,217634,BENACHI,2.658353805541992,1,direct_grid,
2022-07-10,KARNATAKA,Dharwad,7423,ALNAVAR,217641,HONNAPUR,2.391932249069214,1,direct_grid,
2022-07-10,KARNATAKA,Dharwad,7423,ALNAVAR,217642,KADABAGATTI,2.9071462154388428,1,direct_grid,
2022-07-10,KARNATAKA,Dharwad,7425,ANNIGERI,217738,BHADRAPUR,1.389888714443224,10,area_weighted,
2022-07-10,KARNATAKA,Dharwad,7425,ANNIGERI,217742,HALLIKERI,0.8713606595993042,2,direct_grid,
2022-07-10,KARNATAKA,Dharwad,7425,ANNIGERI,217744,IBRAHIMPUR,1.7826732397079468,1,direct_grid,
2022-07-10,KARNATAKA,Dharwad,7425,ANNIGERI,217748,NALAWADI,1.6884291172027588,1,direct_grid,
2022-07-10,KARNATAKA,Dharwad,7425,ANNIGERI,273033,NAVALLI,1.75096595287323,1,direct_grid,
2022-07-10,KARNATAKA,Dharwad,7425,ANNIGERI,273034,SASWIHALLI,0.9214595940456667,7,area_weighted,
2022-07-10,KARNATAKA,Dharwad,7425,ANNIGERI,217750,SHALAWADI,2.8731954097747803,1,direct_grid,
2022-07-10,KARNATAKA,Dharwad,7425,ANNIGERI,217753,SHISUVINAHALLI,1.611488699913025,1,direct_grid,
2022-07-10,KARNATAKA,Dharwad,7425,ANNIGERI,217756,TUPPADAKURAHATTI,1.8841876983642578,1,direct_grid,
2022-07-10,KARNATAKA,Dharwad,5826,DHARWAD,217631,AMMINBHAVI,2.116569916407267,3,direct_grid,
2022-07-10,KARNATAKA,Dharwad,5826,DHARWAD,217633,BELUR,2.1985695362091064,1,direct_grid,
2022-07-10,KARNATAKA,Dharwad,5826,DHARWAD,273020,CHIKKAMALLIGAWADA,2.063642978668213,1,direct_grid,
2022-07-10,KARNATAKA,Dharwad,5826,DHARWAD,217635,DEVARHUBBALI,2.093674987003161,4,area_weighted,
2022-07-10,KARNATAKA,Dharwad,5826,DHARWAD,217636,GARAG,2.222299814224243,1,direct_grid,
2022-07-10,KARNATAKA,Dharwad,5826,DHARWAD,217637,HALLIGERI,2.049898386001587,3,direct_grid,
2022-07-10,KARNATAKA,Dharwad,5826,DHARWAD,217638,HANGARKI,2.3862866163253784,2,direct_grid,
2022-07-10,KARNATAKA,Dharwad,5826,DHARWAD,217639,HAROBELAWADI,2.2965197563171387,2,direct_grid,
2022-07-10,KARNATAKA,Dharwad,5826,DHARWAD,217640,HEBBALLI,1.9456459879875183,2,direct_grid,
2022-07-10,KARNATAKA,Dharwad,5826,DHARWAD,217643,KALAKERI,2.140227794647217,1,direct_grid,
2022-07-10,KARNATAKA,Dharwad,5826,DHARWAD,217644,KANAKUR,2.0121021270751953,1,direct_grid,
2022-07-10,KARNATAKA,Dharwad,5826,DHARWAD,217645,KARADIGUDDA,2.1841927279685334,4,area_weighted,
2022-07-10,KARNATAKA,Dharwad,5826,DHARWAD,217646,KOTABAGI,2.3295432708141592,4,area_weighted,
2022-07-10,KARNATAKA,Dharwad,5826,DHARWAD,217647,KOTUR,2.3239850997924805,1,direct_grid,
2022-07-10,KARNATAKA,Dharwad,5826,DHARWAD,217648,KURBAGATTI,2.20922848608223,3,area_weighted,
2022-07-10,KARNATAKA,Dharwad,5826,DHARWAD,217649,KYARAKOPPA,2.0147392749786377,1,direct_grid,
2022-07-10,KARNATAKA,Dharwad,5826,DHARWAD,217650,LOKUR,2.271047096430091,4,area_weighted,
2022-07-10,KARNATAKA,Dharwad,5826,DHARWAD,217651,MADHANBHAVI,2.549603223800659,1,direct_grid,
2022-07-10,KARNATAKA,Dharwad,5826,DHARWAD,217652,MANAGUNDI,1.778486105464234,4,area_weighted,
2022-07-10,KARNATAKA,Dharwad,5826,DHARWAD,273021,MANASURA,1.886317055403061,3,area_weighted,
2022-07-10,KARNATAKA,Dharwad,5826,DHARWAD,217653,MANDIHAL,2.1831552982330322,1,direct_grid,
2022-07-10,KARNATAKA,Dharwad,5826,DHARWAD,217654,MARADAGI,1.9637360572814941,1,direct_grid,
2022-07-10,KARNATAKA,Dharwad,5826,DHARWAD,217655,MAREWAD,2.0780716254392377,4,area_weighted,
2022-07-10,KARNATAKA,Dharwad,5826,DHARWAD,217656,MUGAD,2.179524381990366,4,area_weighted,
2022-07-10,KARNATAKA,Dharwad,5826,DHARWAD,217657,MUMMIGATTI,2.113831982516366,2,area_weighted,
2022-07-10,KARNATAKA,Dharwad,5826,DHARWAD,217658,NARENDRA,2.0284083664702384,4,area_weighted,
2022-07-10,KARNATAKA,Dharwad,5826,DHARWAD,217659,NIGADI,1.9089974164962769,1,direct_grid,
2022-07-10,KARNATAKA,Dharwad,5826,DHARWAD,217660,PUDKALAKATTI,2.2877352512746882,4,area_weighted,
2022-07-10,KARNATAKA,Dharwad,5826,DHARWAD,217661,RAMAPUR,2.3418779373168945,1,direct_grid,
2022-07-10,KARNATAKA,Dharwad,5826,DHARWAD,217662,SHIVALLI,1.9863266944885254,1,direct_grid,
2022-07-10,KARNATAKA,Dharwad,5826,DHARWAD,217663,TADAKODA,2.4341424198206423,4,area_weighted,
2022-07-10,KARNATAKA,Dharwad,5826,DHARWAD,217664,TEGUR,2.4605181217193604,1,direct_grid,
2022-07-10,KARNATAKA,Dharwad,5826,DHARWAD,217665,UPPIN BETAGERI,2.2559893131256104,1,direct_grid,
2022-07-10,KARNATAKA,Dharwad,5826,DHARWAD,217666,YADAWAD,2.12862229347229,1,direct_grid,
2022-07-10,KARNATAKA,Dharwad,5826,DHARWAD,217667,YERIKOPPA,1.7256593704223633,1,direct_grid,
2022-07-10,KARNATAKA,Dharwad,7465,HUBALI URBAN,220051,TALLUR,1.7584185600280762,1,direct_grid,
2022-07-10,KARNATAKA,Dharwad,5827,HUBBALLI,217668,ADARGUNCHI,1.4962083101272583,1,direct_grid,
2022-07-10,KARNATAKA,Dharwad,5827,HUBBALLI,273022,AGADI,1.4753784211930419,4,area_weighted,
2022-07-10,KARNATAKA,Dharwad,5827,HUBBALLI,217669,ANCHATGERI,1.491851568222046,1,direct_grid,
2022-07-10,KARNATAKA,Dharwad,5827,HUBBALLI,217670,B.ARALIKATTI,1.4349464832732501,2,area_weighted,
2022-07-10,KARNATAKA,Dharwad,5827,HUBBALLI,217671,BELAGALI,1.051110863685608,2,direct_grid,
2022-07-10,KARNATAKA,Dharwad,5827,HUBBALLI,273023,BHANDIWADA,1.948075771331787,1,direct_grid,
2022-07-10,KARNATAKA,Dharwad,5827,HUBBALLI,217672,BYAHATTI,1.8936826388041177,3,direct_grid,
2022-07-10,KARNATAKA,Dharwad,5827,HUBBALLI,217673,CHABBI,1.1536931177640861,4,area_weighted,
2022-07-10,KARNATAKA,Dharwad,5827,HUBBALLI,273024,CHANNAPURA,1.155871382024354,4,area_weighted,
2022-07-10,KARNATAKA,Dharwad,5827,HUBBALLI,273025,DEVARAGUDIHAL,1.5504032248631394,5,area_weighted,
2022-07-10,KARNATAKA,Dharwad,5827,HUBBALLI,217674,HALLYAL,1.6937130814956671,4,area_weighted,
2022-07-10,KARNATAKA,Dharwad,5827,HUBBALLI,217675,HEBSUR,1.7907791137695312,1,direct_grid,
2022-07-10,KARNATAKA,Dharwad,5827,HUBBALLI,217676,INGALHALLI,1.8687539100646973,1,direct_grid,
2022-07-10,KARNATAKA,Dharwad,5827,HUBBALLI,217677,KARDIKOPPA,1.2123575704692473,4,area_weighted,
2022-07-10,KARNATAKA,Dharwad,5827,HUBBALLI,217678,KATNUR,1.364699440395134,3,area_weighted,
2022-07-10,KARNATAKA,Dharwad,5827,HUBBALLI,273026,KIRESUR,1.8787925375032357,4,area_weighted,
2022-07-10,KARNATAKA,Dharwad,5827,HUBBALLI,217679,KOLIWAD,1.2823043266932168,3,direct_grid,
2022-07-10,KARNATAKA,Dharwad,5827,HUBBALLI,217680,KUSUGAL,1.9848248362541199,2,direct_grid,
2022-07-10,KARNATAKA,Dharwad,5827,HUBBALLI,217681,MANTUR,1.9267722367977136,4,area_weighted,
2022-07-10,KARNATAKA,Dharwad,5827,HUBBALLI,217682,NULAVI,1.199582174400027,4,area_weighted,
2022-07-10,KARNATAKA,Dharwad,5827,HUBBALLI,217683,RAYANAL,1.5691533279293657,2,area_weighted,
2022-07-10,KARNATAKA,Dharwad,5827,HUBBALLI,273027,SHAREWADA,1.0514736446502415,2,area_weighted,
2022-07-10,KARNATAKA,Dharwad,5827,HUBBALLI,217684,SHIRAGUPPI,1.783764362335205,1,direct_grid,
2022-07-10,KARNATAKA,Dharwad,5827,HUBBALLI,217685,SULLA,1.9710313071584848,4,area_weighted,
2022-07-10,KARNATAKA,Dharwad,5827,HUBBALLI,273028,UMACHAGI,1.6256295442581177,1,direct_grid,
2022-07-10,KARNATAKA,Dharwad,5827,HUBBALLI,217686,VARUR,1.4269448518753052,1,direct_grid,
2022-07-10,KARNATAKA,Dharwad,5828,KALGHATGI,217687,BAMMIGATTI,1.583762305778417,6,area_weighted,
2022-07-10,KARNATAKA,Dharwad,5828,KALGHATGI,217688,BEERAVALLI,1.5899051427841187,1,direct_grid,
2022-07-10,KARNATAKA,Dharwad,5828,KALGHATGI,217689,BEGUR,1.4646304845809937,1,direct_grid,
2022-07-10,KARNATAKA,Dharwad,5828,KALGHATGI,217690,BELAVANTAR,1.4361311197280884,1,direct_grid,
2022-07-10,KARNATAKA,Dharwad,5828,KALGHATGI,273029,BHOGENAGARAKOPPA,1.4222680856453878,3,area_weighted,
2022-07-10,KARNATAKA,Dharwad,5828,KALGHATGI,217691,DASTIKOPPA,1.3513846397399902,1,direct_grid,
2022-07-10,KARNATAKA,Dharwad,5828,KALGHATGI,217692,DEVALINGEKOPPA,1.4886034612592594,2,area_weighted,
2022-07-10,KARNATAKA,Dharwad,5828,KALGHATGI,217693,DEVIKOPPA,1.7492632865905762,1,direct_grid,
2022-07-10,KARNATAKA,Dharwad,5828,KALGHATGI,217694,DUMMAWAD,1.4133574079924043,5,area_weighted,
2022-07-10,KARNATAKA,Dharwad,5828,KALGHATGI,217695,G.BASAVANKOPPA,1.5444213151931763,1,direct_grid,
2022-07-10,KARNATAKA,Dharwad,5828,KALGHATGI,217696,GALAGI,1.963183045387268,1,direct_grid,
2022-07-10,KARNATAKA,Dharwad,5828,KALGHATGI,217697,GAMBYAPUR,1.5188038349151611,2,direct_grid,
2022-07-10,KARNATAKA,Dharwad,5828,KALGHATGI,217698,GANJIGATTI,1.4281644821166992,1,direct_grid,
2022-07-10,KARNATAKA,Dharwad,5828,KALGHATGI,217699,GUDDADAHULIKATI,1.5627328157424927,1,direct_grid,
2022-07-10,KARNATAKA,Dharwad,5828,KALGHATGI,217700,HIREHONNIHALLI,1.1574738933028712,3,area_weighted,
2022-07-10,KARNATAKA,Dharwad,5828,KALGHATGI,217701,JINNUR,1.4831545305874456,3,area_weighted,
2022-07-10,KARNATAKA,Dharwad,5828,KALGHATGI,217702,KURUVINAKOPPA,1.069809079170227,1,direct_grid,
2022-07-10,KARNATAKA,Dharwad,5828,KALGHATGI,217703,MADAKIHONNAHALLI,1.388494863786839,4,area_weighted,
2022-07-10,KARNATAKA,Dharwad,5828,KALGHATGI,217704,MISHRIKOTI,1.1162837743759155,1,direct_grid,
2022-07-10,KARNATAKA,Dharwad,5828,KALGHATGI,217705,MUKKAL,1.5184225436678607,4,area_weighted,
2022-07-10,KARNATAKA,Dharwad,5828,KALGHATGI,217706,MUTTAGI,1.4777830917259867,4,area_weighted,
2022-07-10,KARNATAKA,Dharwad,5828,KALGHATGI,217707,SANGAMESHWAR,1.9617031812667847,1,direct_grid,
2022-07-10,KARNATAKA,Dharwad,5828,KALGHATGI,217708,SULIKATTI,2.101117789745331,2,direct_grid,
2022-07-10,KARNATAKA,Dharwad,5828,KALGHATGI,217709,SURASHETTIKOPPA,1.444216012954712,1,direct_grid,
2022-07-10,KARNATAKA,Dharwad,5828,KALGHATGI,217710,TABAKADAHONNIHALLI,1.5453073978424072,1,direct_grid,
2022-07-10,KARNATAKA,Dharwad,5828,KALGHATGI,217711,TAMBUR,1.9766520857810974,2,direct_grid,
2022-07-10,KARNATAKA,Dharwad,5828,KALGHATGI,217712,TAVARGERI,1.6207906007766724,2,direct_grid,
2022-07-10,KARNATAKA,Dharwad,5828,KALGHATGI,217713,UGGINAKERI,1.4521410465240479,1,direct_grid,
2022-07-10,KARNATAKA,Dharwad,5829,KUNDGOL,217714,BETADUR,1.332548738913075,4,area_weighted,
2022-07-10,KARNATAKA,Dharwad,5829,KUNDGOL,217715,BHU.TARLAGATTA,2.3250982761383057,1,direct_grid,
2022-07-10,KARNATAKA,Dharwad,5829,KUNDGOL,273030,CHAKALABBI,1.0188632607460022,2,direct_grid,
2022-07-10,KARNATAKA,Dharwad,5829,KUNDGOL,273031,DEVANUR,1.621343735096197,4,area_weighted,
2022-07-10,KARNATAKA,Dharwad,5829,KUNDGOL,217716,GOUDAGERI,1.881875369575462,4,area_weighted,
2022-07-10,KARNATAKA,Dharwad,5829,KUNDGOL,217717,GUDAGERI,1.653530478477478,1,direct_grid,
2022-07-10,KARNATAKA,Dharwad,5829,KUNDGOL,217718,GUDENAKATTI,1.648001492023468,2,direct_grid,
2022-07-10,KARNATAKA,Dharwad,5829,KUNDGOL,273032,GURUVINAHALLI,1.7740060091018677,1,direct_grid,
2022-07-10,KARNATAKA,Dharwad,5829,KUNDGOL,217720,HARLAPUR,1.567995548248291,1,direct_grid,
2022-07-10,KARNATAKA,Dharwad,5829,KUNDGOL,217721,HIREGUNJAL,1.092729297456699,5,area_weighted,
2022-07-10,KARNATAKA,Dharwad,5829,KUNDGOL,217722,HIREHARKUNI,1.8046971559524536,1,direct_grid,
2022-07-10,KARNATAKA,Dharwad,5829,KUNDGOL,217723,HIRENARTI,1.3667930000823343,5,area_weighted,
2022-07-10,KARNATAKA,Dharwad,5829,KUNDGOL,217724,INGALAGI,2.316556298892813,4,area_weighted,
2022-07-10,KARNATAKA,Dharwad,5829,KUNDGOL,217725,KALAS,1.7060825824737549,1,direct_grid,
2022-07-10,KARNATAKA,Dharwad,5829,KUNDGOL,217726,KAMADOLLI,1.9166277647018433,1,direct_grid,
2022-07-10,KARNATAKA,Dharwad,5829,KUNDGOL,217727,KUBIHAL,1.840054681919506,4,area_weighted,
2022-07-10,KARNATAKA,Dharwad,5829,KUNDGOL,217719,MALALI,1.7410622753944096,4,area_weighted,
2022-07-10,KARNATAKA,Dharwad,5829,KUNDGOL,217728,MATTIGATTI,1.935593714171871,3,area_weighted,
2022-07-10,KARNATAKA,Dharwad,5829,KUNDGOL,274157,PASHUPATHIHALA,1.5858449164483528,4,area_weighted,
2022-07-10,KARNATAKA,Dharwad,5829,KUNDGOL,217729,RAMANAKOPPA,1.5898879766464233,1,direct_grid,
2022-07-10,KARNATAKA,Dharwad,5829,KUNDGOL,217730,ROTTIGAWAD,1.4325941801071167,1,direct_grid,
2022-07-10,KARNATAKA,Dharwad,5829,KUNDGOL,217731,SAUNSI,1.52809339761734,2,direct_grid,
2022-07-10,KARNATAKA,Dharwad,5829,KUNDGOL,217732,SHIRUR,1.1061208248138428,1,direct_grid,
2022-07-10,KARNATAKA,Dharwad,5829,KUNDGOL,217733,YAREBUDIHAL,1.3514735911913276,5,area_weighted,
2022-07-10,KARNATAKA,Dharwad,5829,KUNDGOL,217734,YELIWAL,1.5648189783096313,1,direct_grid,
2022-07-10,KARNATAKA,Dharwad,5829,KUNDGOL,217735,YERAGUPPI,1.5819793939590454,1,direct_grid,
2022-07-10,KARNATAKA,Dharwad,5830,NAVALGUND,217736,ALAGAWADI,2.060053825378418,1,direct_grid,
2022-07-10,KARNATAKA,Dharwad,5830,NAVALGUND,273341,BELAHAR(CHILAKAWAD),1.2979358434677124,1,direct_grid,
2022-07-10,KARNATAKA,Dharwad,5830,NAVALGUND,217737,BELAVATAGI,2.337789535522461,2,direct_grid,
2022-07-10,KARNATAKA,Dharwad,5830,NAVALGUND,217739,GUDISAGAR,2.23820424079895,1,direct_grid,
2022-07-10,KARNATAKA,Dharwad,5830,NAVALGUND,217740,GUMMAGOLA,2.2321581840515137,2,direct_grid,
2022-07-10,KARNATAKA,Dharwad,5830,NAVALGUND,217741,HALAKUSUGAL,1.8493114709854126,2,direct_grid,
2022-07-10,KARNATAKA,Dharwad,5830,NAVALGUND,217743,HEBBAL,1.5311630961798357,2,area_weighted,
2022-07-10,KARNATAKA,Dharwad,5830,NAVALGUND,217745,JAVUR,1.5733925010219603,6,area_weighted,
2022-07-10,KARNATAKA,Dharwad,5830,NAVALGUND,217746,KALAWAD,1.5743331909179688,1,direct_grid,
2022-07-10,KARNATAKA,Dharwad,5830,NAVALGUND,217747,MORAB,2.0813941955566406,3,direct_grid,
2022-07-10,KARNATAKA,Dharwad,5830,NAVALGUND,217749,NAYAKANUR,2.4038896560668945,1,direct_grid,
2022-07-10,KARNATAKA,Dharwad,5830,NAVALGUND,217751,SHIRAKOL,1.9582598770382578,7,area_weighted,
2022-07-10,KARNATAKA,Dharwad,5830,NAVALGUND,217752,SHIRUR,2.2915284633636475,1,direct_grid,
2022-07-10,KARNATAKA,Dharwad,5830,NAVALGUND,217754,TADAHALA,3.2568185329437256,2,direct_grid,
2022-07-10,KARNATAKA,Dharwad,5830,NAVALGUND,217755,TIRLAPUR,1.7761070728302002,1,direct_grid,
2022-07-10,KARNATAKA,Dharwad,5830,NAVALGUND,217757,YEMANUR,1.876285433769226,1,direct_grid,
2022-07-10,KARNATAKA,Gadag,5831,GADAG,217758,ADAVISOMAPUR,1.206081748008728,1,direct_grid,
2022-07-10,KARNATAKA,Gadag,5831,GADAG,217759,ANTUR,1.119195590033464,4,area_weighted,
2022-07-10,KARNATAKA,Gadag,5831,GADAG,217760,ASUNDI,1.077267050743103,2,direct_grid,
2022-07-10,KARNATAKA,Gadag,5831,GADAG,217761,BALAGANUR,2.1504480838775635,1,direct_grid,
2022-07-10,KARNATAKA,Gadag,5831,GADAG,217762,BELADHADI,0.5560024380683899,1,direct_grid,
2022-07-10,KARNATAKA,Gadag,5831,GADAG,217763,BELAHOODA,0.49716922640800476,1,direct_grid,
2022-07-10,KARNATAKA,Gadag,5831,GADAG,217764,BINKADAKATTI,1.0644850730895996,1,direct_grid,
2022-07-10,KARNATAKA,Gadag,5831,GADAG,217765,CHIKKAHANDIGOL,0.9086872339248657,1,direct_grid,
2022-07-10,KARNATAKA,Gadag,5831,GADAG,217766,CHINCHALI,0.9991589784622192,1,direct_grid,
2022-07-10,KARNATAKA,Gadag,5831,GADAG,217767,HARALAPUR,1.793131947517395,1,direct_grid,
2022-07-10,KARNATAKA,Gadag,5831,GADAG,217768,HARTI,0.9335007667541504,1,direct_grid,
2022-07-10,KARNATAKA,Gadag,5831,GADAG,217769,HATALAGERI,1.4190673828125,1,direct_grid,
2022-07-10,KARNATAKA,Gadag,5831,GADAG,217770,HOMBALA,1.3775016466776528,3,direct_grid,
2022-07-10,KARNATAKA,Gadag,5831,GADAG,217771,HULAKOTI,1.0674298990656097,6,area_weighted,
2022-07-10,KARNATAKA,Gadag,5831,GADAG,217772,HUYELAGOLA,1.4774687886238098,2,direct_grid,
2022-07-10,KARNATAKA,Gadag,5831,GADAG,217773,KADHADI,1.9855943063738484,6,area_weighted,
2022-07-10,KARNATAKA,Gadag,5831,GADAG,272957,KALASAPUR,0.9540157318115234,1,direct_grid,
2022-07-10,KARNATAKA,Gadag,5831,GADAG,217774,KANAGINAHAL,1.472116470336914,1,direct_grid,
2022-07-10,KARNATAKA,Gadag,5831,GADAG,217775,KOTAMACHAGI,1.7126826047897339,3,direct_grid,
2022-07-10,KARNATAKA,Gadag,5831,GADAG,217776,KURTAKOTI,0.9846340219179789,3,direct_grid,
2022-07-10,KARNATAKA,Gadag,5831,GADAG,217777,LAKKUNDI,1.2259685397148132,2,direct_grid,
2022-07-10,KARNATAKA,Gadag,5831,GADAG,217778,LINGADAL,2.3581278324127197,1,direct_grid,
2022-07-10,KARNATAKA,Gadag,5831,GADAG,217779,NAGAVI,0.9433125853538513,1,direct_grid,
2022-07-10,KARNATAKA,Gadag,5831,GADAG,217780,NEERALAGI,1.448449730873108,1,direct_grid,
2022-07-10,KARNATAKA,Gadag,5831,GADAG,217781,SORATUR,0.4361968159675598,5,direct_grid,
2022-07-10,KARNATAKA,Gadag,5831,GADAG,272958,TIMMAPUR,2.01677607139798,3,area_weighted,
2022-07-10,KARNATAKA,Gadag,5831,GADAG,217782,YELISHIRUR,0.6207303404808044,1,direct_grid,
2022-07-10,KARNATAKA,Gadag,7421,GAJENDRAGAD,217815,GOGERI,1.3887116121336067,4,area_weighted,
2022-07-10,KARNATAKA,Gadag,7421,GAJENDRAGAD,272964,GULAGULI,2.2512541519860947,6,area_weighted,
2022-07-10,KARNATAKA,Gadag,7421,GAJENDRAGAD,217816,HALAKERI,1.984727521398556,4,area_weighted,
2022-07-10,KARNATAKA,Gadag,7421,GAJENDRAGAD,272965,HOSALLI,2.1575698852539062,1,direct_grid,
2022-07-10,KARNATAKA,Gadag,7421,GAJENDRAGAD,217825,KUNTOJI,1.3432049751281738,1,direct_grid,
2022-07-10,KARNATAKA,Gadag,7421,GAJENDRAGAD,217828,LAKKALAKATTI,1.9884699583053589,1,direct_grid,
2022-07-10,KARNATAKA,Gadag,7421,GAJENDRAGAD,217832,MUSHIGERI,2.1714792251586914,1,direct_grid,
2022-07-10,KARNATAKA,Gadag,7421,GAJENDRAGAD,217833,NIDAGUNDI,2.000587224960327,1,direct_grid,
2022-07-10,KARNATAKA,Gadag,7421,GAJENDRAGAD,217834,RAJURU,1.9655157923698425,2,direct_grid,
2022-07-10,KARNATAKA,Gadag,7421,GAJENDRAGAD,217835,RAMPUR,1.7849929332733154,1,direct_grid,
2022-07-10,KARNATAKA,Gadag,7421,GAJENDRAGAD,217837,SHANTHAGERI,2.0739097029755045,4,area_weighted,
2022-07-10,KARNATAKA,Gadag,7421,GAJENDRAGAD,217838,SUDI,2.2976690530776978,2,direct_grid,
2022-07-10,KARNATAKA,Gadag,7422,LAXMESHWAR,217840,ADARAKATTI,0.813139967218756,4,area_weighted,
2022-07-10,KARNATAKA,Gadag,7422,LAXMESHWAR,217841,ADHARAHALLI,1.1792792081832886,1,direct_grid,
2022-07-10,KARNATAKA,Gadag,7422,LAXMESHWAR,217842,BALEHOSURU,1.6310412883758545,1,direct_grid,
2022-07-10,KARNATAKA,Gadag,7422,LAXMESHWAR,217844,BATTURU,0.7106616795063019,2,direct_grid,
2022-07-10,KARNATAKA,Gadag,7422,LAXMESHWAR,217847,DODDURU,0.9422000050544739,2,direct_grid,
2022-07-10,KARNATAKA,Gadag,7422,LAXMESHWAR,217848,GOJNURU,0.668875525266904,5,area_weighted,
2022-07-10,KARNATAKA,Gadag,7422,LAXMESHWAR,272968,GOVANALA,1.3685234785079956,1,direct_grid,
2022-07-10,KARNATAKA,Gadag,7422,LAXMESHWAR,272969,HULLURA,1.4218790531158447,1,direct_grid,
2022-07-10,KARNATAKA,Gadag,7422,LAXMESHWAR,272970,MADALLI,0.9274335597385622,5,area_weighted,
2022-07-10,KARNATAKA,Gadag,7422,LAXMESHWAR,217855,MAGADI,0.5714294016361237,2,direct_grid,
2022-07-10,KARNATAKA,Gadag,7422,LAXMESHWAR,217856,P-BADNI,0.9876070618629456,1,direct_grid,
2022-07-10,KARNATAKA,Gadag,7422,LAXMESHWAR,217857,RAMAGIRI,1.0544880777597427,4,direct_grid,
2022-07-10,KARNATAKA,Gadag,7422,LAXMESHWAR,217859,SHIGLI,1.344068602980356,4,area_weighted,
2022-07-10,KARNATAKA,Gadag,7422,LAXMESHWAR,217860,SURANAGII,1.1519372463226318,1,direct_grid,
2022-07-10,KARNATAKA,Gadag,7422,LAXMESHWAR,217863,YALAVATTI,0.7639513611793518,1,direct_grid,
2022-07-10,KARNATAKA,Gadag,5832,MUNDARAGI,217783,ALUR,1.495075809874087,4,area_weighted,
2022-07-10,KARNATAKA,Gadag,5832,MUNDARAGI,217784,BAGEWADI,1.525749087333679,3,direct_grid,
2022-07-10,KARNATAKA,Gadag,5832,MUNDARAGI,272959,BIDANALA,1.791649341583252,1,direct_grid,
2022-07-10,KARNATAKA,Gadag,5832,MUNDARAGI,217785,BIDARHALLI,1.9182723760604858,2,direct_grid,
2022-07-10,KARNATAKA,Gadag,5832,MUNDARAGI,217786,DAMBAL,0.7373828887939453,2,direct_grid,
2022-07-10,KARNATAKA,Gadag,5832,MUNDARAGI,217787,DONI,0.2444072663784027,2,direct_grid,
2022-07-10,KARNATAKA,Gadag,5832,MUNDARAGI,217788,HALLIKERI,2.012976884841919,3,direct_grid,
2022-07-10,KARNATAKA,Gadag,5832,MUNDARAGI,217789,HAMMAGI,1.9752193689346313,1,direct_grid,
2022-07-10,KARNATAKA,Gadag,5832,MUNDARAGI,217790,HAROGERI,1.074737787246704,1,direct_grid,
2022-07-10,KARNATAKA,Gadag,5832,MUNDARAGI,217791,HESARUR,2.243027925491333,2,direct_grid,
2022-07-10,KARNATAKA,Gadag,5832,MUNDARAGI,217792,HIREWADDATTI,0.8689044158936988,2,area_weighted,
2022-07-10,KARNATAKA,Gadag,5832,MUNDARAGI,274216,JANTLI SHIRURA,1.5235652327537537,2,direct_grid,
2022-07-10,KARNATAKA,Gadag,5832,MUNDARAGI,217793,KALKERI,1.6005377103127583,4,area_weighted,
2022-07-10,KARNATAKA,Gadag,5832,MUNDARAGI,217794,KORLAHALLI,1.9003444910049438,1,direct_grid,
2022-07-10,KARNATAKA,Gadag,5832,MUNDARAGI,217795,MEUNDI,1.2475685079892476,3,direct_grid,
2022-07-10,KARNATAKA,Gadag,5832,MUNDARAGI,272960,MURADI,0.5925812497735023,4,direct_grid,
2022-07-10,KARNATAKA,Gadag,5832,MUNDARAGI,217796,SHINGATALUR,1.9862228798244466,4,area_weighted,
2022-07-10,KARNATAKA,Gadag,5832,MUNDARAGI,217797,SHINGATARAYANKERE,0.9005065560340881,2,direct_grid,
2022-07-10,KARNATAKA,Gadag,5832,MUNDARAGI,272961,SHIVAJINAGAR,0.6787451191819245,5,area_weighted,
2022-07-10,KARNATAKA,Gadag,5833,NARAGUND,217798,BANAHATTI,3.003512498620484,4,area_weighted,
2022-07-10,KARNATAKA,Gadag,5833,NARAGUND,272962,BENAKANAKOPPA,2.677618980407715,1,direct_grid,
2022-07-10,KARNATAKA,Gadag,5833,NARAGUND,217799,BHIRANAHATTI,4.670261383056641,1,direct_grid,
2022-07-10,KARNATAKA,Gadag,5833,NARAGUND,217800,CHIKKANARAGUND,2.8466619991263893,3,area_weighted,
2022-07-10,KARNATAKA,Gadag,5833,NARAGUND,217801,HADLI,5.413665290619764,6,area_weighted,
2022-07-10,KARNATAKA,Gadag,5833,NARAGUND,217802,HIREKOPPA,3.006225109100342,1,direct_grid,
2022-07-10,KARNATAKA,Gadag,5833,NARAGUND,217803,HUNSIKATTI,2.4790961742401123,2,direct_grid,
2022-07-10,KARNATAKA,Gadag,5833,NARAGUND,217804,KANAKIKOPPA,2.7591739495595293,3,direct_grid,
2022-07-10,KARNATAKA,Gadag,5833,NARAGUND,217805,KONNUR,3.8981101512908936,2,direct_grid,
2022-07-10,KARNATAKA,Gadag,5833,NARAGUND,217806,RADDER-NAGANUR,6.2231340408325195,1,direct_grid,
2022-07-10,KARNATAKA,Gadag,5833,NARAGUND,217807,SHIROL,4.892816543579102,1,direct_grid,
2022-07-10,KARNATAKA,Gadag,5833,NARAGUND,217808,SURKOD,3.5162529945373535,1,direct_grid,
2022-07-10,KARNATAKA,Gadag,5833,NARAGUND,217809,VASAN,3.275864726223259,5,area_weighted,
2022-07-10,KARNATAKA,Gadag,5834,RON,217810,ABBIGERI,1.6939014196395874,1,direct_grid,
2022-07-10,KARNATAKA,Gadag,5834,RON,272963,AMARAGOL,2.462584871048431,4,area_weighted,
2022-07-10,KARNATAKA,Gadag,5834,RON,217811,ASUTI,3.4537464380264282,2,direct_grid,
2022-07-10,KARNATAKA,Gadag,5834,RON,217812,BELAVANAKI,2.623552083969116,2,direct_grid,
2022-07-10,KARNATAKA,Gadag,5834,RON,217813,CHIKKAMANNUR,2.2818832397460938,1,direct_grid,
2022-07-10,KARNATAKA,Gadag,5834,RON,217814,D.S.HADAGALI,2.0606019496917725,1,direct_grid,
2022-07-10,KARNATAKA,Gadag,5834,RON,217817,HIREHAL,2.017495810985565,2,direct_grid,
2022-07-10,KARNATAKA,Gadag,5834,RON,217818,HOLE-ALUR,2.709855079650879,1,direct_grid,
2022-07-10,KARNATAKA,Gadag,5834,RON,217819,HOLEMANNUR,2.7732174224041235,5,area_weighted,
2022-07-10,KARNATAKA,Gadag,5834,RON,217820,HULLUR,3.5296902656555176,1,direct_grid,
2022-07-10,KARNATAKA,Gadag,5834,RON,217821,HUNAGUNDI,2.427412509918213,1,direct_grid,
2022-07-10,KARNATAKA,Gadag,5834,RON,217822,ITAGI,2.3909326348909294,5,area_weighted,
2022-07-10,KARNATAKA,Gadag,5834,RON,217823,JAKKALI,1.849190338768011,4,area_weighted,
2022-07-10,KARNATAKA,Gadag,5834,RON,217824,KOTHABAL,2.4643144607543945,2,direct_grid,
2022-07-10,KARNATAKA,Gadag,5834,RON,272966,KOUJAGERI,3.7213492393493652,3,direct_grid,
2022-07-10,KARNATAKA,Gadag,5834,RON,217826,KURADAGI,1.762262225151062,1,direct_grid,
2022-07-10,KARNATAKA,Gadag,5834,RON,217827,KURAHATTI,3.0812695026397705,1,direct_grid,
2022-07-10,KARNATAKA,Gadag,5834,RON,217829,MADALAGERI,2.1546015281322024,4,area_weighted,
2022-07-10,KARNATAKA,Gadag,5834,RON,217830,MALLAPUR,2.6861860752105713,1,direct_grid,
2022-07-10,KARNATAKA,Gadag,5834,RON,272967,MARANABASARI,1.9472463130950928,1,direct_grid,
2022-07-10,KARNATAKA,Gadag,5834,RON,217831,MENASGI,2.9850298166275024,2,direct_grid,
2022-07-10,KARNATAKA,Gadag,5834,RON,217836,SAVADI,2.020394027233124,2,direct_grid,
2022-07-10,KARNATAKA,Gadag,5834,RON,217839,YAVAGAL,4.6489715576171875,1,direct_grid,
2022-07-10,KARNATAKA,Gadag,5835,SHIRAHATTI,217843,BANNIKOPPA,1.3921226263046265,1,direct_grid,
2022-07-10,KARNATAKA,Gadag,5835,SHIRAHATTI,217845,BELLATTI,1.2853752374649048,1,direct_grid,
2022-07-10,KARNATAKA,Gadag,5835,SHIRAHATTI,217846,CHEBBI,0.7495908141136169,2,direct_grid,
2022-07-10,KARNATAKA,Gadag,5835,SHIRAHATTI,217849,HEBBAL,2.2893176078796387,1,direct_grid,
2022-07-10,KARNATAKA,Gadag,5835,SHIRAHATTI,217850,ITAGI,2.0858210616762243,4,area_weighted,
2022-07-10,KARNATAKA,Gadag,5835,SHIRAHATTI,217851,KADAKOL,0.5270903706550598,2,direct_grid,
2022-07-10,KARNATAKA,Gadag,5835,SHIRAHATTI,217852,KOGANUR,1.9653106331825256,2,direct_grid,
2022-07-10,KARNATAKA,Gadag,5835,SHIRAHATTI,217853,KONCHIGERI,1.6074601411819458,1,direct_grid,
2022-07-10,KARNATAKA,Gadag,5835,SHIRAHATTI,217854,MACHENHALLI,1.0562418401813316,4,area_weighted,
2022-07-10,KARNATAKA,Gadag,5835,SHIRAHATTI,274217,MAJJOORU,0.7882226356401497,6,area_weighted,
2022-07-10,KARNATAKA,Gadag,5835,SHIRAHATTI,217858,RANATHURA,0.9524688124656677,1,direct_grid,
2022-07-10,KARNATAKA,Gadag,5835,SHIRAHATTI,217861,TARIKOPPA,1.8022302420828467,4,area_weighted,
2022-07-10,KARNATAKA,Gadag,5835,SHIRAHATTI,217862,VADAVI,1.7528014183044434,1,direct_grid,
2022-07-10,KARNATAKA,Hassan,5846,ALUR,218201,ABBANA,5.186440467834473,1,direct_grid,
2022-07-10,KARNATAKA,Hassan,5846,ALUR,218202,BYARAPURA,1.6099228858947754,1,direct_grid,
2022-07-10,KARNATAKA,Hassan,5846,ALUR,218203,DODDA KANAGAL,1.3779256281493102,3,area_weighted,
2022-07-10,KARNATAKA,Hassan,5846,ALUR,218204,GANJIGERE,2.1498381058769667,3,area_weighted,
2022-07-10,KARNATAKA,Hassan,5846,ALUR,218205,HANCHUR,2.6548378467559814,1,direct_grid,
2022-07-10,KARNATAKA,Hassan,5846,ALUR,218206,HUNASAVALLI,0.9444065093994141,1,direct_grid,
2022-07-10,KARNATAKA,Hassan,5846,ALUR,218207,KADALU,1.9228879843862103,5,area_weighted,
2022-07-10,KARNATAKA,Hassan,5846,ALUR,218208,KANATHUR,2.0649054050445557,1,direct_grid,
2022-07-10,KARNATAKA,Hassan,5846,ALUR,218209,KARAGODU,4.04337215423584,1,area_weighted,
2022-07-10,KARNATAKA,Hassan,5846,ALUR,218210,KUNDURU,3.070615158943551,4,area_weighted,
2022-07-10,KARNATAKA,Hassan,5846,ALUR,218211,MADABALU,2.7961857318878174,1,direct_grid,
2022-07-10,KARNATAKA,Hassan,5846,ALUR,218212,MAGGE,4.04337215423584,1,direct_grid,
2022-07-10,KARNATAKA,Hassan,5846,ALUR,218213,MALLAPURA,5.516146368366264,4,area_weighted,
2022-07-10,KARNATAKA,Hassan,5846,ALUR,218214,PALYA,2.737992525100708,1,direct_grid,
2022-07-10,KARNATAKA,Hassan,5846,ALUR,218215,TALURU,3.012314738129681,6,area_weighted,
2022-07-10,KARNATAKA,Hassan,5848,ARSIKERE,218245,AGGUNDA,3.2395834034987576,5,area_weighted,
2022-07-10,KARNATAKA,Hassan,5848,ARSIKERE,218246,ARAKERE,3.606846522663007,5,area_weighted,
2022-07-10,KARNATAKA,Hassan,5848,ARSIKERE,218247,BAGESHPURA,3.282616376876831,1,direct_grid,
2022-07-10,KARNATAKA,Hassan,5848,ARSIKERE,218248,BAGIVALU,2.875450713577898,4,area_weighted,
2022-07-10,KARNATAKA,Hassan,5848,ARSIKERE,218249,BANAVARA,3.3930514844363016,2,area_weighted,
2022-07-10,KARNATAKA,Hassan,5848,ARSIKERE,218250,BANDUR,4.071198463439941,1,direct_grid,
2022-07-10,KARNATAKA,Hassan,5848,ARSIKERE,218251,BELAGUMBA,4.008865714073181,2,direct_grid,
2022-07-10,KARNATAKA,Hassan,5848,ARSIKERE,218252,BENDEKERE,3.33731158425326,5,area_weighted,
2022-07-10,KARNATAKA,Hassan,5848,ARSIKERE,218253,CHOGACHAGERE,2.8223936557769775,2,direct_grid,
2022-07-10,KARNATAKA,Hassan,5848,ARSIKERE,218254,DODDAMETIKURKE,2.9306516647338867,1,direct_grid,
2022-07-10,KARNATAKA,Hassan,5848,ARSIKERE,218255,DUMMENAHALLI,3.1799908876419067,2,direct_grid,
2022-07-10,KARNATAKA,Hassan,5848,ARSIKERE,218256,GANDASI,3.0560072537823793,3,area_weighted,
2022-07-10,KARNATAKA,Hassan,5848,ARSIKERE,218257,GEEJIHALLI,4.2756736629737855,5,area_weighted,
2022-07-10,KARNATAKA,Hassan,5848,ARSIKERE,218258,HABBANAGHATTA,4.240393280982971,2,direct_grid,
2022-07-10,KARNATAKA,Hassan,5848,ARSIKERE,218259,HANDRALU,3.806046485900879,1,direct_grid,
2022-07-10,KARNATAKA,Hassan,5848,ARSIKERE,218260,HARNAHALLI,4.695545530830159,2,area_weighted,
2022-07-10,KARNATAKA,Hassan,5848,ARSIKERE,218261,HEGGATTA,3.1216172351225984,5,area_weighted,
2022-07-10,KARNATAKA,Hassan,5848,ARSIKERE,218262,HIRIYUR,3.314619541168213,1,direct_grid,
2022-07-10,KARNATAKA,Hassan,5848,ARSIKERE,218263,JAJUR,3.506645523196884,5,area_weighted,
2022-07-10,KARNATAKA,Hassan,5848,ARSIKERE,218264,JAVAGAL,4.576665878295898,1,direct_grid,
2022-07-10,KARNATAKA,Hassan,5848,ARSIKERE,218265,JAYACHAMARAJAPURA,2.8751306533813477,1,direct_grid,
2022-07-10,KARNATAKA,Hassan,5848,ARSIKERE,218266,KACHIGHATTA,3.4388039112091064,2,direct_grid,
2022-07-10,KARNATAKA,Hassan,5848,ARSIKERE,218267,KALLUGUNDI,3.106486439704895,2,direct_grid,
2022-07-10,KARNATAKA,Hassan,5848,ARSIKERE,218268,KALYADI,4.180176138877869,2,direct_grid,
2022-07-10,KARNATAKA,Hassan,5848,ARSIKERE,218269,KAMASAMUDRA,2.8595471960145846,7,area_weighted,
2022-07-10,KARNATAKA,Hassan,5848,ARSIKERE,218270,KANAKATTE,2.8914644718170166,1,direct_grid,
2022-07-10,KARNATAKA,Hassan,5848,ARSIKERE,218271,KARAGUNDA,4.656093597412109,1,direct_grid,
2022-07-10,KARNATAKA,Hassan,5848,ARSIKERE,218272,KENKERE,2.9578084296161786,4,area_weighted,
2022-07-10,KARNATAKA,Hassan,5848,ARSIKERE,218273,KOLAGUNDA,3.711139440536499,1,direct_grid,
2022-07-10,KARNATAKA,Hassan,5848,ARSIKERE,218274,KONDENALU,2.9070749282836914,1,direct_grid,
2022-07-10,KARNATAKA,Hassan,5848,ARSIKERE,218275,KURUVANKA,3.2693989276885986,1,direct_grid,
2022-07-10,KARNATAKA,Hassan,5848,ARSIKERE,218276,LALANAKERE,3.0080339908599854,1,direct_grid,
2022-07-10,KARNATAKA,Hassan,5848,ARSIKERE,218277,MADALU,2.9553492710231257,4,area_weighted,
2022-07-10,KARNATAKA,Hassan,5848,ARSIKERE,218278,MUDUDI,3.357017755508423,1,direct_grid,
2022-07-10,KARNATAKA,Hassan,5848,ARSIKERE,218279,MURUNDI,3.6762514114379883,1,direct_grid,
2022-07-10,KARNATAKA,Hassan,5848,ARSIKERE,218280,NARASIPURA,2.986976146697998,2,direct_grid,
2022-07-10,KARNATAKA,Hassan,5848,ARSIKERE,218281,NERLIGE,4.2002410888671875,1,direct_grid,
2022-07-10,KARNATAKA,Hassan,5848,ARSIKERE,218282,PURALEHALLI,3.332895517349243,2,direct_grid,
2022-07-10,KARNATAKA,Hassan,5848,ARSIKERE,218283,RAMPURA,2.8761565685272217,1,direct_grid,
2022-07-10,KARNATAKA,Hassan,5848,ARSIKERE,218284,RANGAPURA,3.464528316323466,8,area_weighted,
2022-07-10,KARNATAKA,Hassan,5848,ARSIKERE,218285,SHANEGERE,3.3106696605682373,2,direct_grid,
2022-07-10,KARNATAKA,Hassan,5848,ARSIKERE,218286,SHANKARANAHALLI,2.960336208343506,1,direct_grid,
2022-07-10,KARNATAKA,Hassan,5848,ARSIKERE,218287,THALALUR,4.081119653408276,8,area_weighted,
2022-07-10,KARNATAKA,Hassan,5848,ARSIKERE,218288,UNDIGANALU,4.566676447108416,4,area_weighted,
2022-07-10,KARNATAKA,Hassan,5848,ARSIKERE,218289,YADAVANAHALLI,3.1794049739837646,1,direct_grid,
2022-07-10,KARNATAKA,Hassan,5849,BELUR,218290,ADAGOORU,3.7478597697021607,4,area_weighted,
2022-07-10,KARNATAKA,Hassan,5849,BELUR,218291,ANDALE,4.094391822814941,1,direct_grid,
2022-07-10,KARNATAKA,Hassan,5849,BELUR,218292,ANUGHATTA,3.806591749191284,1,direct_grid,
2022-07-10,KARNATAKA,Hassan,5849,BELUR,218293,AREHALLI,3.52471923828125,1,direct_grid,
2022-07-10,KARNATAKA,Hassan,5849,BELUR,218294,BANTENAHALLI,4.540422339585978,4,area_weighted,
2022-07-10,KARNATAKA,Hassan,5849,BELUR,218295,BICHODU,3.9353027916054457,4,area_weighted,
2022-07-10,KARNATAKA,Hassan,5849,BELUR,218296,CHATCHATNAHALLI,6.38519811630249,1,direct_grid,
2022-07-10,KARNATAKA,Hassan,5849,BELUR,218297,CHEEKANAHALLI,2.921529769897461,1,direct_grid,
2022-07-10,KARNATAKA,Hassan,5849,BELUR,218298,CHIKKAMEDUR,4.374602823244971,4,area_weighted,
2022-07-10,KARNATAKA,Hassan,5849,BELUR,218299,DABBE,4.018470764160156,1,direct_grid,
2022-07-10,KARNATAKA,Hassan,5849,BELUR,218300,GANGUR,4.468930602073669,2,direct_grid,
2022-07-10,KARNATAKA,Hassan,5849,BELUR,218301,GHATTADAHALLI,4.95193886756897,2,direct_grid,
2022-07-10,KARNATAKA,Hassan,5849,BELUR,218302,GONISOMENAHALLI,4.845217704772949,1,direct_grid,
2022-07-10,KARNATAKA,Hassan,5849,BELUR,218303,HAGARE,3.722669423449693,6,area_weighted,
2022-07-10,KARNATAKA,Hassan,5849,BELUR,218304,HALEBEEDU,5.02930285906237,4,area_weighted,
2022-07-10,KARNATAKA,Hassan,5849,BELUR,218305,HANIKE,5.561309337615967,1,direct_grid,
2022-07-10,KARNATAKA,Hassan,5849,BELUR,218306,HEBBALU,4.63789176940918,1,direct_grid,
2022-07-10,KARNATAKA,Hassan,5849,BELUR,218307,HULUGUNDI,3.801445722579956,1,direct_grid,
2022-07-10,KARNATAKA,Hassan,5849,BELUR,218308,HUNUGANAHALLI,3.0265450477600098,1,direct_grid,
2022-07-10,KARNATAKA,Hassan,5849,BELUR,218309,IBBEDU,4.252923488616943,1,direct_grid,
2022-07-10,KARNATAKA,Hassan,5849,BELUR,218310,KALLERI,3.227778434753418,1,direct_grid,
2022-07-10,KARNATAKA,Hassan,5849,BELUR,218311,KESAGODU,3.583019495010376,1,direct_grid,
2022-07-10,KARNATAKA,Hassan,5849,BELUR,218312,KODIHALLI,5.1105588341913855,4,area_weighted,
2022-07-10,KARNATAKA,Hassan,5849,BELUR,218313,KOGILAMANE,4.0390191078186035,1,direct_grid,
2022-07-10,KARNATAKA,Hassan,5849,BELUR,218314,KUSHAVARA,4.199514389038086,1,direct_grid,
2022-07-10,KARNATAKA,Hassan,5849,BELUR,218315,LAKKUNDA,3.7893269062042236,1,direct_grid,
2022-07-10,KARNATAKA,Hassan,5849,BELUR,218316,MADAGHATTA,3.1523163318634033,1,direct_grid,
2022-07-10,KARNATAKA,Hassan,5849,BELUR,218317,MALASAVARA,2.756855010986328,1,direct_grid,
2022-07-10,KARNATAKA,Hassan,5849,BELUR,218318,NARAYANAPURA,5.401174545288086,1,direct_grid,
2022-07-10,KARNATAKA,Hassan,5849,BELUR,218319,NARVEPETE,3.205312728881836,1,direct_grid,
2022-07-10,KARNATAKA,Hassan,5849,BELUR,218320,RAJANASIRIYUR,5.840139865875244,1,direct_grid,
2022-07-10,KARNATAKA,Hassan,5849,BELUR,218321,SANYASIHALLI,4.357898235321045,1,direct_grid,
2022-07-10,KARNATAKA,Hassan,5849,BELUR,218322,SAVASIHALLI,3.792169213294983,2,direct_grid,
2022-07-10,KARNATAKA,Hassan,5849,BELUR,218323,THOLALU,4.028909134985076,5,area_weighted,
2022-07-10,KARNATAKA,Hassan,5849,BELUR,218324,THUMBUDEVANAHALLI,3.09557181984012,4,area_weighted,
2022-07-10,KARNATAKA,Hassan,5849,BELUR,218325,YALAHANKA,4.668362617492676,1,direct_grid,
2022-07-10,KARNATAKA,Hassan,5849,BELUR,218326,YAMASANDI,4.494540452957153,2,direct_grid,
2022-07-10,KARNATAKA,Hassan,5850,CHANNARAYAPATNA,218327,AKKANAHALLI,1.2794104218482971,2,direct_grid,
2022-07-10,KARNATAKA,Hassan,5850,CHANNARAYAPATNA,218328,ANATHI,2.7643731832504272,2,direct_grid,
2022-07-10,KARNATAKA,Hassan,5850,CHANNARAYAPATNA,218329,ANEKERE,2.1334941597077757,4,area_weighted,
2022-07-10,KARNATAKA,Hassan,5850,CHANNARAYAPATNA,218330,BAGUR,1.5876918118561605,5,area_weighted,
2022-07-10,KARNATAKA,Hassan,5850,CHANNARAYAPATNA,218331,BALADARE,1.7080260515213013,1,direct_grid,
2022-07-10,KARNATAKA,Hassan,5850,CHANNARAYAPATNA,218332,BALAGANCHI,1.5751878023147583,1,direct_grid,
2022-07-10,KARNATAKA,Hassan,5850,CHANNARAYAPATNA,218333,BARAGUR,1.6020534038543701,1,direct_grid,
2022-07-10,KARNATAKA,Hassan,5850,CHANNARAYAPATNA,218334,BEKKA,1.635727453523272,2,area_weighted,
2022-07-10,KARNATAKA,Hassan,5850,CHANNARAYAPATNA,218335,BELAGIHALLLI,1.2866936249703165,6,area_weighted,
2022-07-10,KARNATAKA,Hassan,5850,CHANNARAYAPATNA,218336,BYADARAHALLI,1.6956534162060866,5,area_weighted,
2022-07-10,KARNATAKA,Hassan,5850,CHANNARAYAPATNA,218337,D.KALENAHALLI,2.003819318551098,3,area_weighted,
2022-07-10,KARNATAKA,Hassan,5850,CHANNARAYAPATNA,218339,DIDAGA,2.1088204383850098,1,direct_grid,
2022-07-10,KARNATAKA,Hassan,5850,CHANNARAYAPATNA,218340,DINDAGUR,1.6132936174953691,4,area_weighted,
2022-07-10,KARNATAKA,Hassan,5850,CHANNARAYAPATNA,218341,GOWDAGERE,1.5655837059020996,2,direct_grid,
2022-07-10,KARNATAKA,Hassan,5850,CHANNARAYAPATNA,218342,GULASINDA,1.4999877214431763,1,direct_grid,
2022-07-10,KARNATAKA,Hassan,5850,CHANNARAYAPATNA,218343,HIRISAVE,1.5035011768341064,2,direct_grid,
2022-07-10,KARNATAKA,Hassan,5850,CHANNARAYAPATNA,218344,JAMBUR,1.1438218355178833,1,direct_grid,
2022-07-10,KARNATAKA,Hassan,5850,CHANNARAYAPATNA,218345,JANIVARA,1.9218713900316142,2,area_weighted,
2022-07-10,KARNATAKA,Hassan,5850,CHANNARAYAPATNA,218346,JINNENAHALLI,1.2994287014007568,1,direct_grid,
2022-07-10,KARNATAKA,Hassan,5850,CHANNARAYAPATNA,218347,JUTTANAHALLI,1.87401180796637,3,area_weighted,
2022-07-10,KARNATAKA,Hassan,5850,CHANNARAYAPATNA,218348,KABBALI,1.993432879447937,1,direct_grid,
2022-07-10,KARNATAKA,Hassan,5850,CHANNARAYAPATNA,218349,KALKERE,1.2696417570114136,2,direct_grid,
2022-07-10,KARNATAKA,Hassan,5850,CHANNARAYAPATNA,218351,KAREHALLI,2.611369254186039,2,area_weighted,
2022-07-10,KARNATAKA,Hassan,5850,CHANNARAYAPATNA,218352,KEMBALU,2.7104272842407227,1,direct_grid,
2022-07-10,KARNATAKA,Hassan,5850,CHANNARAYAPATNA,218353,KUMBENAHALLI,2.2240843772888184,1,area_weighted,
2022-07-10,KARNATAKA,Hassan,5850,CHANNARAYAPATNA,218354,KUNDUR,1.2681348323822021,2,direct_grid,
2022-07-10,KARNATAKA,Hassan,5850,CHANNARAYAPATNA,218355,M.SHIVARA,2.248090982437134,1,direct_grid,
2022-07-10,KARNATAKA,Hassan,5850,CHANNARAYAPATNA,218356,MATHIGATTA,1.908576250076294,1,direct_grid,
2022-07-10,KARNATAKA,Hassan,5850,CHANNARAYAPATNA,218357,MATTANAVILE,0.9233345985412598,1,direct_grid,
2022-07-10,KARNATAKA,Hassan,5850,CHANNARAYAPATNA,218358,NALLUR,2.2240843772888184,1,area_weighted,
2022-07-10,KARNATAKA,Hassan,5850,CHANNARAYAPATNA,218359,NAVILE,2.5476856231689453,1,direct_grid,
2022-07-10,KARNATAKA,Hassan,5850,CHANNARAYAPATNA,218360,NORANAKKI,2.3157501220703125,2,direct_grid,
2022-07-10,KARNATAKA,Hassan,5850,CHANNARAYAPATNA,218361,NUGGEHALLI,2.069241523742676,1,direct_grid,
2022-07-10,KARNATAKA,Hassan,5850,CHANNARAYAPATNA,218362,S.SHIVARA,1.9188974540777677,5,area_weighted,
2022-07-10,KARNATAKA,Hassan,5850,CHANNARAYAPATNA,218363,SATHENAHALLI,2.336421012878418,2,direct_grid,
2022-07-10,KARNATAKA,Hassan,5850,CHANNARAYAPATNA,218364,SRAVANABELAGOLA,1.3816916942596436,1,area_weighted,
2022-07-10,KARNATAKA,Hassan,5850,CHANNARAYAPATNA,218365,SUNDAHALLI,1.3816916942596436,1,area_weighted,
2022-07-10,KARNATAKA,Hassan,5850,CHANNARAYAPATNA,218366,TAGADUR,2.052750511486362,5,area_weighted,
2022-07-10,KARNATAKA,Hassan,5851,HASSAN,218367,A.HOSAHALLI,3.0711662769317627,1,direct_grid,
2022-07-10,KARNATAKA,Hassan,5851,HASSAN,218368,AMBUGA,2.186416355553233,4,area_weighted,
2022-07-10,KARNATAKA,Hassan,5851,HASSAN,218369,ANKAPURA,2.4769763616722513,4,area_weighted,
2022-07-10,KARNATAKA,Hassan,5851,HASSAN,218370,B.KATIHALLI,1.9691510771602283,6,area_weighted,
2022-07-10,KARNATAKA,Hassan,5851,HASSAN,218371,BASAVAGATTA,3.103794813156128,1,direct_grid,
2022-07-10,KARNATAKA,Hassan,5851,HASSAN,218372,BOOVANAHALLI,1.1861530542373657,1,direct_grid,
2022-07-10,KARNATAKA,Hassan,5851,HASSAN,218373,BYLAHALLI,2.4963135719299316,1,direct_grid,
2022-07-10,KARNATAKA,Hassan,5851,HASSAN,218374,CHANNANGIHALLI,2.708062171936035,1,direct_grid,
2022-07-10,KARNATAKA,Hassan,5851,HASSAN,218375,DODDAGENIGERE,1.1968638896942139,1,direct_grid,
2022-07-10,KARNATAKA,Hassan,5851,HASSAN,218376,DUDDA,2.6697865690195886,6,area_weighted,
2022-07-10,KARNATAKA,Hassan,5851,HASSAN,274156,GADENAHALLI,1.3425259006201278,4,area_weighted,
2022-07-10,KARNATAKA,Hassan,5851,HASSAN,218379,HANUMANTHAPURA,1.8240385055541992,1,direct_grid,
2022-07-10,KARNATAKA,Hassan,5851,HASSAN,218380,HARALAHALLI,2.209735995287201,3,area_weighted,
2022-07-10,KARNATAKA,Hassan,5851,HASSAN,218381,HERAGU,2.4886229038238525,1,direct_grid,
2022-07-10,KARNATAKA,Hassan,5851,HASSAN,218382,HONNAVARA,2.9375433921813965,1,direct_grid,
2022-07-10,KARNATAKA,Hassan,5851,HASSAN,218383,HUVINAHALLI KAVAL,2.541654109954834,1,direct_grid,
2022-07-10,KARNATAKA,Hassan,5851,HASSAN,218384,JAGARAVALLI,1.810332179069519,1,direct_grid,
2022-07-10,KARNATAKA,Hassan,5851,HASSAN,218385,KABBALI,2.6836564540863037,2,direct_grid,
2022-07-10,KARNATAKA,Hassan,5851,HASSAN,218386,KANDALI,1.7785724401474,1,direct_grid,
2022-07-10,KARNATAKA,Hassan,5851,HASSAN,218387,KARLE,2.5050350373831463,2,area_weighted,
2022-07-10,KARNATAKA,Hassan,5851,HASSAN,218388,KATTAYA,2.7470157146453857,1,direct_grid,
2022-07-10,KARNATAKA,Hassan,5851,HASSAN,218389,KORAVANGALA,2.4111104011535645,1,direct_grid,
2022-07-10,KARNATAKA,Hassan,5851,HASSAN,218390,KOWSIKA,1.7788463830947876,1,direct_grid,
2022-07-10,KARNATAKA,Hassan,5851,HASSAN,218391,KUDURAGUNDI,3.0646005166556525,4,area_weighted,
2022-07-10,KARNATAKA,Hassan,5851,HASSAN,218392,MADENUR,1.295393466949463,1,direct_grid,
2022-07-10,KARNATAKA,Hassan,5851,HASSAN,218378,MANACANAHALLI,1.1646177768707275,1,direct_grid,
2022-07-10,KARNATAKA,Hassan,5851,HASSAN,218393,MARKULI,2.6126651763916016,1,direct_grid,
2022-07-10,KARNATAKA,Hassan,5851,HASSAN,218394,MELAGODU,2.2597705762542173,7,area_weighted,
2022-07-10,KARNATAKA,Hassan,5851,HASSAN,218395,MOSALEHOSAHALLI,2.6686301231384277,1,direct_grid,
2022-07-10,KARNATAKA,Hassan,5851,HASSAN,218396,NITTUR,3.1324141025543213,1,direct_grid,
2022-07-10,KARNATAKA,Hassan,5851,HASSAN,218397,SALAGAME,2.8621921671805923,6,area_weighted,
2022-07-10,KARNATAKA,Hassan,5851,HASSAN,218398,SATHYAMANGALA,1.3704843050881166,4,area_weighted,
2022-07-10,KARNATAKA,Hassan,5851,HASSAN,218399,SEEGE,3.220942974090576,3,direct_grid,
2022-07-10,KARNATAKA,Hassan,5851,HASSAN,218400,SHANKARANAHALLI,2.216386996735934,8,area_weighted,
2022-07-10,KARNATAKA,Hassan,5851,HASSAN,218401,SHANTIGRAMA,1.7740296125411987,1,direct_grid,
2022-07-10,KARNATAKA,Hassan,5851,HASSAN,218402,SHETTIHALLI,2.7101550013034745,2,area_weighted,
2022-07-10,KARNATAKA,Hassan,5851,HASSAN,218403,TEJUR,2.5077548027038574,1,direct_grid,
2022-07-10,KARNATAKA,Hassan,5851,HASSAN,218404,THATTEKERE,1.4112802457831064,4,area_weighted,
2022-07-10,KARNATAKA,Hassan,5851,HASSAN,218405,UGANE,3.3972275257110596,1,direct_grid,
2022-07-10,KARNATAKA,Hassan,5851,HASSAN,218406,YALAGUNDA,3.629922866821289,1,direct_grid,
2022-07-10,KARNATAKA,Hassan,5852,HOLENARSIPUR,218413,DODDAKUNCHE,2.6084232330322266,1,direct_grid,
2022-07-10,KARNATAKA,Hassan,5852,HOLENARSIPUR,218414,HALEKOTE,2.6126651763916016,1,area_weighted,
2022-07-10,KARNATAKA,Hassan,5852,HOLENARSIPUR,218416,HANGARAHALLI,2.622497581957434,2,area_weighted,
2022-07-10,KARNATAKA,Hassan,5852,HOLENARSIPUR,218417,HARIHARAPURA,2.6099039003454814,2,area_weighted,
2022-07-10,KARNATAKA,Hassan,5852,HOLENARSIPUR,218418,ICHANAHALLI,2.5289646424125687,2,area_weighted,
2022-07-10,KARNATAKA,Hassan,5852,HOLENARSIPUR,218421,KODIHALLI,2.4074158668518066,1,area_weighted,
2022-07-10,KARNATAKA,Hassan,5852,HOLENARSIPUR,218423,MALALI,2.436540900672941,4,area_weighted,
2022-07-10,KARNATAKA,Hassan,5852,HOLENARSIPUR,218431,SRAVANUR,2.4074158668518066,1,area_weighted,
2022-07-10,KARNATAKA,Hassan,5853,SAKALESHPUR,218433,ANEMAHAL,6.290064436303923,4,area_weighted,
2022-07-10,KARNATAKA,Hassan,5853,SAKALESHPUR,218434,BAGE,4.179676532745361,1,direct_grid,
2022-07-10,KARNATAKA,Hassan,5853,SAKALESHPUR,218435,BALLU,3.570240020751953,1,direct_grid,
2022-07-10,KARNATAKA,Hassan,5853,SAKALESHPUR,218436,BELAGODU,3.3749542236328125,1,direct_grid,
2022-07-10,KARNATAKA,Hassan,5853,SAKALESHPUR,218437,BIRADAHALLI,3.4378840923309326,1,direct_grid,
2022-07-10,KARNATAKA,Hassan,5853,SAKALESHPUR,218438,BYAKARAVALLI,7.149331092834473,1,direct_grid,
2022-07-10,KARNATAKA,Hassan,5853,SAKALESHPUR,218440,DEVALADAKERE,16.491990566253662,4,direct_grid,
2022-07-10,KARNATAKA,Hassan,5853,SAKALESHPUR,218441,HALASULIGE,4.517316818237305,1,direct_grid,
2022-07-10,KARNATAKA,Hassan,5853,SAKALESHPUR,218442,HANBAL,7.008228302001953,1,direct_grid,
2022-07-10,KARNATAKA,Hassan,5853,SAKALESHPUR,218443,HEBBASALE,4.528249263763428,1,direct_grid,
2022-07-10,KARNATAKA,Hassan,5853,SAKALESHPUR,218444,HEGGADDE,15.633903980255127,2,direct_grid,
2022-07-10,KARNATAKA,Hassan,5853,SAKALESHPUR,218449,KUNIGANAHALLI,6.280758380889893,1,direct_grid,
2022-07-10,KARNATAKA,Hassan,5853,SAKALESHPUR,218450,KURUBATHUR,7.149331092834473,1,area_weighted,
2022-07-10,KARNATAKA,Hassan,5853,SAKALESHPUR,218451,KYAMANAHALLI,8.840842247009277,1,direct_grid,
2022-07-10,KARNATAKA,Hassan,5853,SAKALESHPUR,218452,KYANAHALLI,7.959485054016113,1,direct_grid,
2022-07-10,KARNATAKA,Hassan,5853,SAKALESHPUR,218453,MALALI,6.256133492228684,7,area_weighted,
2022-07-10,KARNATAKA,Hassan,5853,SAKALESHPUR,218455,UDEVARA,3.4899695042503787,4,area_weighted,
2022-07-10,KARNATAKA,Haveri,5854,BYADGI,218459,BANNIHATTI,1.8086115705252261,4,area_weighted,
2022-07-10,KARNATAKA,Haveri,5854,BYADGI,218460,BISALAHALLI,1.8143528699874878,1,direct_grid,
2022-07-10,KARNATAKA,Haveri,5854,BYADGI,218461,BUDAPANAHALLI,1.906334638595581,1,direct_grid,
2022-07-10,KARNATAKA,Haveri,5854,BYADGI,218462,CHIKKABASUR,1.029645562171936,1,direct_grid,
2022-07-10,KARNATAKA,Haveri,5854,BYADGI,218463,GHALAPOOJI,0.73341535995432,4,area_weighted,
2022-07-10,KARNATAKA,Haveri,5854,BYADGI,218464,GUNDENAHALLI,2.287705898284912,1,direct_grid,
2022-07-10,KARNATAKA,Haveri,5854,BYADGI,218465,HEDIKONDA,1.6909724473953247,1,direct_grid,
2022-07-10,KARNATAKA,Haveri,5854,BYADGI,218466,HIREANAJI,1.0585752725601196,1,direct_grid,
2022-07-10,KARNATAKA,Haveri,5854,BYADGI,218467,HIREHALLI,1.3175621032714844,1,direct_grid,
2022-07-10,KARNATAKA,Haveri,5854,BYADGI,218468,KADARAMANDALAGI,1.9362740516662598,1,direct_grid,
2022-07-10,KARNATAKA,Haveri,5854,BYADGI,218469,KAGINELE,1.4520719051361084,1,direct_grid,
2022-07-10,KARNATAKA,Haveri,5854,BYADGI,218470,KALLEDEVARA,2.229724645614624,1,direct_grid,
2022-07-10,KARNATAKA,Haveri,5854,BYADGI,218471,KERAVADI,1.529525637626648,1,direct_grid,
2022-07-10,KARNATAKA,Haveri,5854,BYADGI,218472,KUMMUR,1.3723907576860133,5,area_weighted,
2022-07-10,KARNATAKA,Haveri,5854,BYADGI,218473,MALLUR,1.870976448059082,1,direct_grid,
2022-07-10,KARNATAKA,Haveri,5854,BYADGI,218474,MASANAGI,1.7528754971531066,4,area_weighted,
2022-07-10,KARNATAKA,Haveri,5854,BYADGI,272991,MATTURA,1.1955933036974058,4,area_weighted,
2022-07-10,KARNATAKA,Haveri,5854,BYADGI,218475,MOTEBENNUR,2.0922205448150635,1,direct_grid,
2022-07-10,KARNATAKA,Haveri,5854,BYADGI,218476,SHIDENUR,1.7240103483200073,1,direct_grid,
2022-07-10,KARNATAKA,Haveri,5854,BYADGI,218477,SUDAMBI,0.7684425429547669,3,area_weighted,
2022-07-10,KARNATAKA,Haveri,5854,BYADGI,218478,TADASA,1.3898698933799725,4,area_weighted,
2022-07-10,KARNATAKA,Haveri,5855,HANAGAL,218479,ADUR,1.2643572087965218,2,area_weighted,
2022-07-10,KARNATAKA,Haveri,5855,HANAGAL,218480,AKKIALUR,1.4716406671446438,4,area_weighted,
2022-07-10,KARNATAKA,Haveri,5855,HANAGAL,272992,ALADAKATTI,2.0016372203826904,1,direct_grid,
2022-07-10,KARNATAKA,Haveri,5855,HANAGAL,218481,ARALESWARA,1.5716110394215796,4,area_weighted,
2022-07-10,KARNATAKA,Haveri,5855,HANAGAL,218482,BAICHAVALLI,1.945314884185791,1,direct_grid,
2022-07-10,KARNATAKA,Haveri,5855,HANAGAL,218483,BALABEEDA,1.2964107944891445,4,area_weighted,
2022-07-10,KARNATAKA,Haveri,5855,HANAGAL,218484,BAMMANAHALLI,1.8660026540236503,4,area_weighted,
2022-07-10,KARNATAKA,Haveri,5855,HANAGAL,218485,BELAGALAPETE,1.8774626712155327,4,area_weighted,
2022-07-10,KARNATAKA,Haveri,5855,HANAGAL,218486,CHIKKANSHIHOSUR,1.6776715929971078,5,area_weighted,
2022-07-10,KARNATAKA,Haveri,5855,HANAGAL,272993,DOLLESHWAR,1.4706916809082031,1,direct_grid,
2022-07-10,KARNATAKA,Haveri,5855,HANAGAL,218487,GEJJEHALLI,1.5947427689279112,4,area_weighted,
2022-07-10,KARNATAKA,Haveri,5855,HANAGAL,218488,GONDI,1.3628149032592773,1,direct_grid,
2022-07-10,KARNATAKA,Haveri,5855,HANAGAL,218489,HAVANAGI,1.09453547000885,1,direct_grid,
2022-07-10,KARNATAKA,Haveri,5855,HANAGAL,218490,HERUR,0.8171872940610079,4,area_weighted,
2022-07-10,KARNATAKA,Haveri,5855,HANAGAL,218491,HIREHULLALA,0.6976321339607239,1,direct_grid,
2022-07-10,KARNATAKA,Haveri,5855,HANAGAL,218492,HIREKANAGI,2.1044836044311523,1,direct_grid,
2022-07-10,KARNATAKA,Haveri,5855,HANAGAL,218493,HIRUR,1.7935909032821655,1,direct_grid,
2022-07-10,KARNATAKA,Haveri,5855,HANAGAL,218494,HONKANA,1.0516109466552734,1,direct_grid,
2022-07-10,KARNATAKA,Haveri,5855,HANAGAL,218495,HULLATTI,1.8322314620018005,2,direct_grid,
2022-07-10,KARNATAKA,Haveri,5855,HANAGAL,218496,KALAVARKOPPA,0.7093090415000916,1,direct_grid,
2022-07-10,KARNATAKA,Haveri,5855,HANAGAL,218497,KALLAPURA,1.5338388681411743,1,direct_grid,
2022-07-10,KARNATAKA,Haveri,5855,HANAGAL,218498,KANCHINEGALUR,1.79025137424469,1,direct_grid,
2022-07-10,KARNATAKA,Haveri,5855,HANAGAL,218499,KARGUDARI,1.8668286800384521,1,direct_grid,
2022-07-10,KARNATAKA,Haveri,5855,HANAGAL,218500,KIRAWADI,0.6937492602076163,4,area_weighted,
2022-07-10,KARNATAKA,Haveri,5855,HANAGAL,218501,KOODALA,2.148686408996582,1,direct_grid,
2022-07-10,KARNATAKA,Haveri,5855,HANAGAL,218502,KOOSANUR,0.8339570760726929,1,direct_grid,
2022-07-10,KARNATAKA,Haveri,5855,HANAGAL,218503,KOPPARASIKOPPA,1.9189507876607492,4,area_weighted,
2022-07-10,KARNATAKA,Haveri,5855,HANAGAL,218504,MALGUND,1.23586106300354,1,direct_grid,
2022-07-10,KARNATAKA,Haveri,5855,HANAGAL,218505,MANTHAGI,1.7929483652114868,1,direct_grid,
2022-07-10,KARNATAKA,Haveri,5855,HANAGAL,218506,MARANABEEDA,2.300001382827759,1,direct_grid,
2022-07-10,KARNATAKA,Haveri,5855,HANAGAL,218507,MASANAKATTI,2.3175249990352986,4,area_weighted,
2022-07-10,KARNATAKA,Haveri,5855,HANAGAL,218508,NAREGAL,1.8217546939849854,1,direct_grid,
2022-07-10,KARNATAKA,Haveri,5855,HANAGAL,218509,SAMMASAGI,1.9959930181503296,1,direct_grid,
2022-07-10,KARNATAKA,Haveri,5855,HANAGAL,218510,SANWASAGI,1.8414802551269531,1,direct_grid,
2022-07-10,KARNATAKA,Haveri,5855,HANAGAL,218511,SEEGEHALLISINGAPURPLOT,1.7200744152069092,1,direct_grid,
2022-07-10,KARNATAKA,Haveri,5855,HANAGAL,218512,SHIRAGODA,1.5944416927304603,4,area_weighted,
2022-07-10,KARNATAKA,Haveri,5855,HANAGAL,218513,SHYADAGUPPI,1.2251007116432715,4,area_weighted,
2022-07-10,KARNATAKA,Haveri,5855,HANAGAL,218514,SOMASAGARA,1.072180964659688,3,area_weighted,
2022-07-10,KARNATAKA,Haveri,5855,HANAGAL,218515,SURALESWARA,1.5099626996290234,3,area_weighted,
2022-07-10,KARNATAKA,Haveri,5855,HANAGAL,218516,TILAVALLI,0.679096209843336,4,area_weighted,
2022-07-10,KARNATAKA,Haveri,5855,HANAGAL,218517,UPPUNASI,1.1875767707824707,1,direct_grid,
2022-07-10,KARNATAKA,Haveri,5855,HANAGAL,218518,YALAVATTI,1.897758077077428,7,area_weighted,
2022-07-10,KARNATAKA,Haveri,5856,HAVERI,218519,AGADI,1.9104087816947313,6,area_weighted,
2022-07-10,KARNATAKA,Haveri,5856,HAVERI,218520,ALADAKATTI,1.6990468716577851,4,area_weighted,
2022-07-10,KARNATAKA,Haveri,5856,HAVERI,218521,BASAPURA,1.8663465976715088,1,direct_grid,
2022-07-10,KARNATAKA,Haveri,5856,HAVERI,218522,BELAVIGI,1.8644420504570007,2,direct_grid,
2022-07-10,KARNATAKA,Haveri,5856,HAVERI,272994,BUDAGATTI,1.7350348319327142,4,area_weighted,
2022-07-10,KARNATAKA,Haveri,5856,HAVERI,218523,DEVAGIRI,2.0747877467765514,5,area_weighted,
2022-07-10,KARNATAKA,Haveri,5856,HAVERI,218524,DEVIHOSUR,1.8969029188156128,1,direct_grid,
2022-07-10,KARNATAKA,Haveri,5856,HAVERI,218526,HALAGI,1.7343246936798096,1,direct_grid,
2022-07-10,KARNATAKA,Haveri,5856,HAVERI,218527,HANDIGANUR,1.1596227068932163,4,area_weighted,
2022-07-10,KARNATAKA,Haveri,5856,HAVERI,218528,HANVASI,1.9193267444041178,4,area_weighted,
2022-07-10,KARNATAKA,Haveri,5856,HAVERI,218529,HAVANUR,1.8837713740937063,4,area_weighted,
2022-07-10,KARNATAKA,Haveri,5856,HAVERI,218530,HOMBARADI,2.0483803749084473,1,direct_grid,
2022-07-10,KARNATAKA,Haveri,5856,HAVERI,272995,HOSAKITTURA,1.587453572712721,4,area_weighted,
2022-07-10,KARNATAKA,Haveri,5856,HAVERI,218531,HOSARITTI,1.718084692955017,2,direct_grid,
2022-07-10,KARNATAKA,Haveri,5856,HAVERI,218532,KABBUR,1.466551423072815,1,direct_grid,
2022-07-10,KARNATAKA,Haveri,5856,HAVERI,218533,KALLIHALA,1.9832555055618286,1,direct_grid,
2022-07-10,KARNATAKA,Haveri,5856,HAVERI,218534,KANAKAPURA,1.770464301109314,1,direct_grid,
2022-07-10,KARNATAKA,Haveri,5856,HAVERI,218535,KANAVALLI,1.9645859003067017,1,direct_grid,
2022-07-10,KARNATAKA,Haveri,5856,HAVERI,218536,KANCHARAGATTI,1.9428954124450684,1,direct_grid,
2022-07-10,KARNATAKA,Haveri,5856,HAVERI,218537,KARJAGI,1.9169621467590332,1,direct_grid,
2022-07-10,KARNATAKA,Haveri,5856,HAVERI,218538,KATENAHALLI,1.9270002841949463,1,direct_grid,
2022-07-10,KARNATAKA,Haveri,5856,HAVERI,218539,KOLUR,2.0626583099365234,1,direct_grid,
2022-07-10,KARNATAKA,Haveri,5856,HAVERI,218540,KONANATAMBIGI,1.2875865697860718,1,direct_grid,
2022-07-10,KARNATAKA,Haveri,5856,HAVERI,218541,KULENUR,1.0929948091506958,1,direct_grid,
2022-07-10,KARNATAKA,Haveri,5856,HAVERI,218542,KURGUNDA,1.9851435422897339,1,direct_grid,
2022-07-10,KARNATAKA,Haveri,5856,HAVERI,218543,KURUBAGONDA,1.608075704932609,4,area_weighted,
2022-07-10,KARNATAKA,Haveri,5856,HAVERI,218544,MAROLA,1.8278404502661938,4,area_weighted,
2022-07-10,KARNATAKA,Haveri,5856,HAVERI,218545,MEUNDI,1.9788132905960083,1,direct_grid,
2022-07-10,KARNATAKA,Haveri,5856,HAVERI,218546,NAGANUR,2.1093480587005615,1,direct_grid,
2022-07-10,KARNATAKA,Haveri,5856,HAVERI,218547,NEGALUR,1.809488296508789,1,direct_grid,
2022-07-10,KARNATAKA,Haveri,5856,HAVERI,272996,NELOGALL,1.921727537190282,3,area_weighted,
2022-07-10,KARNATAKA,Haveri,5856,HAVERI,218548,SANGUR,1.235635775517279,3,area_weighted,
2022-07-10,KARNATAKA,Haveri,5856,HAVERI,218549,YALAGACHA,1.5890750885009766,1,direct_grid,
2022-07-10,KARNATAKA,Haveri,5857,HIREKERUR,218550,ABALUR,0.9275201476281398,4,area_weighted,
2022-07-10,KARNATAKA,Haveri,5857,HIREKERUR,218551,ALADAGERI,1.5213746032680364,6,area_weighted,
2022-07-10,KARNATAKA,Haveri,5857,HIREKERUR,218553,ARALIKATTI,1.5521678924560547,1,direct_grid,
2022-07-10,KARNATAKA,Haveri,5857,HIREKERUR,218554,BETAKERUR,0.46992650628089905,1,direct_grid,
2022-07-10,KARNATAKA,Haveri,5857,HIREKERUR,218555,BHOGAVI,1.090266227722168,1,direct_grid,
2022-07-10,KARNATAKA,Haveri,5857,HIREKERUR,218556,BURADIKATTI,0.9788556098937988,1,direct_grid,
2022-07-10,KARNATAKA,Haveri,5857,HIREKERUR,218557,CHANNALLI,1.417510228999123,7,area_weighted,
2022-07-10,KARNATAKA,Haveri,5857,HIREKERUR,218558,CHIKKERUR,0.34213959367213376,6,area_weighted,
2022-07-10,KARNATAKA,Haveri,5857,HIREKERUR,218559,CHIKKONATHI,0.4881426692008972,1,direct_grid,
2022-07-10,KARNATAKA,Haveri,5857,HIREKERUR,218560,CHINNAMULAGUNDA,1.3376727104187012,1,direct_grid,
2022-07-10,KARNATAKA,Haveri,5857,HIREKERUR,218562,HAMSABHAVI,0.8165132403373718,1,direct_grid,
2022-07-10,KARNATAKA,Haveri,5857,HIREKERUR,218567,KACHAVI,0.43362173438072205,1,direct_grid,
2022-07-10,KARNATAKA,Haveri,5857,HIREKERUR,218570,KODA,1.213124681445128,3,area_weighted,
2022-07-10,KARNATAKA,Haveri,5857,HIREKERUR,218573,MADLUR,0.7824733853340149,1,direct_grid,
2022-07-10,KARNATAKA,Haveri,5857,HIREKERUR,218579,NIDANEGILU,1.510574460029602,1,direct_grid,
2022-07-10,KARNATAKA,Haveri,5857,HIREKERUR,218581,SATENAHALI,0.7933784222239841,4,area_weighted,
2022-07-10,KARNATAKA,Haveri,5857,HIREKERUR,218583,SUTTKOTI,1.3723416328430176,1,direct_grid,
2022-07-10,KARNATAKA,Haveri,5857,HIREKERUR,218585,TAVARAGI,1.23939799124411,4,area_weighted,
2022-07-10,KARNATAKA,Haveri,5857,HIREKERUR,218586,YATTINAHALLIMK,0.7916466593742371,1,direct_grid,
2022-07-10,KARNATAKA,Haveri,5858,RANEBENNUR,218587,ANTARAVALLI,1.216869657760103,4,area_weighted,
2022-07-10,KARNATAKA,Haveri,5858,RANEBENNUR,218588,AREMALLAPURA,1.5706477165222168,1,direct_grid,
2022-07-10,KARNATAKA,Haveri,5858,RANEBENNUR,218589,ASUNDI,1.8056310415267944,1,direct_grid,
2022-07-10,KARNATAKA,Haveri,5858,RANEBENNUR,218590,BELUR,1.8391298420386317,3,area_weighted,
2022-07-10,KARNATAKA,Haveri,5858,RANEBENNUR,218591,BENAKANAKONDA,1.4923101516644006,4,area_weighted,
2022-07-10,KARNATAKA,Haveri,5858,RANEBENNUR,218592,BIILLALLI,1.4929652214050293,1,direct_grid,
2022-07-10,KARNATAKA,Haveri,5858,RANEBENNUR,218593,CHALAGERI,1.208723545074463,1,direct_grid,
2022-07-10,KARNATAKA,Haveri,5858,RANEBENNUR,218594,CHIKKAKURAVATTI,2.0172391064587596,4,area_weighted,
2022-07-10,KARNATAKA,Haveri,5858,RANEBENNUR,218595,GUDAGUR,1.8423683643341064,1,direct_grid,
2022-07-10,KARNATAKA,Haveri,5858,RANEBENNUR,272998,GUDDADANVERI,1.7147819995880127,1,direct_grid,
2022-07-10,KARNATAKA,Haveri,5858,RANEBENNUR,218596,GUUDAGUDDAPURA,1.8973045235142223,2,area_weighted,
2022-07-10,KARNATAKA,Haveri,5858,RANEBENNUR,218597,HALAGERI,1.381590723991394,1,direct_grid,
2022-07-10,KARNATAKA,Haveri,5858,RANEBENNUR,218598,HANUMAPURA,2.1688754558563232,1,direct_grid,
2022-07-10,KARNATAKA,Haveri,5858,RANEBENNUR,218599,HARANAGIRI,1.9454540014266968,2,direct_grid,
2022-07-10,KARNATAKA,Haveri,5858,RANEBENNUR,272999,HEDIYAL,1.6568340063095093,1,direct_grid,
2022-07-10,KARNATAKA,Haveri,5858,RANEBENNUR,218600,HIREBIDARI,1.455404281616211,1,direct_grid,
2022-07-10,KARNATAKA,Haveri,5858,RANEBENNUR,218601,HONNATTI,2.1259870529174805,1,direct_grid,
2022-07-10,KARNATAKA,Haveri,5858,RANEBENNUR,218602,IRANI,1.3075132369995117,1,direct_grid,
2022-07-10,KARNATAKA,Haveri,5858,RANEBENNUR,218603,ITAGI,1.2987395524978638,1,direct_grid,
2022-07-10,KARNATAKA,Haveri,5858,RANEBENNUR,218604,JOISARAHARALAHALLI,1.610746410284199,2,area_weighted,
2022-07-10,KARNATAKA,Haveri,5858,RANEBENNUR,218605,KAJJARI,1.8649581579576995,4,area_weighted,
2022-07-10,KARNATAKA,Haveri,5858,RANEBENNUR,218606,KAKOLA,1.9599391222000122,1,direct_grid,
2022-07-10,KARNATAKA,Haveri,5858,RANEBENNUR,218607,KAMADOD,1.4411460161209106,1,direct_grid,
2022-07-10,KARNATAKA,Haveri,5858,RANEBENNUR,218608,KARUR,1.348953366279602,1,direct_grid,
2022-07-10,KARNATAKA,Haveri,5858,RANEBENNUR,218609,KAVALETTU,0.9882470696569929,4,area_weighted,
2022-07-10,KARNATAKA,Haveri,5858,RANEBENNUR,218610,KODIYALA,1.074466759995322,3,area_weighted,
2022-07-10,KARNATAKA,Haveri,5858,RANEBENNUR,218612,KUPPELUR,1.170014591286012,5,area_weighted,
2022-07-10,KARNATAKA,Haveri,5858,RANEBENNUR,218611,LINGADAHALLI,1.023432731628418,1,direct_grid,
2022-07-10,KARNATAKA,Haveri,5858,RANEBENNUR,218613,MAKANUR,0.9192876839200427,2,area_weighted,
2022-07-10,KARNATAKA,Haveri,5858,RANEBENNUR,218614,MALANAYAKANAHALLI,1.2519930219958013,4,area_weighted,
2022-07-10,KARNATAKA,Haveri,5858,RANEBENNUR,218615,MEDLERI,1.6161140203475952,1,direct_grid,
2022-07-10,KARNATAKA,Haveri,5858,RANEBENNUR,218616,MUDENUR,0.9300518035888672,1,direct_grid,
2022-07-10,KARNATAKA,Haveri,5858,RANEBENNUR,273000,NADIHARALAHALLI,1.0989128947257996,2,direct_grid,
2022-07-10,KARNATAKA,Haveri,5858,RANEBENNUR,244390,NITTUR,1.1338589191436768,1,direct_grid,
2022-07-10,KARNATAKA,Haveri,5858,RANEBENNUR,244391,RAHUTANAKATTI,1.5540452772675801,6,area_weighted,
2022-07-10,KARNATAKA,Haveri,5858,RANEBENNUR,273001,SOMALAPUR,1.6078403113841646,5,area_weighted,
2022-07-10,KARNATAKA,Haveri,5858,RANEBENNUR,218617,SUNAKALBIDARI,1.6333865137199728,4,area_weighted,
2022-07-10,KARNATAKA,Haveri,5858,RANEBENNUR,218618,TUMMINAKATTI,1.3370661189218662,2,area_weighted,
2022-07-10,KARNATAKA,Haveri,5858,RANEBENNUR,218619,UKKUNDA,1.6128042340278625,2,direct_grid,
2022-07-10,KARNATAKA,Haveri,5858,RANEBENNUR,274147,Y.T.HONNATHI,1.6736700534820557,1,direct_grid,
2022-07-10,KARNATAKA,Haveri,7420,RATTIHALLI,218552,ANAJI,1.701927900314331,1,direct_grid,
2022-07-10,KARNATAKA,Haveri,7420,RATTIHALLI,274438,CHIKKA YADACHI,1.50220309446323,4,area_weighted,
2022-07-10,KARNATAKA,Haveri,7420,RATTIHALLI,218561,HALLUR,1.4264662265777588,1,direct_grid,
2022-07-10,KARNATAKA,Haveri,7420,RATTIHALLI,218563,HIREKABBAR,1.4202021360397339,1,direct_grid,
2022-07-10,KARNATAKA,Haveri,7420,RATTIHALLI,218564,HIREMORABA,1.6653962135314941,1,direct_grid,
2022-07-10,KARNATAKA,Haveri,7420,RATTIHALLI,218565,HULLATTI,1.2645076513290405,2,direct_grid,
2022-07-10,KARNATAKA,Haveri,7420,RATTIHALLI,218566,INGALAGONDI,1.4421278238296509,1,direct_grid,
2022-07-10,KARNATAKA,Haveri,7420,RATTIHALLI,218568,KADUR,1.480137825012207,2,direct_grid,
2022-07-10,KARNATAKA,Haveri,7420,RATTIHALLI,218569,KANAVISIDDAGERI,1.8673584461212158,1,direct_grid,
2022-07-10,KARNATAKA,Haveri,7420,RATTIHALLI,218571,KODAMAGGI,1.7930206060409546,1,direct_grid,
2022-07-10,KARNATAKA,Haveri,7420,RATTIHALLI,218572,KUDAPALI,1.288149356842041,1,direct_grid,
2022-07-10,KARNATAKA,Haveri,7420,RATTIHALLI,272997,KUNCHURA,1.5058872997194566,4,area_weighted,
2022-07-10,KARNATAKA,Haveri,7420,RATTIHALLI,218574,MAKARI,1.5846465826034546,2,direct_grid,
2022-07-10,KARNATAKA,Haveri,7420,RATTIHALLI,218575,MASUR,1.678324889579553,2,area_weighted,
2022-07-10,KARNATAKA,Haveri,7420,RATTIHALLI,218576,MEDUR,1.9564656019210815,1,direct_grid,
2022-07-10,KARNATAKA,Haveri,7420,RATTIHALLI,218577,NAGAVANDA,1.8409774528210507,4,area_weighted,
2022-07-10,KARNATAKA,Haveri,7420,RATTIHALLI,218578,NESWI,1.2464545965194702,1,direct_grid,
2022-07-10,KARNATAKA,Haveri,7420,RATTIHALLI,218582,SHIRAGAMBI,1.5362688475558988,4,area_weighted,
2022-07-10,KARNATAKA,Haveri,7420,RATTIHALLI,218584,TADAKANAHALLI,1.6747467517852783,1,direct_grid,
2022-07-10,KARNATAKA,Haveri,5859,SAVANUR,218620,CHILLURBADNI,2.550014853477478,2,direct_grid,
2022-07-10,KARNATAKA,Haveri,5859,SAVANUR,273002,DAMBARAMATTUR,1.7895398638228057,3,area_weighted,
2022-07-10,KARNATAKA,Haveri,5859,SAVANUR,218621,HATTIMATTUR,1.793207049369812,1,direct_grid,
2022-07-10,KARNATAKA,Haveri,5859,SAVANUR,218622,HESARUR,0.6623255014419556,1,direct_grid,
2022-07-10,KARNATAKA,Haveri,5859,SAVANUR,218623,HIREMAGADUR,1.8360607624053955,1,direct_grid,
2022-07-10,KARNATAKA,Haveri,5859,SAVANUR,218624,HIREMARALIHALLI,0.9589943885803223,1,direct_grid,
2022-07-10,KARNATAKA,Haveri,5859,SAVANUR,218625,HOOVINASHIGLI,1.5581024885177612,1,direct_grid,
2022-07-10,KARNATAKA,Haveri,5859,SAVANUR,218626,HURALIKUPPI,2.3244974527207427,2,area_weighted,
2022-07-10,KARNATAKA,Haveri,5859,SAVANUR,218627,ICHANGI,1.472105860710144,1,direct_grid,
2022-07-10,KARNATAKA,Haveri,5859,SAVANUR,218628,JALLAPUR,2.1729729175567627,1,direct_grid,
2022-07-10,KARNATAKA,Haveri,5859,SAVANUR,218629,KADAKOLA,1.8448047637939453,1,direct_grid,
2022-07-10,KARNATAKA,Haveri,5859,SAVANUR,218630,KALASUR,2.104818820953369,1,direct_grid,
2022-07-10,KARNATAKA,Haveri,5859,SAVANUR,218631,KARADAGI,2.4970169067382812,1,direct_grid,
2022-07-10,KARNATAKA,Haveri,5859,SAVANUR,218632,KUNIMELLIHALLI,2.179499097056635,5,area_weighted,
2022-07-10,KARNATAKA,Haveri,5859,SAVANUR,218633,KURUBARAMALLUR,2.1971006393432617,1,direct_grid,
2022-07-10,KARNATAKA,Haveri,5859,SAVANUR,218634,MANTRODI,3.5996627807617188,1,direct_grid,
2022-07-10,KARNATAKA,Haveri,5859,SAVANUR,218635,SHIRABADAGI,2.4525485038757324,2,direct_grid,
2022-07-10,KARNATAKA,Haveri,5859,SAVANUR,218636,TEGGIHALLI,2.714512825012207,1,direct_grid,
2022-07-10,KARNATAKA,Haveri,5859,SAVANUR,218637,TEVARAMELLIHALLI,2.3603529930114746,1,direct_grid,
2022-07-10,KARNATAKA,Haveri,5859,SAVANUR,218638,TONDUR,2.176777858650854,4,area_weighted,
2022-07-10,KARNATAKA,Haveri,5859,SAVANUR,218639,YALAVIGI,1.9299713373184204,1,direct_grid,
2022-07-10,KARNATAKA,Haveri,5860,SHIGGAON,218640,ANDALAGI,1.8493182744376824,4,area_weighted,
2022-07-10,KARNATAKA,Haveri,5860,SHIGGAON,218641,ATTIGERI,1.7675776481628418,1,direct_grid,
2022-07-10,KARNATAKA,Haveri,5860,SHIGGAON,218642,BADA,2.551483392715454,1,direct_grid,
2022-07-10,KARNATAKA,Haveri,5860,SHIGGAON,218643,BANNUR,3.355757285523803,4,area_weighted,
2022-07-10,KARNATAKA,Haveri,5860,SHIGGAON,218644,BASAVANAL,1.9768637646275287,3,area_weighted,
2022-07-10,KARNATAKA,Haveri,5860,SHIGGAON,218645,CHANDAPURA,2.34026804347417,3,area_weighted,
2022-07-10,KARNATAKA,Haveri,5860,SHIGGAON,218646,DUNDSI,2.1864748938338074,5,area_weighted,
2022-07-10,KARNATAKA,Haveri,5860,SHIGGAON,273003,GUDDADACHANNAPUR,2.478882670402527,2,direct_grid,
2022-07-10,KARNATAKA,Haveri,5860,SHIGGAON,273004,HALEBANKAPUR,2.4778025767233105,4,area_weighted,
2022-07-10,KARNATAKA,Haveri,5860,SHIGGAON,218647,HANUMARAHALLI,4.148036366167454,4,area_weighted,
2022-07-10,KARNATAKA,Haveri,5860,SHIGGAON,218648,HIREBENDIGERI,1.9524093866348267,1,direct_grid,
2022-07-10,KARNATAKA,Haveri,5860,SHIGGAON,218649,HIREMALLUR,4.4397319981928405,4,area_weighted,
2022-07-10,KARNATAKA,Haveri,5860,SHIGGAON,218650,HIREMANAKATTI,2.405740976333618,1,direct_grid,
2022-07-10,KARNATAKA,Haveri,5860,SHIGGAON,218651,HOSUR,2.7376668453216553,2,direct_grid,
2022-07-10,KARNATAKA,Haveri,5860,SHIGGAON,218652,HOTANAHALLI,2.08882711294369,3,area_weighted,
2022-07-10,KARNATAKA,Haveri,5860,SHIGGAON,218653,HULGUR,2.020042657852173,1,direct_grid,
2022-07-10,KARNATAKA,Haveri,5860,SHIGGAON,273005,HUNAGUND,1.8870584964752197,1,direct_grid,
2022-07-10,KARNATAKA,Haveri,5860,SHIGGAON,218654,KABANOOR,3.3497262001037598,1,direct_grid,
2022-07-10,KARNATAKA,Haveri,5860,SHIGGAON,218655,KONANAKERI,2.0261082649230957,2,direct_grid,
2022-07-10,KARNATAKA,Haveri,5860,SHIGGAON,218656,KUNDUR,2.592142768879601,4,area_weighted,
2022-07-10,KARNATAKA,Haveri,5860,SHIGGAON,218657,KUNNOOR,1.8455137014389038,1,direct_grid,
2022-07-10,KARNATAKA,Haveri,5860,SHIGGAON,218658,KYALAKONDA,2.6718099117279053,1,direct_grid,
2022-07-10,KARNATAKA,Haveri,5860,SHIGGAON,218659,MADLI,1.9826587438583374,1,direct_grid,
2022-07-10,KARNATAKA,Haveri,5860,SHIGGAON,218660,NARAYANAPURA,3.4452006816864014,1,direct_grid,
2022-07-10,KARNATAKA,Haveri,5860,SHIGGAON,218661,NMTADASA,1.6540043354034424,1,direct_grid,
2022-07-10,KARNATAKA,Haveri,5860,SHIGGAON,218662,SHISHUVINAHALA,1.958321543766067,3,area_weighted,
2022-07-10,KARNATAKA,Haveri,5860,SHIGGAON,218663,TADASA,1.6267285346984863,1,direct_grid,
2022-07-10,KARNATAKA,Haveri,5860,SHIGGAON,218664,VANAHALLI,2.957427906261212,4,area_weighted,
2022-07-10,KARNATAKA,Kalaburagi,5836,AFZALPUR,217869,BANDARWADA,15.306144714355469,1,area_weighted,
2022-07-10,KARNATAKA,Kalaburagi,5836,AFZALPUR,273151,GHATTARGA,13.96802043914795,1,direct_grid,
2022-07-10,KARNATAKA,Kalaburagi,5836,AFZALPUR,217877,HASARAGUNDAGI,15.48232126235962,2,direct_grid,
2022-07-10,KARNATAKA,Kalaburagi,5836,AFZALPUR,217878,KALLOOR,13.96802043914795,1,area_weighted,
2022-07-10,KARNATAKA,Kalaburagi,5839,CHITAPUR,217957,ALOLLI,21.495455423990883,3,direct_grid,
2022-07-10,KARNATAKA,Kalaburagi,5839,CHITAPUR,217958,ALOOR B,22.028494834899902,2,direct_grid,
2022-07-10,KARNATAKA,Kalaburagi,5839,CHITAPUR,217962,BHIMNALLI,22.239599227905273,2,direct_grid,
2022-07-10,KARNATAKA,Kalaburagi,5839,CHITAPUR,273168,DHONGAON,21.777638507361292,3,area_weighted,
2022-07-10,KARNATAKA,Kalaburagi,5839,CHITAPUR,217965,DIGGANW,19.857492446899414,2,direct_grid,
2022-07-10,KARNATAKA,Kalaburagi,5839,CHITAPUR,217968,HALKATTA,20.51337395507462,6,area_weighted,
2022-07-10,KARNATAKA,Kalaburagi,5839,CHITAPUR,217971,INGADGI,19.844850540161133,1,direct_grid,
2022-07-10,KARNATAKA,Kalaburagi,5839,CHITAPUR,217972,KADBOR,20.64531580607096,3,direct_grid,
2022-07-10,KARNATAKA,Kalaburagi,5839,CHITAPUR,217974,KAMRWADI,20.489158630371094,1,direct_grid,
2022-07-10,KARNATAKA,Kalaburagi,5839,CHITAPUR,273171,KARDAL,20.978129386901855,2,direct_grid,
2022-07-10,KARNATAKA,Kalaburagi,5839,CHITAPUR,217977,KOLLUR,20.458911895751953,1,direct_grid,
2022-07-10,KARNATAKA,Kalaburagi,5839,CHITAPUR,217979,LADLAPUR,20.712629318237305,1,direct_grid,
2022-07-10,KARNATAKA,Kalaburagi,5839,CHITAPUR,217981,MALGATTI,18.76201057434082,1,direct_grid,
2022-07-10,KARNATAKA,Kalaburagi,5839,CHITAPUR,273172,MOGALA,19.795557039606507,2,area_weighted,
2022-07-10,KARNATAKA,Kalaburagi,5839,CHITAPUR,217983,NALWAR,20.7117862701416,1,direct_grid,
2022-07-10,KARNATAKA,Kalaburagi,5839,CHITAPUR,273174,RAMPURAHALLI,20.491567611694336,1,direct_grid,
2022-07-10,KARNATAKA,Kalaburagi,5839,CHITAPUR,217986,RAVOR,19.316515107519336,4,area_weighted,
2022-07-10,KARNATAKA,Kalaburagi,5839,CHITAPUR,217987,SANNTI,20.215838302237078,8,area_weighted,
2022-07-10,KARNATAKA,Kalaburagi,5839,CHITAPUR,217988,SATNOR,21.044034957885742,1,direct_grid,
2022-07-10,KARNATAKA,Kalaburagi,5839,CHITAPUR,217991,YAGAPUR,21.7664274172573,4,area_weighted,
2022-07-10,KARNATAKA,Kalaburagi,5841,JEVARGI,218029,ANDOLA,19.69684600830078,1,direct_grid,
2022-07-10,KARNATAKA,Kalaburagi,5841,JEVARGI,218030,ANKALGA,14.681051537536923,2,area_weighted,
2022-07-10,KARNATAKA,Kalaburagi,5841,JEVARGI,218033,BALUNDAGI,15.208431243896484,2,direct_grid,
2022-07-10,KARNATAKA,Kalaburagi,5841,JEVARGI,218034,BILWAR,17.085548400878906,1,direct_grid,
2022-07-10,KARNATAKA,Kalaburagi,5841,JEVARGI,218035,BIRIYAL B.,20.010716438293457,2,direct_grid,
2022-07-10,KARNATAKA,Kalaburagi,5841,JEVARGI,218036,GANWAR,19.08755588531494,2,direct_grid,
2022-07-10,KARNATAKA,Kalaburagi,5841,JEVARGI,218037,GUDUR S.A.,19.08428192138672,1,direct_grid,
2022-07-10,KARNATAKA,Kalaburagi,5841,JEVARGI,218038,HARNOOR,18.019731521606445,2,direct_grid,
2022-07-10,KARNATAKA,Kalaburagi,5841,JEVARGI,218039,HARVAL,17.39824676513672,1,direct_grid,
2022-07-10,KARNATAKA,Kalaburagi,5841,JEVARGI,218040,HIPPARGA.S.N.,17.00770092010498,2,direct_grid,
2022-07-10,KARNATAKA,Kalaburagi,5841,JEVARGI,273180,HULLURA,14.44366455078125,1,direct_grid,
2022-07-10,KARNATAKA,Kalaburagi,5841,JEVARGI,218042,ITGA,14.761326789855957,1,area_weighted,
2022-07-10,KARNATAKA,Kalaburagi,5841,JEVARGI,218043,JERATGI,15.817552089691162,2,direct_grid,
2022-07-10,KARNATAKA,Kalaburagi,5841,JEVARGI,273182,KALLAHANGARGA,17.17310905456543,1,direct_grid,
2022-07-10,KARNATAKA,Kalaburagi,5841,JEVARGI,218045,KALLUR.K,16.2807559967041,1,direct_grid,
2022-07-10,KARNATAKA,Kalaburagi,5841,JEVARGI,218046,KELLUR,18.74137020111084,2,direct_grid,
2022-07-10,KARNATAKA,Kalaburagi,5841,JEVARGI,218047,KOLKUR,17.735652287801106,3,direct_grid,
2022-07-10,KARNATAKA,Kalaburagi,5841,JEVARGI,218048,KUDI,16.776316992467244,4,area_weighted,
2022-07-10,KARNATAKA,Kalaburagi,5841,JEVARGI,273184,MADARI,19.026437759399414,1,direct_grid,
2022-07-10,KARNATAKA,Kalaburagi,5841,JEVARGI,218053,MANDEVAL,17.025789260864258,1,direct_grid,
2022-07-10,KARNATAKA,Kalaburagi,5841,JEVARGI,218054,NARIBOL,19.948805809020996,2,direct_grid,
2022-07-10,KARNATAKA,Kalaburagi,5841,JEVARGI,273185,NEDALAGI,16.48244857788086,1,direct_grid,
2022-07-10,KARNATAKA,Kalaburagi,5841,JEVARGI,218055,NELOGI,16.563350677490234,1,direct_grid,
2022-07-10,KARNATAKA,Kalaburagi,5841,JEVARGI,273186,RANJANGI,15.658026695251465,1,direct_grid,
2022-07-10,KARNATAKA,Kalaburagi,5841,JEVARGI,273187,SATHKHED,17.43329620361328,1,direct_grid,
2022-07-10,KARNATAKA,Kalaburagi,5841,JEVARGI,218056,SONN,17.734485626220703,2,direct_grid,
2022-07-10,KARNATAKA,Kalaburagi,5841,JEVARGI,218060,YALVAR,18.446425755818684,3,direct_grid,
2022-07-10,KARNATAKA,Kalaburagi,5840,KALABURAGI,273176,BASAVAPATTANA,16.098954408902735,3,area_weighted,
2022-07-10,KARNATAKA,Kalaburagi,5840,KALABURAGI,217998,FIROJABAD,17.35153579711914,1,direct_grid,
2022-07-10,KARNATAKA,Kalaburagi,5840,KALABURAGI,218000,HEROOR B,16.322394371032715,2,direct_grid,
2022-07-10,KARNATAKA,Kalaburagi,5840,KALABURAGI,218010,HONNA KIRANAGI,17.94727325439453,1,direct_grid,
2022-07-10,KARNATAKA,Kalaburagi,5840,KALABURAGI,273179,SARADAGI (B),17.35153579711914,1,area_weighted,
2022-07-10,KARNATAKA,Kalaburagi,5842,SEDAM,218061,ADAKI,20.296981811523438,1,direct_grid,
2022-07-10,KARNATAKA,Kalaburagi,5842,SEDAM,218062,BATAGERA.K,20.252378464354187,3,area_weighted,
2022-07-10,KARNATAKA,Kalaburagi,5842,SEDAM,273189,BENAKANAHALLI,21.121788024902344,1,direct_grid,
2022-07-10,KARNATAKA,Kalaburagi,5842,SEDAM,273190,CHANDAPUR,23.12259292602539,1,direct_grid,
2022-07-10,KARNATAKA,Kalaburagi,5842,SEDAM,218063,DUGNOOR,22.65659999847412,2,direct_grid,
2022-07-10,KARNATAKA,Kalaburagi,5842,SEDAM,218064,HANDARKI,22.90888500213623,2,direct_grid,
2022-07-10,KARNATAKA,Kalaburagi,5842,SEDAM,218065,ITKAL,22.006989465459164,6,area_weighted,
2022-07-10,KARNATAKA,Kalaburagi,5842,SEDAM,218066,JAKANPALLI,22.400887489318848,2,direct_grid,
2022-07-10,KARNATAKA,Kalaburagi,5842,SEDAM,218067,KANAGADDA,22.277235984802246,2,direct_grid,
2022-07-10,KARNATAKA,Kalaburagi,5842,SEDAM,218068,KODLA,21.73166275024414,1,direct_grid,
2022-07-10,KARNATAKA,Kalaburagi,5842,SEDAM,218069,KOLKUNDA,22.623207092285156,1,direct_grid,
2022-07-10,KARNATAKA,Kalaburagi,5842,SEDAM,218072,LINGAMPALLI,20.355329513549805,2,direct_grid,
2022-07-10,KARNATAKA,Kalaburagi,5842,SEDAM,218073,MADANA,22.281593053833756,4,area_weighted,
2022-07-10,KARNATAKA,Kalaburagi,5842,SEDAM,218075,MALKHED,19.82044694206419,2,area_weighted,
2022-07-10,KARNATAKA,Kalaburagi,5842,SEDAM,218076,MEDAK,23.638872146606445,1,direct_grid,
2022-07-10,KARNATAKA,Kalaburagi,5842,SEDAM,218077,MOTAKPALLI,22.440868377685547,1,direct_grid,
2022-07-10,KARNATAKA,Kalaburagi,5842,SEDAM,218078,MUDHOL,21.634963989257812,1,direct_grid,
2022-07-10,KARNATAKA,Kalaburagi,5842,SEDAM,218080,RANJOL,20.915065072865026,4,area_weighted,
2022-07-10,KARNATAKA,Kalaburagi,5842,SEDAM,218081,RIBBANPALLI,22.06959342956543,1,direct_grid,
2022-07-10,KARNATAKA,Kalaburagi,5842,SEDAM,273191,SINDANMADU,20.846012115478516,2,direct_grid,
2022-07-10,KARNATAKA,Kalaburagi,5842,SEDAM,218083,UOODGI,20.395721435546875,1,direct_grid,
2022-07-10,KARNATAKA,Kalaburagi,7408,SHABAD,217961,BHANKOR,18.424306724015036,2,area_weighted,
2022-07-10,KARNATAKA,Kalaburagi,7408,SHABAD,217970,HONGOUNTTA,18.79069995880127,2,direct_grid,
2022-07-10,KARNATAKA,Kalaburagi,7408,SHABAD,217990,TOSANHALLI [S],18.71428871154785,1,direct_grid,
2022-07-10,KARNATAKA,Kalaburagi,7409,YADRAMI,218028,ALOOR,17.250783920288086,1,direct_grid,
2022-07-10,KARNATAKA,Kalaburagi,7409,YADRAMI,218031,ARALGUNDAGI,15.95069694519043,2,direct_grid,
2022-07-10,KARNATAKA,Kalaburagi,7409,YADRAMI,218032,BALBATTI,16.35308074951172,2,direct_grid,
2022-07-10,KARNATAKA,Kalaburagi,7409,YADRAMI,218041,IJERI,17.654497146606445,1,direct_grid,
2022-07-10,KARNATAKA,Kalaburagi,7409,YADRAMI,273181,KACHAPURA,14.987257620500475,4,area_weighted,
2022-07-10,KARNATAKA,Kalaburagi,7409,YADRAMI,218044,KADKOL,15.27265939795631,4,area_weighted,
2022-07-10,KARNATAKA,Kalaburagi,7409,YADRAMI,273183,KARKIHALLI,16.845154762268066,2,direct_grid,
2022-07-10,KARNATAKA,Kalaburagi,7409,YADRAMI,218049,KUKNOOR,16.534998657631473,4,area_weighted,
2022-07-10,KARNATAKA,Kalaburagi,7409,YADRAMI,218050,KURALGERA,12.698386192321777,2,direct_grid,
2022-07-10,KARNATAKA,Kalaburagi,7409,YADRAMI,218051,MAGANGERA,13.697984218597412,2,direct_grid,
2022-07-10,KARNATAKA,Kalaburagi,7409,YADRAMI,218052,MALLI,14.452148914337158,2,direct_grid,
2022-07-10,KARNATAKA,Kalaburagi,7409,YADRAMI,273188,SUMBAD,15.758036136627197,2,direct_grid,
2022-07-10,KARNATAKA,Kalaburagi,7409,YADRAMI,218057,WADGERA,15.406687054383521,7,area_weighted,
2022-07-10,KARNATAKA,Kalaburagi,7409,YADRAMI,218059,YALGOD,16.430282274881996,3,direct_grid,
2022-07-10,KARNATAKA,Kolar,5865,BANGARAPET,218787,A.JOTHENA HALLI,0.3631892308161648,5,area_weighted,
2022-07-10,KARNATAKA,Kolar,5865,BANGARAPET,218790,BUDIKOTE,0.46326983686870393,2,area_weighted,
2022-07-10,KARNATAKA,Kolar,5865,BANGARAPET,218791,CHIKKA ANKANDAHALLY,0.46108581568039,6,area_weighted,
2022-07-10,KARNATAKA,Kolar,5865,BANGARAPET,218792,CHINNA KOTA,0.22668577496573747,4,area_weighted,
2022-07-10,KARNATAKA,Kolar,5865,BANGARAPET,218794,DODDAVALAGAMADI,0.10143553901611542,2,area_weighted,
2022-07-10,KARNATAKA,Kolar,5865,BANGARAPET,218795,DODDUR KARAPANAHALLY,0.029807112557985304,4,area_weighted,
2022-07-10,KARNATAKA,Kolar,5865,BANGARAPET,218799,GULLAHALLI,0.11368541688607219,2,area_weighted,
2022-07-10,KARNATAKA,Kolar,5865,BANGARAPET,218800,HULIBELE,0.3789825737476349,1,direct_grid,
2022-07-10,KARNATAKA,Kolar,5865,BANGARAPET,218802,HUNKUNDA,0.11659661680459976,1,direct_grid,
2022-07-10,KARNATAKA,Kolar,5865,BANGARAPET,218803,INORA HOSAHALLI,0.3789825737476349,1,direct_grid,
2022-07-10,KARNATAKA,Kolar,5865,BANGARAPET,218805,KAMASAMUDRA,0.1262050012505057,3,area_weighted,
2022-07-10,KARNATAKA,Kolar,5865,BANGARAPET,218808,KARAHALLI,0.19194325804710388,1,direct_grid,
2022-07-10,KARNATAKA,Kolar,5865,BANGARAPET,218793,KESARANAHALLI,0.19194325804710388,1,direct_grid,
2022-07-10,KARNATAKA,Kolar,5865,BANGARAPET,218809,KETAGANAHALLI,0.0,1,direct_grid,
2022-07-10,KARNATAKA,Kolar,5865,BANGARAPET,218811,MAGONDI,0.26181929650394314,5,area_weighted,
2022-07-10,KARNATAKA,Kolar,5865,BANGARAPET,218812,MARIKUPPAM,0.011521526415171837,5,area_weighted,
2022-07-10,KARNATAKA,Kolar,5865,BANGARAPET,218815,PARANDA HALLI,0.004903935361653566,4,area_weighted,
2022-07-10,KARNATAKA,Kolar,5865,BANGARAPET,218817,SOOLIKUNTE,0.5022189617156982,1,direct_grid,
2022-07-10,KARNATAKA,Kolar,5865,BANGARAPET,218823,YELESANDRA,0.23711596429347992,2,direct_grid,
2022-07-10,KARNATAKA,Kolar,7363,K G F,218789,BETHAMANGALA,0.011292320360763417,3,area_weighted,
2022-07-10,KARNATAKA,Kolar,7363,K G F,218797,GATTA KAMADENA HALLY,0.004903935361653566,2,area_weighted,
2022-07-10,KARNATAKA,Kolar,7363,K G F,218798,GATTA MADAMANGALA,0.0,1,direct_grid,
2022-07-10,KARNATAKA,Kolar,7363,K G F,218801,HULKOORU,0.060750276083126664,2,direct_grid,
2022-07-10,KARNATAKA,Kolar,7363,K G F,218804,JAKKARASAKUPPA,0.0046729603184598725,2,area_weighted,
2022-07-10,KARNATAKA,Kolar,7363,K G F,218806,KAMMASANDRA,0.004903935361653566,1,direct_grid,
2022-07-10,KARNATAKA,Kolar,7363,K G F,218807,KANGANDLAHALLI,0.004903935361653566,2,area_weighted,
2022-07-10,KARNATAKA,Kolar,7363,K G F,218810,KYSAMBALLI,0.004903935361653566,1,direct_grid,
2022-07-10,KARNATAKA,Kolar,7363,K G F,218813,MAVA HALLI,0.3104786276817322,1,direct_grid,
2022-07-10,KARNATAKA,Kolar,7363,K G F,218814,N.G.HULKOORU,0.004903935361653566,2,area_weighted,
2022-07-10,KARNATAKA,Kolar,7363,K G F,218816,RAMASAGARA,0.04584412458921061,4,area_weighted,
2022-07-10,KARNATAKA,Kolar,7363,K G F,218819,SUNDARAPALYA,0.004903935361653566,1,area_weighted,
2022-07-10,KARNATAKA,Kolar,7363,K G F,218820,T GOLLAHALLI,0.11659661680459976,1,direct_grid,
2022-07-10,KARNATAKA,Kolar,5870,KOLAR,218924,AMMANALLUR,1.019592523574829,1,direct_grid,
2022-07-10,KARNATAKA,Kolar,5870,KOLAR,218925,ARABILKOTHANUR,0.7804771661758423,1,direct_grid,
2022-07-10,KARNATAKA,Kolar,5870,KOLAR,218926,ARAHALLI,0.7209580285336462,4,area_weighted,
2022-07-10,KARNATAKA,Kolar,5870,KOLAR,218927,BEGLIHOSAHALLI,0.6965908408164978,1,direct_grid,
2022-07-10,KARNATAKA,Kolar,5870,KOLAR,218928,BELAMARANAHALLI,0.971398614605871,4,area_weighted,
2022-07-10,KARNATAKA,Kolar,5870,KOLAR,218929,BELLUR,0.9080807334814823,4,area_weighted,
2022-07-10,KARNATAKA,Kolar,5870,KOLAR,218930,CHANNASANDRA,1.132880687713623,1,direct_grid,
2022-07-10,KARNATAKA,Kolar,5870,KOLAR,218931,CHOWDADENAHALLI,0.9126880418451007,3,area_weighted,
2022-07-10,KARNATAKA,Kolar,5870,KOLAR,218932,DOODAHASALA,0.5896661281585693,1,direct_grid,
2022-07-10,KARNATAKA,Kolar,5870,KOLAR,218934,HARATI,0.4248412847518921,1,direct_grid,
2022-07-10,KARNATAKA,Kolar,5870,KOLAR,218935,HOLUR,0.5291362823346195,7,area_weighted,
2022-07-10,KARNATAKA,Kolar,5870,KOLAR,218933,HONNENAHALLI,0.6569168567657471,1,direct_grid,
2022-07-10,KARNATAKA,Kolar,5870,KOLAR,218936,HUTTUR,0.32535162568092346,1,direct_grid,
2022-07-10,KARNATAKA,Kolar,5870,KOLAR,218937,ITHARASANAHALLI,0.6365002393722534,1,direct_grid,
2022-07-10,KARNATAKA,Kolar,5870,KOLAR,218938,JANNA GHATTA,0.7614135932635898,4,area_weighted,
2022-07-10,KARNATAKA,Kolar,5870,KOLAR,218939,KONDARAJANAHALLI,0.7499569058418274,1,direct_grid,
2022-07-10,KARNATAKA,Kolar,5870,KOLAR,218940,KURUGAL,1.0094795052699603,4,area_weighted,
2022-07-10,KARNATAKA,Kolar,5870,KOLAR,218941,KYALANUR,1.0770042836203344,2,area_weighted,
2022-07-10,KARNATAKA,Kolar,5870,KOLAR,218942,MADANAHALLI,0.823336124420166,1,direct_grid,
2022-07-10,KARNATAKA,Kolar,5870,KOLAR,218943,MADDERI,0.960197389125824,1,direct_grid,
2022-07-10,KARNATAKA,Kolar,5870,KOLAR,218944,MANIGATTA,0.5637122988700867,1,direct_grid,
2022-07-10,KARNATAKA,Kolar,5870,KOLAR,218945,MARJENAHALLI,0.6269173015263774,6,area_weighted,
2022-07-10,KARNATAKA,Kolar,5870,KOLAR,218946,MUDUVADI,0.6996696597001439,4,area_weighted,
2022-07-10,KARNATAKA,Kolar,5870,KOLAR,218947,MUDUVATHI,0.6509346961975098,1,direct_grid,
2022-07-10,KARNATAKA,Kolar,5870,KOLAR,218948,NARASAPURA,0.9147011041641235,1,direct_grid,
2022-07-10,KARNATAKA,Kolar,5870,KOLAR,218949,SEETI,1.0551327466964722,1,direct_grid,
2022-07-10,KARNATAKA,Kolar,5870,KOLAR,218950,SETTIHALLI,0.8898644532131104,4,area_weighted,
2022-07-10,KARNATAKA,Kolar,5870,KOLAR,218951,SHAPUR,0.22828927636146545,1,direct_grid,
2022-07-10,KARNATAKA,Kolar,5870,KOLAR,218952,SUGATUR,0.7903173565864563,1,direct_grid,
2022-07-10,KARNATAKA,Kolar,5870,KOLAR,218953,SULUR,0.8355504870414734,1,direct_grid,
2022-07-10,KARNATAKA,Kolar,5870,KOLAR,218954,THORADEVANDA HALLI,0.689110517501831,1,direct_grid,
2022-07-10,KARNATAKA,Kolar,5870,KOLAR,218955,THOTLI,0.8645043969154358,1,direct_grid,
2022-07-10,KARNATAKA,Kolar,5870,KOLAR,218956,URAGILI,0.8859006762504578,1,direct_grid,
2022-07-10,KARNATAKA,Kolar,5870,KOLAR,218957,VADAGUR,0.5135977268218994,1,direct_grid,
2022-07-10,KARNATAKA,Kolar,5870,KOLAR,218958,VEMAGAL,0.9816991090774536,1,direct_grid,
2022-07-10,KARNATAKA,Kolar,5870,KOLAR,218959,VOKKALERI,0.7994763851165771,2,direct_grid,
2022-07-10,KARNATAKA,Kolar,5871,MALUR,218960,ABBENAHALLI,0.8680967688560486,1,direct_grid,
2022-07-10,KARNATAKA,Kolar,5871,MALUR,218961,ARALERI,0.8175745606422424,1,direct_grid,
2022-07-10,KARNATAKA,Kolar,5871,MALUR,218962,BALIGANAHALLI,0.9308664202690125,1,direct_grid,
2022-07-10,KARNATAKA,Kolar,5871,MALUR,218963,BANAHALLI,0.5660218596458435,1,direct_grid,
2022-07-10,KARNATAKA,Kolar,5871,MALUR,218964,CHICKKAKUNTUR,0.7549262642860413,1,direct_grid,
2022-07-10,KARNATAKA,Kolar,5871,MALUR,218965,CHIKKATHIRUPATHI,1.103096396298046,3,area_weighted,
2022-07-10,KARNATAKA,Kolar,5871,MALUR,218978,CHOKKANDAHALLI,0.9148948192596436,1,direct_grid,
2022-07-10,KARNATAKA,Kolar,5871,MALUR,218966,DADINAIKANAHALLIDODDI,0.8863571397864123,2,area_weighted,
2022-07-10,KARNATAKA,Kolar,5871,MALUR,218967,DINNAHALLI,0.5815872634846331,2,area_weighted,
2022-07-10,KARNATAKA,Kolar,5871,MALUR,218968,DODDASHIVARA,0.7821829203923801,3,area_weighted,
2022-07-10,KARNATAKA,Kolar,5871,MALUR,218969,HASANDAHALLI,0.7299186885356903,2,direct_grid,
2022-07-10,KARNATAKA,Kolar,5871,MALUR,218970,HULADENAHALLI,0.7490047514438629,2,direct_grid,
2022-07-10,KARNATAKA,Kolar,5871,MALUR,218971,HULIMANGALA HOSAKOTE (H.HOSAKOTE),0.9458786845207214,1,direct_grid,
2022-07-10,KARNATAKA,Kolar,5871,MALUR,218972,HUNGENAHALLI,0.8380076274244672,4,area_weighted,
2022-07-10,KARNATAKA,Kolar,5871,MALUR,218973,JAYAMANGALA,1.0499742031097412,1,direct_grid,
2022-07-10,KARNATAKA,Kolar,5871,MALUR,218974,KAVALA GIRIYANA HALLI (K.G. HALLI),0.600110388034086,6,area_weighted,
2022-07-10,KARNATAKA,Kolar,5871,MALUR,218975,KONDASETTIHALLI,0.6732692122459412,1,direct_grid,
2022-07-10,KARNATAKA,Kolar,5871,MALUR,218976,KUDIYANUR,0.8828969597816467,1,direct_grid,
2022-07-10,KARNATAKA,Kolar,5871,MALUR,218977,LAKKUR,0.9690049664272793,4,area_weighted,
2022-07-10,KARNATAKA,Kolar,5871,MALUR,218979,MASTHI,0.8044405579566956,1,area_weighted,
2022-07-10,KARNATAKA,Kolar,5871,MALUR,218980,NOSAGERE,0.859553337097168,1,direct_grid,
2022-07-10,KARNATAKA,Kolar,5871,MALUR,218981,NUTUVE,0.5006412863731384,1,direct_grid,
2022-07-10,KARNATAKA,Kolar,5871,MALUR,218982,RAJENAHALLI,0.7581198627298544,6,area_weighted,
2022-07-10,KARNATAKA,Kolar,5871,MALUR,218983,SANTEHALLI,0.8440682300635509,4,area_weighted,
2022-07-10,KARNATAKA,Kolar,5871,MALUR,218984,SHIVARAPATNA,0.8727952837944031,2,direct_grid,
2022-07-10,KARNATAKA,Kolar,5871,MALUR,218985,TEKAL,0.5570656061172485,1,direct_grid,
2022-07-10,KARNATAKA,Kolar,5871,MALUR,218986,THORNAHALLI,0.9217741439222614,4,area_weighted,
2022-07-10,KARNATAKA,Kolar,5871,MALUR,218987,THRUNASI,0.7819352094192435,2,area_weighted,
2022-07-10,KARNATAKA,Kolar,5872,MULBAGAL,218988,AGARA,0.5359779596328735,2,direct_grid,
2022-07-10,KARNATAKA,Kolar,5872,MULBAGAL,218991,ANGONDAHALLI,0.22828927636146545,1,direct_grid,
2022-07-10,KARNATAKA,Kolar,5872,MULBAGAL,218992,AVANI,0.2791231302778619,5,area_weighted,
2022-07-10,KARNATAKA,Kolar,5872,MULBAGAL,218993,BALLA,0.26647410541647953,2,area_weighted,
2022-07-10,KARNATAKA,Kolar,5872,MULBAGAL,218995,DEVARAYASAMUDRA,0.29913410544395447,3,direct_grid,
2022-07-10,KARNATAKA,Kolar,5872,MULBAGAL,218997,EMMENATHA,0.11659661680459976,1,area_weighted,
2022-07-10,KARNATAKA,Kolar,5872,MULBAGAL,219000,H.GOLLAHALLI,0.532234251499176,1,area_weighted,
2022-07-10,KARNATAKA,Kolar,5872,MULBAGAL,219001,HANUMANAHALLI,0.35132114502091055,6,area_weighted,
2022-07-10,KARNATAKA,Kolar,5872,MULBAGAL,219003,KAPPALAMADUGU,0.39911824972294146,2,area_weighted,
2022-07-10,KARNATAKA,Kolar,5872,MULBAGAL,219004,KURUDAMALE,0.4622075802385265,3,area_weighted,
2022-07-10,KARNATAKA,Kolar,5872,MULBAGAL,219006,MOTHAKAPALLI,0.0892567928132703,2,area_weighted,
2022-07-10,KARNATAKA,Kolar,5872,MULBAGAL,219008,MUDIYANUR,0.42925652861595154,1,direct_grid,
2022-07-10,KARNATAKA,Kolar,5872,MULBAGAL,219013,SONNAVADI,0.3987736766696508,2,area_weighted,
2022-07-10,KARNATAKA,Kolar,5872,MULBAGAL,219016,URUKUNTEMITTUR,0.18383692628027226,5,area_weighted,
2022-07-10,KARNATAKA,Kolar,5872,MULBAGAL,219017,UTTANUR,0.40283749997615814,2,direct_grid,
2022-07-10,KARNATAKA,Kolar,5874,SRINIVASPUR,219045,ADDAGAL,0.3849165439605713,2,direct_grid,
2022-07-10,KARNATAKA,Kolar,5874,SRINIVASPUR,219046,ARIKUNTE,0.6409633159637451,1,direct_grid,
2022-07-10,KARNATAKA,Kolar,5874,SRINIVASPUR,219047,BYRAGANAHALLI,0.634675920009613,1,direct_grid,
2022-07-10,KARNATAKA,Kolar,5874,SRINIVASPUR,219048,CHALDIGANAHALLI,0.5952620004156607,5,area_weighted,
2022-07-10,KARNATAKA,Kolar,5874,SRINIVASPUR,219049,DALASANUR,0.6120491623878479,1,direct_grid,
2022-07-10,KARNATAKA,Kolar,5874,SRINIVASPUR,219050,GOWNIPALLI,0.5156926418612299,4,area_weighted,
2022-07-10,KARNATAKA,Kolar,5874,SRINIVASPUR,219051,HODALI,0.5009751915931702,1,direct_grid,
2022-07-10,KARNATAKA,Kolar,5874,SRINIVASPUR,219052,J. THIMMASANDRA,0.6891017258167267,2,direct_grid,
2022-07-10,KARNATAKA,Kolar,5874,SRINIVASPUR,219053,KODIPALLI,0.4779900014400482,1,direct_grid,
2022-07-10,KARNATAKA,Kolar,5874,SRINIVASPUR,219054,KOLATHUR,0.5017847418785095,1,direct_grid,
2022-07-10,KARNATAKA,Kolar,5874,SRINIVASPUR,219055,KURIGEPALLI,0.566342830657959,1,direct_grid,
2022-07-10,KARNATAKA,Kolar,5874,SRINIVASPUR,219056,LAKSHMIPURA,0.5491767525672913,1,direct_grid,
2022-07-10,KARNATAKA,Kolar,5874,SRINIVASPUR,219057,LAKSHMISAGARA,0.47075164318084717,2,direct_grid,
2022-07-10,KARNATAKA,Kolar,5874,SRINIVASPUR,219058,MASTENAHALLI,0.7635896801948547,1,direct_grid,
2022-07-10,KARNATAKA,Kolar,5874,SRINIVASPUR,219059,MUDINADAGU,0.6608403325080872,1,direct_grid,
2022-07-10,KARNATAKA,Kolar,5874,SRINIVASPUR,219060,MUTTAKAPALI,0.5602947473526001,2,direct_grid,
2022-07-10,KARNATAKA,Kolar,5874,SRINIVASPUR,219061,NANBIHALLI,0.7321789562702179,2,direct_grid,
2022-07-10,KARNATAKA,Kolar,5874,SRINIVASPUR,219062,NELAVANKI,0.5122166872024536,1,direct_grid,
2022-07-10,KARNATAKA,Kolar,5874,SRINIVASPUR,219063,PULAGURKOTA,0.5951615571975708,1,direct_grid,
2022-07-10,KARNATAKA,Kolar,5874,SRINIVASPUR,219064,RAYALPAD,0.46120864152908325,1,direct_grid,
2022-07-10,KARNATAKA,Kolar,5874,SRINIVASPUR,219065,RONUR,0.5337516665458679,2,direct_grid,
2022-07-10,KARNATAKA,Kolar,5874,SRINIVASPUR,219066,SOMAYAJALAPALLI,0.59850013256073,1,direct_grid,
2022-07-10,KARNATAKA,Kolar,5874,SRINIVASPUR,219067,THADIGOL,0.5854912058172042,6,area_weighted,
2022-07-10,KARNATAKA,Kolar,5874,SRINIVASPUR,219068,YELDUR,0.5028632283210754,1,direct_grid,
2022-07-10,KARNATAKA,Kolar,5874,SRINIVASPUR,219069,YERRAMVARIAPALLI,0.5846105217933655,1,direct_grid,
2022-07-10,KARNATAKA,Koppal,5875,GANGAVATHI,219070,AGOLI,1.2683145723229148,5,area_weighted,
2022-07-10,KARNATAKA,Koppal,5875,GANGAVATHI,219071,ANEGUNDI,1.1600602865219116,1,direct_grid,
2022-07-10,KARNATAKA,Koppal,5875,GANGAVATHI,219072,BASAPATTANA,1.0716931996756172,2,area_weighted,
2022-07-10,KARNATAKA,Koppal,5875,GANGAVATHI,219077,CHIKKABENAKAL,1.3202120065689087,2,direct_grid,
2022-07-10,KARNATAKA,Koppal,5875,GANGAVATHI,219079,CHIKKAJANTHAKAL,1.9330192314168582,4,area_weighted,
2022-07-10,KARNATAKA,Koppal,5875,GANGAVATHI,219081,DHANAPUR,2.081554412841797,1,direct_grid,
2022-07-10,KARNATAKA,Koppal,5875,GANGAVATHI,219084,HANAVAL,1.5514976978302002,1,direct_grid,
2022-07-10,KARNATAKA,Koppal,5875,GANGAVATHI,219085,HERUR,1.09480353326351,4,area_weighted,
2022-07-10,KARNATAKA,Koppal,5875,GANGAVATHI,219087,HOSAKERA,1.6872716518061923,2,area_weighted,
2022-07-10,KARNATAKA,Koppal,5875,GANGAVATHI,273126,JANGAMAR KALGUDI,1.7119297981262207,1,area_weighted,
2022-07-10,KARNATAKA,Koppal,5875,GANGAVATHI,219093,KESARAHATTI,0.8978652060031891,2,direct_grid,
2022-07-10,KARNATAKA,Koppal,5875,GANGAVATHI,219094,MALLAPUR,1.3143227100372314,1,direct_grid,
2022-07-10,KARNATAKA,Koppal,5875,GANGAVATHI,219095,MARALI,1.9408603422765467,4,area_weighted,
2022-07-10,KARNATAKA,Koppal,5875,GANGAVATHI,273129,SANAPUR,1.208521842956543,1,direct_grid,
2022-07-10,KARNATAKA,Koppal,5875,GANGAVATHI,219100,SANGAPUR,1.7570840120315552,1,direct_grid,
2022-07-10,KARNATAKA,Koppal,5875,GANGAVATHI,219102,SRIRAMNAGAR,2.080629348754883,1,direct_grid,
2022-07-10,KARNATAKA,Koppal,5875,GANGAVATHI,219105,VADDARAHATTI,1.012927532196045,1,direct_grid,
2022-07-10,KARNATAKA,Koppal,5875,GANGAVATHI,219106,VENKATAGIRI,1.2034980058670044,2,direct_grid,
2022-07-10,KARNATAKA,Koppal,7410,KANAKAGIRI,273125,BASARIHAL,1.657696371020053,8,area_weighted,
2022-07-10,KARNATAKA,Koppal,7410,KANAKAGIRI,219078,CHIKKADHANAKANAKAL,2.2284486293792725,1,direct_grid,
2022-07-10,KARNATAKA,Koppal,7410,KANAKAGIRI,219080,CHIKKAMADINAL,1.2539784908294678,2,direct_grid,
2022-07-10,KARNATAKA,Koppal,7410,KANAKAGIRI,219082,GOURIPUR,1.6691738367080688,1,direct_grid,
2022-07-10,KARNATAKA,Koppal,7410,KANAKAGIRI,219086,HIREKHEDA,1.7906029224395752,1,direct_grid,
2022-07-10,KARNATAKA,Koppal,7410,KANAKAGIRI,219088,HULIHAIDER,2.0253446102142334,1,direct_grid,
2022-07-10,KARNATAKA,Koppal,7410,KANAKAGIRI,273127,JIRAL,1.9122790098190308,1,direct_grid,
2022-07-10,KARNATAKA,Koppal,7410,KANAKAGIRI,219091,KARADONA,1.9227260053157806,4,direct_grid,
2022-07-10,KARNATAKA,Koppal,7410,KANAKAGIRI,219097,MUSALAPUR,1.471889615058899,1,direct_grid,
2022-07-10,KARNATAKA,Koppal,7410,KANAKAGIRI,219099,NAVALI,2.596238613128662,1,direct_grid,
2022-07-10,KARNATAKA,Koppal,7410,KANAKAGIRI,219103,SULEKAL,1.4965580701828003,1,direct_grid,
2022-07-10,KARNATAKA,Koppal,7411,KARATAGI,273124,BARAGUR,2.470231771469116,1,direct_grid,
2022-07-10,KARNATAKA,Koppal,7411,KARATAGI,219073,BENNUR,4.132022778193155,3,direct_grid,
2022-07-10,KARNATAKA,Koppal,7411,KARATAGI,219074,BEVINAL,3.8590855598449707,1,direct_grid,
2022-07-10,KARNATAKA,Koppal,7411,KARATAGI,219075,BOODGUMPA,3.89272868016827,4,area_weighted,
2022-07-10,KARNATAKA,Koppal,7411,KARATAGI,219076,CHALLUR,2.7501749992370605,1,direct_grid,
2022-07-10,KARNATAKA,Koppal,7411,KARATAGI,219083,GUNDUR,2.3880112171173096,1,direct_grid,
2022-07-10,KARNATAKA,Koppal,7411,KARATAGI,219089,HULKIHAL,2.664173604570038,6,area_weighted,
2022-07-10,KARNATAKA,Koppal,7411,KARATAGI,273128,MAILAPUR,3.164353132247925,1,direct_grid,
2022-07-10,KARNATAKA,Koppal,7411,KARATAGI,219096,MARLANAHALLI,3.1101999158516955,2,area_weighted,
2022-07-10,KARNATAKA,Koppal,7411,KARATAGI,219098,MUSHTUR,2.2749733924865723,1,direct_grid,
2022-07-10,KARNATAKA,Koppal,7411,KARATAGI,219101,SIDDAPUR,2.6233420530495297,4,area_weighted,
2022-07-10,KARNATAKA,Koppal,7411,KARATAGI,219104,ULENUR,2.814885139465332,1,direct_grid,
2022-07-10,KARNATAKA,Koppal,7411,KARATAGI,219107,YERADONA,3.0475693941116333,2,direct_grid,
2022-07-10,KARNATAKA,Koppal,5876,KOPPAL,219108,AGALAKERA,0.9950688282225104,4,area_weighted,
2022-07-10,KARNATAKA,Koppal,5876,KOPPAL,219109,ALAVANDI,2.872788906097412,2,direct_grid,
2022-07-10,KARNATAKA,Koppal,5876,KOPPAL,219110,BAHADDURBANDI,1.5880153179168701,1,direct_grid,
2022-07-10,KARNATAKA,Koppal,5876,KOPPAL,219111,BANDIHARLAPUR,1.1648356914520264,1,direct_grid,
2022-07-10,KARNATAKA,Koppal,5876,KOPPAL,219112,BETAGERI,2.3724257946014404,1,direct_grid,
2022-07-10,KARNATAKA,Koppal,5876,KOPPAL,273130,BEVINAHALLI,0.9585946798324585,1,direct_grid,
2022-07-10,KARNATAKA,Koppal,5876,KOPPAL,219114,BISARALLI,2.4966063499450684,1,direct_grid,
2022-07-10,KARNATAKA,Koppal,5876,KOPPAL,219115,BOCHANAHALLI,2.8700722455978394,2,direct_grid,
2022-07-10,KARNATAKA,Koppal,5876,KOPPAL,219116,BOODAGUMPA,1.1861768960952759,1,direct_grid,
2022-07-10,KARNATAKA,Koppal,5876,KOPPAL,219117,CHIKKABOMMANAL,1.1060243546962738,2,direct_grid,
2022-07-10,KARNATAKA,Koppal,5876,KOPPAL,219118,GINIGERA,0.7569422721862793,1,direct_grid,
2022-07-10,KARNATAKA,Koppal,5876,KOPPAL,219119,GONDBAL,1.5180878639221191,1,direct_grid,
2022-07-10,KARNATAKA,Koppal,5876,KOPPAL,219120,GULADALLI,0.9290840863751592,7,area_weighted,
2022-07-10,KARNATAKA,Koppal,5876,KOPPAL,219121,HALAGERI,1.913649559020996,1,direct_grid,
2022-07-10,KARNATAKA,Koppal,5876,KOPPAL,273131,HALAVARTHI,1.2346699237823486,1,direct_grid,
2022-07-10,KARNATAKA,Koppal,5876,KOPPAL,219122,HASAGAL,0.9583213329315186,1,direct_grid,
2022-07-10,KARNATAKA,Koppal,5876,KOPPAL,219123,HATTI,2.3002456426620483,2,direct_grid,
2022-07-10,KARNATAKA,Koppal,5876,KOPPAL,219124,HIREBAGNAL,0.6130304932594299,1,direct_grid,
2022-07-10,KARNATAKA,Koppal,5876,KOPPAL,219125,HIRESINDHOGI,2.4089527130126953,1,direct_grid,
2022-07-10,KARNATAKA,Koppal,5876,KOPPAL,219126,HITNAL,0.9623807774394195,4,area_weighted,
2022-07-10,KARNATAKA,Koppal,5876,KOPPAL,219127,HOSALLI,0.8302051117419037,2,area_weighted,
2022-07-10,KARNATAKA,Koppal,5876,KOPPAL,219128,HULIGI,0.9179501588669149,3,area_weighted,
2022-07-10,KARNATAKA,Koppal,5876,KOPPAL,219129,INDARAGI,1.2382056713104248,1,direct_grid,
2022-07-10,KARNATAKA,Koppal,5876,KOPPAL,219130,IRAKALGADA,1.115178793479003,6,area_weighted,
2022-07-10,KARNATAKA,Koppal,5876,KOPPAL,273132,KALAKERA,1.2774560451507568,1,direct_grid,
2022-07-10,KARNATAKA,Koppal,5876,KOPPAL,219131,KALTAVARAGERI,0.9225009679794312,3,direct_grid,
2022-07-10,KARNATAKA,Koppal,5876,KOPPAL,219132,KATHARAKI GUDLANUR,1.9684098958969116,1,direct_grid,
2022-07-10,KARNATAKA,Koppal,5876,KOPPAL,219133,KAVALOOR,2.5024028778076173,5,direct_grid,
2022-07-10,KARNATAKA,Koppal,5876,KOPPAL,219134,KINNAL,1.5850845575332642,1,direct_grid,
2022-07-10,KARNATAKA,Koppal,5876,KOPPAL,219135,KOLUR,1.9532589316368103,2,direct_grid,
2022-07-10,KARNATAKA,Koppal,5876,KOPPAL,219136,KUNIKERI,1.1757582426071167,1,direct_grid,
2022-07-10,KARNATAKA,Koppal,5876,KOPPAL,219137,LEBAGERI,1.0335276804095221,6,area_weighted,
2022-07-10,KARNATAKA,Koppal,5876,KOPPAL,219138,MADINOOR,1.7610381435509923,4,area_weighted,
2022-07-10,KARNATAKA,Koppal,5876,KOPPAL,219139,MATTUR,1.9605281352996826,1,direct_grid,
2022-07-10,KARNATAKA,Koppal,5876,KOPPAL,219140,MUNIRABAD DAM,0.8236464858055115,1,direct_grid,
2022-07-10,KARNATAKA,Koppal,5876,KOPPAL,219141,OJANAHALLI,1.4487560391426086,2,direct_grid,
2022-07-10,KARNATAKA,Koppal,5876,KOPPAL,219142,SHIVPUR,1.0756099224090576,1,direct_grid,
2022-07-10,KARNATAKA,Koppal,5876,KOPPAL,273133,VANABALLARI,1.1283376216888428,2,direct_grid,
2022-07-10,KARNATAKA,Koppal,7412,KUKUNOOR,219171,BALIGERI,2.0255337556203203,3,direct_grid,
2022-07-10,KARNATAKA,Koppal,7412,KUKUNOOR,219173,BANNIKOPPA,2.469784736633301,1,direct_grid,
2022-07-10,KARNATAKA,Koppal,7412,KUKUNOOR,219175,BENAKAL,2.2034788131713867,1,direct_grid,
2022-07-10,KARNATAKA,Koppal,7412,KUKUNOOR,219177,BHANAPUR,2.301056981086731,2,direct_grid,
2022-07-10,KARNATAKA,Koppal,7412,KUKUNOOR,219179,GADDIGERI,1.7271455673727567,10,area_weighted,
2022-07-10,KARNATAKA,Koppal,7412,KUKUNOOR,219183,HIREBIDANAL,1.8444921970367432,1,direct_grid,
2022-07-10,KARNATAKA,Koppal,7412,KUKUNOOR,219186,ITAGI,2.533354683169137,7,area_weighted,
2022-07-10,KARNATAKA,Koppal,7412,KUKUNOOR,219189,KUDARIMOTHI,1.3169938325881958,1,direct_grid,
2022-07-10,KARNATAKA,Koppal,7412,KUKUNOOR,219191,MANDALAGERI,2.263495683670044,3,direct_grid,
2022-07-10,KARNATAKA,Koppal,7412,KUKUNOOR,219192,MANGALUR,1.5813218355178833,1,direct_grid,
2022-07-10,KARNATAKA,Koppal,7412,KUKUNOOR,273147,MASABAHANCHINAL,2.71095609664917,1,direct_grid,
2022-07-10,KARNATAKA,Koppal,7412,KUKUNOOR,273149,NELZERI,1.1798870043721967,3,area_weighted,
2022-07-10,KARNATAKA,Koppal,7412,KUKUNOOR,219196,RAJOOR,2.2574934091076666,6,area_weighted,
2022-07-10,KARNATAKA,Koppal,7412,KUKUNOOR,219198,SHIRUR,1.8520735502243042,1,direct_grid,
2022-07-10,KARNATAKA,Koppal,7412,KUKUNOOR,219199,TALAKAL,2.9125081300735474,2,direct_grid,
2022-07-10,KARNATAKA,Koppal,7412,KUKUNOOR,219203,YEREHANCHINAL,2.0312293767929077,2,direct_grid,
2022-07-10,KARNATAKA,Koppal,5877,KUSHTAGI,219143,ADAVIBHAVI,2.123815099398295,3,direct_grid,
2022-07-10,KARNATAKA,Koppal,5877,KUSHTAGI,273134,ANTARATHANA,1.7763711810112,2,direct_grid,
2022-07-10,KARNATAKA,Koppal,5877,KUSHTAGI,219144,BENAKANAHAL,1.49294802866851,6,area_weighted,
2022-07-10,KARNATAKA,Koppal,5877,KUSHTAGI,219145,BIJAKAL,1.7451784213383992,3,direct_grid,
2022-07-10,KARNATAKA,Koppal,5877,KUSHTAGI,273135,BILEKAL,2.0723319053649902,1,direct_grid,
2022-07-10,KARNATAKA,Koppal,5877,KUSHTAGI,219146,CHALAGERA,1.6074630618095398,2,direct_grid,
2022-07-10,KARNATAKA,Koppal,5877,KUSHTAGI,219147,DOTIHAL,2.188197135925293,1,direct_grid,
2022-07-10,KARNATAKA,Koppal,5877,KUSHTAGI,273137,GUMAGERI,0.6132241487503052,1,direct_grid,
2022-07-10,KARNATAKA,Koppal,5877,KUSHTAGI,273139,HABALAKATTI,1.7812386954495973,4,area_weighted,
2022-07-10,KARNATAKA,Koppal,5877,KUSHTAGI,219148,HANUMANAL,1.9669302260043406,5,area_weighted,
2022-07-10,KARNATAKA,Koppal,5877,KUSHTAGI,219149,HANUMASAGAR,1.7472466230392456,1,direct_grid,
2022-07-10,KARNATAKA,Koppal,5877,KUSHTAGI,219150,HIREBANNIGOL,1.227805733680725,1,direct_grid,
2022-07-10,KARNATAKA,Koppal,5877,KUSHTAGI,219151,HIREGONNAGAR,1.5214242935180664,2,direct_grid,
2022-07-10,KARNATAKA,Koppal,5877,KUSHTAGI,219152,HIREMANNAPUR,1.2789212465286255,1,direct_grid,
2022-07-10,KARNATAKA,Koppal,5877,KUSHTAGI,273141,HIRENANDIHAL,1.3137485980987549,1,direct_grid,
2022-07-10,KARNATAKA,Koppal,5877,KUSHTAGI,219153,HULAGERA,2.12774920463562,1,direct_grid,
2022-07-10,KARNATAKA,Koppal,5877,KUSHTAGI,219154,JAHAGIRGUDADUR,2.1108188559508605,8,area_weighted,
2022-07-10,KARNATAKA,Koppal,5877,KUSHTAGI,219155,JUMLAPUR,2.5373237133026123,2,direct_grid,
2022-07-10,KARNATAKA,Koppal,5877,KUSHTAGI,219156,KABBARAGI,1.6661588549613953,2,direct_grid,
2022-07-10,KARNATAKA,Koppal,5877,KUSHTAGI,219157,KANDAKUR,0.9504936236155777,6,area_weighted,
2022-07-10,KARNATAKA,Koppal,5877,KUSHTAGI,219158,KATAPUR,1.3805714845657349,1,direct_grid,
2022-07-10,KARNATAKA,Koppal,5877,KUSHTAGI,273142,KESUR,2.670598030090332,1,direct_grid,
2022-07-10,KARNATAKA,Koppal,5877,KUSHTAGI,219159,KILARHATTI,3.055702865123749,4,direct_grid,
2022-07-10,KARNATAKA,Koppal,5877,KUSHTAGI,219160,KORADAKERA,1.110709309577942,1,direct_grid,
2022-07-10,KARNATAKA,Koppal,5877,KUSHTAGI,219161,KYADIGUPPA,2.470895290374756,1,direct_grid,
2022-07-10,KARNATAKA,Koppal,5877,KUSHTAGI,273143,LINGADAHALLI,1.8397146463394165,1,direct_grid,
2022-07-10,KARNATAKA,Koppal,5877,KUSHTAGI,219162,MALAGITTI,1.934314489364624,1,direct_grid,
2022-07-10,KARNATAKA,Koppal,5877,KUSHTAGI,219163,MENEDAL,2.066471040248871,2,direct_grid,
2022-07-10,KARNATAKA,Koppal,5877,KUSHTAGI,219164,MUDENOOR,2.472695827484131,1,direct_grid,
2022-07-10,KARNATAKA,Koppal,5877,KUSHTAGI,219165,NILOGAL,2.0314637422561646,2,direct_grid,
2022-07-10,KARNATAKA,Koppal,5877,KUSHTAGI,219166,SANGANAL,2.358938694000244,1,direct_grid,
2022-07-10,KARNATAKA,Koppal,5877,KUSHTAGI,273144,SHIRAGUMPI,2.6856609582901,2,direct_grid,
2022-07-10,KARNATAKA,Koppal,5877,KUSHTAGI,219167,TALUVAGERA,1.6881468296051025,1,direct_grid,
2022-07-10,KARNATAKA,Koppal,5877,KUSHTAGI,219169,TUGGALADONI,1.9820934534072876,1,direct_grid,
2022-07-10,KARNATAKA,Koppal,5877,KUSHTAGI,273145,TUMARIKOPPA,1.6995880603790283,1,direct_grid,
2022-07-10,KARNATAKA,Koppal,5877,KUSHTAGI,219170,YERAGERA,1.3448715209960938,1,direct_grid,
2022-07-10,KARNATAKA,Koppal,5878,YELBURGA,219172,BANDI,1.4582542181015015,1,direct_grid,
2022-07-10,KARNATAKA,Koppal,5878,YELBURGA,219174,BELLUTAGI,1.639143466949463,2,direct_grid,
2022-07-10,KARNATAKA,Koppal,5878,YELBURGA,219176,BEVOOR,1.2436789274215698,1,direct_grid,
2022-07-10,KARNATAKA,Koppal,5878,YELBURGA,273146,BHUDURA,1.4885342121124268,1,direct_grid,
2022-07-10,KARNATAKA,Koppal,5878,YELBURGA,219178,CHIKKAMYAGERI,1.649566650390625,2,direct_grid,
2022-07-10,KARNATAKA,Koppal,5878,YELBURGA,219180,GANADAL,1.4439071416854858,2,direct_grid,
2022-07-10,KARNATAKA,Koppal,5878,YELBURGA,219181,GUNNAL,1.1127556264400482,2,direct_grid,
2022-07-10,KARNATAKA,Koppal,5878,YELBURGA,219182,HIREARALIHALLI,1.3103461265563965,1,direct_grid,
2022-07-10,KARNATAKA,Koppal,5878,YELBURGA,219184,HIREMYAGERI,1.9400878981444294,4,area_weighted,
2022-07-10,KARNATAKA,Koppal,5878,YELBURGA,219185,HIREVANKALAKUNTA,1.2380540370941162,1,direct_grid,
2022-07-10,KARNATAKA,Koppal,5878,YELBURGA,219187,KALLUR,2.269261598587036,1,direct_grid,
2022-07-10,KARNATAKA,Koppal,5878,YELBURGA,219188,KARMUDI,2.027587652206421,2,direct_grid,
2022-07-10,KARNATAKA,Koppal,5878,YELBURGA,219193,MATALADINNI,1.0365042984485626,2,direct_grid,
2022-07-10,KARNATAKA,Koppal,5878,YELBURGA,219194,MUDHOL,1.901084303855896,2,direct_grid,
2022-07-10,KARNATAKA,Koppal,5878,YELBURGA,219195,MURADI,1.3934177160263062,2,direct_grid,
2022-07-10,KARNATAKA,Koppal,5878,YELBURGA,219197,SANGANAHAL,2.0604881644248962,2,direct_grid,
2022-07-10,KARNATAKA,Koppal,5878,YELBURGA,274149,SANKANOORU,2.006486177444458,1,direct_grid,
2022-07-10,KARNATAKA,Koppal,5878,YELBURGA,219200,TALIKERI,0.9815890192985535,1,direct_grid,
2022-07-10,KARNATAKA,Koppal,5878,YELBURGA,273148,TUMMARAGUDDHI,1.5846421718597412,1,direct_grid,
2022-07-10,KARNATAKA,Koppal,5878,YELBURGA,219201,VAJRABANDI,1.4281384944915771,2,direct_grid,
2022-07-10,KARNATAKA,Koppal,5878,YELBURGA,219202,VANAGERI,1.5642350912094116,2,direct_grid,
2022-07-10,KARNATAKA,Mandya,5883,NAGAMANGALA,219364,ANCHECHITTANAHALLI,3.4266438484191895,1,direct_grid,
2022-07-10,KARNATAKA,Mandya,5883,NAGAMANGALA,219365,ARANI,1.870938777923584,1,direct_grid,
2022-07-10,KARNATAKA,Mandya,5883,NAGAMANGALA,219367,BHIMANAHALLI,3.0986709594726562,1,direct_grid,
2022-07-10,KARNATAKA,Mandya,5883,NAGAMANGALA,219369,BINDIGANAVILE,2.732668399810791,1,direct_grid,
2022-07-10,KARNATAKA,Mandya,5883,NAGAMANGALA,219370,BOGADHI,2.5949769020080566,1,area_weighted,
2022-07-10,KARNATAKA,Mandya,5883,NAGAMANGALA,219371,CHINYA,2.8373233383602066,2,area_weighted,
2022-07-10,KARNATAKA,Mandya,5883,NAGAMANGALA,219372,CHUNCHANAHALLI,1.8983722592435286,6,area_weighted,
2022-07-10,KARNATAKA,Mandya,5883,NAGAMANGALA,219374,DEVARAMALLANAYAKANAHALLI,4.564580917358398,1,area_weighted,
2022-07-10,KARNATAKA,Mandya,5883,NAGAMANGALA,219375,DODDABALA,2.3074889401502987,10,area_weighted,
2022-07-10,KARNATAKA,Mandya,5883,NAGAMANGALA,219376,GONDENAHALLI,2.314365218852893,7,area_weighted,
2022-07-10,KARNATAKA,Mandya,5883,NAGAMANGALA,219377,HARADANAHALLI,4.2842934131622314,2,direct_grid,
2022-07-10,KARNATAKA,Mandya,5883,NAGAMANGALA,219379,HONNAVARA,2.3377044200897217,1,area_weighted,
2022-07-10,KARNATAKA,Mandya,5883,NAGAMANGALA,272691,HULIKERE,2.8736460234096954,5,area_weighted,
2022-07-10,KARNATAKA,Mandya,5883,NAGAMANGALA,219380,JAVARANAHALLI,2.0049045085906982,1,direct_grid,
2022-07-10,KARNATAKA,Mandya,5883,NAGAMANGALA,219381,KADABAHALLI,1.7529762983322144,1,direct_grid,
2022-07-10,KARNATAKA,Mandya,5883,NAGAMANGALA,219382,KALINGANAHALLI,2.216747760772705,2,direct_grid,
2022-07-10,KARNATAKA,Mandya,5883,NAGAMANGALA,219383,KANTHAPURA,3.8195724043358963,4,area_weighted,
2022-07-10,KARNATAKA,Mandya,5883,NAGAMANGALA,219384,KARADAHALLI,2.877056295508349,6,area_weighted,
2022-07-10,KARNATAKA,Mandya,5883,NAGAMANGALA,219385,LALANAKERE,2.0916534662246704,2,direct_grid,
2022-07-10,KARNATAKA,Mandya,5883,NAGAMANGALA,219387,MAYIGONAHALLI,3.0986709594726562,1,area_weighted,
2022-07-10,KARNATAKA,Mandya,5883,NAGAMANGALA,219388,NALLIGERE,2.080085039138794,1,direct_grid,
2022-07-10,KARNATAKA,Mandya,5883,NAGAMANGALA,219389,PALAGRAHARA,3.63747272752167,4,area_weighted,
2022-07-10,KARNATAKA,Raichur,5893,DEVADURGA,219671,ALKOD,11.24166058350286,6,area_weighted,
2022-07-10,KARNATAKA,Raichur,5893,DEVADURGA,273065,AMARAPUR,13.313573201497395,3,direct_grid,
2022-07-10,KARNATAKA,Raichur,5893,DEVADURGA,219672,ARKERA,13.013776779174805,1,direct_grid,
2022-07-10,KARNATAKA,Raichur,5893,DEVADURGA,219673,B.GANEKAL,12.617927551269531,1,direct_grid,
2022-07-10,KARNATAKA,Raichur,5893,DEVADURGA,273066,BHUMANAGUNDA,11.617362022399902,1,direct_grid,
2022-07-10,KARNATAKA,Raichur,5893,DEVADURGA,219674,CHINCHODI,11.935627460479736,2,direct_grid,
2022-07-10,KARNATAKA,Raichur,5893,DEVADURGA,219675,DONDAMBLI,18.4451847076416,4,direct_grid,
2022-07-10,KARNATAKA,Raichur,5893,DEVADURGA,219676,GABBUR,17.522324562072754,2,direct_grid,
2022-07-10,KARNATAKA,Raichur,5893,DEVADURGA,219677,GALAGA,10.95107126235962,2,direct_grid,
2022-07-10,KARNATAKA,Raichur,5893,DEVADURGA,219678,GANADHAL (DEODURGA),11.639607199585805,7,area_weighted,
2022-07-10,KARNATAKA,Raichur,5893,DEVADURGA,219679,GUGAL,19.82472038269043,2,direct_grid,
2022-07-10,KARNATAKA,Raichur,5893,DEVADURGA,219680,HEMANAL,19.14232635498047,2,direct_grid,
2022-07-10,KARNATAKA,Raichur,5893,DEVADURGA,219681,HIREBUDUR,17.44313621520996,3,direct_grid,
2022-07-10,KARNATAKA,Raichur,5893,DEVADURGA,219682,HOSUR SIDDAPUR,11.862060546875,1,direct_grid,
2022-07-10,KARNATAKA,Raichur,5893,DEVADURGA,219683,JAGIRAJADALADINNI,13.421683311462402,1,direct_grid,
2022-07-10,KARNATAKA,Raichur,5893,DEVADURGA,219684,JALAHALLI,12.779784277548291,4,area_weighted,
2022-07-10,KARNATAKA,Raichur,5893,DEVADURGA,219685,JEERABANDI,18.564939498901367,1,direct_grid,
2022-07-10,KARNATAKA,Raichur,5893,DEVADURGA,219686,K.IRABGERA,16.482921600341797,2,direct_grid,
2022-07-10,KARNATAKA,Raichur,5893,DEVADURGA,219687,KARADIGUDDA,13.231581687927246,1,direct_grid,
2022-07-10,KARNATAKA,Raichur,5893,DEVADURGA,219688,KARIGUDDA,15.921197891235352,1,direct_grid,
2022-07-10,KARNATAKA,Raichur,5893,DEVADURGA,219689,KOPPAR,18.247140884399414,2,direct_grid,
2022-07-10,KARNATAKA,Raichur,5893,DEVADURGA,219690,KOTHADODDI,14.374258041381836,1,direct_grid,
2022-07-10,KARNATAKA,Raichur,5893,DEVADURGA,219691,KYADIGERA,11.695014317830402,3,direct_grid,
2022-07-10,KARNATAKA,Raichur,5893,DEVADURGA,219692,MALADAKAL,15.11514949798584,3,direct_grid,
2022-07-10,KARNATAKA,Raichur,5893,DEVADURGA,273067,MALLEDEVARAGUDDA,11.870535850524902,1,direct_grid,
2022-07-10,KARNATAKA,Raichur,5893,DEVADURGA,219693,MASARKAL,16.07286834716797,1,direct_grid,
2022-07-10,KARNATAKA,Raichur,5893,DEVADURGA,219694,MUNDARAGI,11.990696907043457,2,direct_grid,
2022-07-10,KARNATAKA,Raichur,5893,DEVADURGA,219695,MUSTUR,13.999815940856934,2,direct_grid,
2022-07-10,KARNATAKA,Raichur,5893,DEVADURGA,219696,NAGADADINNI,14.177343845367432,2,direct_grid,
2022-07-10,KARNATAKA,Raichur,5893,DEVADURGA,219697,PALAKANAMARDI,10.91834831237793,2,direct_grid,
2022-07-10,KARNATAKA,Raichur,5893,DEVADURGA,219698,RAMADURGA,15.935863018035889,2,direct_grid,
2022-07-10,KARNATAKA,Raichur,5893,DEVADURGA,273068,SHAVANTAGERA,15.490363121032715,1,direct_grid,
2022-07-10,KARNATAKA,Raichur,5893,DEVADURGA,273069,SOMANAMARADI,11.224189758300781,1,direct_grid,
2022-07-10,KARNATAKA,Raichur,5894,LINGSUGUR,219699,AMADIHAL,4.655120531717936,3,direct_grid,
2022-07-10,KARNATAKA,Raichur,5894,LINGSUGUR,219700,ANAHOSUR,5.106645107269287,1,direct_grid,
2022-07-10,KARNATAKA,Raichur,5894,LINGSUGUR,219702,ANWARI,8.62607208887736,3,direct_grid,
2022-07-10,KARNATAKA,Raichur,5894,LINGSUGUR,219703,BANNIGOL,3.804272413253784,1,direct_grid,
2022-07-10,KARNATAKA,Raichur,5894,LINGSUGUR,219704,BAYYAPUR,4.4709153175354,1,direct_grid,
2022-07-10,KARNATAKA,Raichur,5894,LINGSUGUR,273070,CHITTAPURA,4.822046279907227,1,direct_grid,
2022-07-10,KARNATAKA,Raichur,5894,LINGSUGUR,219705,DEVARABHUPUR,8.919148445129395,1,direct_grid,
2022-07-10,KARNATAKA,Raichur,5894,LINGSUGUR,219706,EACHANAL,5.815116778117464,5,area_weighted,
2022-07-10,KARNATAKA,Raichur,5894,LINGSUGUR,219707,GEJJALAGATTA,7.453594207763672,1,direct_grid,
2022-07-10,KARNATAKA,Raichur,5894,LINGSUGUR,219708,GOREBAL,5.99597692489624,1,direct_grid,
2022-07-10,KARNATAKA,Raichur,5894,LINGSUGUR,219709,GOUDUR,9.961684226989746,3,direct_grid,
2022-07-10,KARNATAKA,Raichur,5894,LINGSUGUR,219710,GUNTAGOL,6.502744197845459,2,direct_grid,
2022-07-10,KARNATAKA,Raichur,5894,LINGSUGUR,219711,GURUGUNTA,9.360690116882324,3,direct_grid,
2022-07-10,KARNATAKA,Raichur,5894,LINGSUGUR,273072,HALKAVATAGI,4.623401641845703,1,direct_grid,
2022-07-10,KARNATAKA,Raichur,5894,LINGSUGUR,219712,HONNALLI,7.445508480072021,3,direct_grid,
2022-07-10,KARNATAKA,Raichur,5894,LINGSUGUR,219713,HUNUR,3.234060208002726,3,direct_grid,
2022-07-10,KARNATAKA,Raichur,5894,LINGSUGUR,219715,KACHAPUR,4.620751142501831,2,direct_grid,
2022-07-10,KARNATAKA,Raichur,5894,LINGSUGUR,219716,KALAPUR,6.4780473709106445,1,direct_grid,
2022-07-10,KARNATAKA,Raichur,5894,LINGSUGUR,273073,KHAIRAWADGI,4.569116103635199,5,area_weighted,
2022-07-10,KARNATAKA,Raichur,5894,LINGSUGUR,219718,KOTA,6.916743278503418,1,direct_grid,
2022-07-10,KARNATAKA,Raichur,5894,LINGSUGUR,219722,MAVINABHAI,5.47774863243103,2,direct_grid,
2022-07-10,KARNATAKA,Raichur,5894,LINGSUGUR,219724,NAGARAL,4.39667042099624,4,area_weighted,
2022-07-10,KARNATAKA,Raichur,5894,LINGSUGUR,219725,NAGLAPUR,3.953738570213318,2,direct_grid,
2022-07-10,KARNATAKA,Raichur,5894,LINGSUGUR,219726,NARAKALADINNI,4.548674583435059,1,direct_grid,
2022-07-10,KARNATAKA,Raichur,5894,LINGSUGUR,273074,NEERANAKERA,5.624105930328369,1,direct_grid,
2022-07-10,KARNATAKA,Raichur,5894,LINGSUGUR,219727,PAIDODDI,11.183858871459961,1,direct_grid,
2022-07-10,KARNATAKA,Raichur,5894,LINGSUGUR,219728,RODALABANDA,9.983650732568643,7,area_weighted,
2022-07-10,KARNATAKA,Raichur,5894,LINGSUGUR,219729,RODALABANDA (U.K.P.),5.505791187286377,1,direct_grid,
2022-07-10,KARNATAKA,Raichur,5894,LINGSUGUR,219731,SARJAPUR,6.701357841491699,1,direct_grid,
2022-07-10,KARNATAKA,Raichur,5894,LINGSUGUR,219733,UPPARNANDIHAL,4.323154449462891,1,direct_grid,
2022-07-10,KARNATAKA,Raichur,5895,MANVI,219735,AROLI,13.350648403167725,2,direct_grid,
2022-07-10,KARNATAKA,Raichur,5895,MANVI,219739,BHOGAVATHI,10.886304795326014,8,area_weighted,
2022-07-10,KARNATAKA,Raichur,5895,MANVI,219740,BYAGAVATA,7.948345184326172,1,direct_grid,
2022-07-10,KARNATAKA,Raichur,5895,MANVI,219742,CHICKKOTNEKAL,10.925661563873291,2,direct_grid,
2022-07-10,KARNATAKA,Raichur,5895,MANVI,219744,GORKAL,12.444864273071289,1,direct_grid,
2022-07-10,KARNATAKA,Raichur,5895,MANVI,219747,HARAVI,12.10926342010498,1,direct_grid,
2022-07-10,KARNATAKA,Raichur,5895,MANVI,219750,HIREKOTNEKAL,10.074461936950684,1,direct_grid,
2022-07-10,KARNATAKA,Raichur,5895,MANVI,219751,JANEKAL,9.878972053527832,2,direct_grid,
2022-07-10,KARNATAKA,Raichur,5895,MANVI,219753,KAPGAL,13.091017221127295,6,area_weighted,
2022-07-10,KARNATAKA,Raichur,5895,MANVI,219755,KURDI,12.531898975372314,2,direct_grid,
2022-07-10,KARNATAKA,Raichur,5895,MANVI,219757,MADLAPUR,11.806683858235676,3,direct_grid,
2022-07-10,KARNATAKA,Raichur,5895,MANVI,219759,NAKKUNDI,8.268092414718506,6,area_weighted,
2022-07-10,KARNATAKA,Raichur,5895,MANVI,219761,NIRMANVI,12.605610847473145,1,direct_grid,
2022-07-10,KARNATAKA,Raichur,5895,MANVI,219763,POTHNAL,8.697281837463379,1,direct_grid,
2022-07-10,KARNATAKA,Raichur,5895,MANVI,219764,SADAPUR,12.032147884368896,2,direct_grid,
2022-07-10,KARNATAKA,Raichur,5895,MANVI,219765,SANGAPUR,11.028139114379883,1,direct_grid,
2022-07-10,KARNATAKA,Raichur,5895,MANVI,219767,SUNKESHWAR,12.71487808227539,2,direct_grid,
2022-07-10,KARNATAKA,Raichur,5895,MANVI,219769,UTAKANUR,5.851733207702637,3,direct_grid,
2022-07-10,KARNATAKA,Raichur,7414,MASKI,219734,AMEENAGADA,7.256841659545898,2,direct_grid,
2022-07-10,KARNATAKA,Raichur,7414,MASKI,219701,ANKUSHADODDI,5.811046600341797,2,direct_grid,
2022-07-10,KARNATAKA,Raichur,7414,MASKI,219804,BAPPUR,4.724210898081461,3,direct_grid,
2022-07-10,KARNATAKA,Raichur,7414,MASKI,273075,CHINCHARAKI,9.81743335723877,1,direct_grid,
2022-07-10,KARNATAKA,Raichur,7414,MASKI,273071,DIGGANAYAKANABHAVI,4.964296516061037,5,area_weighted,
2022-07-10,KARNATAKA,Raichur,7414,MASKI,219743,GANADINNI,13.830378532409668,2,direct_grid,
2022-07-10,KARNATAKA,Raichur,7414,MASKI,219812,GOUDANABHAVI,7.3472113609313965,1,direct_grid,
2022-07-10,KARNATAKA,Raichur,7414,MASKI,219813,GUDADUR,5.516486883163452,2,direct_grid,
2022-07-10,KARNATAKA,Raichur,7414,MASKI,219814,GUNDA,3.7036415338516235,4,direct_grid,
2022-07-10,KARNATAKA,Raichur,7414,MASKI,219746,HALAPUR,4.321089744567871,1,direct_grid,
2022-07-10,KARNATAKA,Raichur,7414,MASKI,273076,HIREDINNI,5.151133060455322,1,direct_grid,
2022-07-10,KARNATAKA,Raichur,7414,MASKI,219717,KANNAL,4.99048924446106,2,direct_grid,
2022-07-10,KARNATAKA,Raichur,7414,MASKI,219820,KOLBAL,5.313380241394043,1,direct_grid,
2022-07-10,KARNATAKA,Raichur,7414,MASKI,219719,MARALADINNI,5.002160549163818,2,direct_grid,
2022-07-10,KARNATAKA,Raichur,7414,MASKI,219721,MATTUR,5.19845986366272,2,direct_grid,
2022-07-10,KARNATAKA,Raichur,7414,MASKI,219723,MEDAKINAL,4.942108631134033,2,direct_grid,
2022-07-10,KARNATAKA,Raichur,7414,MASKI,219762,PAMANAKALLUR,5.803434371948242,1,direct_grid,
2022-07-10,KARNATAKA,Raichur,7414,MASKI,219730,SANTHEKALLUR,5.967886209487915,2,direct_grid,
2022-07-10,KARNATAKA,Raichur,7414,MASKI,219732,TELEKHAN,4.3099470138549805,2,direct_grid,
2022-07-10,KARNATAKA,Raichur,7414,MASKI,219768,TORANADINNI,6.759374618530273,1,direct_grid,
2022-07-10,KARNATAKA,Raichur,7414,MASKI,219832,UDBAL (U),5.26026725769043,1,direct_grid,
2022-07-10,KARNATAKA,Raichur,7414,MASKI,273078,VATAGAL,6.019907712936401,2,direct_grid,
2022-07-10,KARNATAKA,Raichur,5896,RAICHUR,219770,ATHKOOR,22.55026550292969,5,direct_grid,
2022-07-10,KARNATAKA,Raichur,5896,RAICHUR,219771,BAIDODDI,21.599769592285156,2,direct_grid,
2022-07-10,KARNATAKA,Raichur,5896,RAICHUR,219772,BICHALI,13.442736625671387,1,direct_grid,
2022-07-10,KARNATAKA,Raichur,5896,RAICHUR,219773,BIJANGERA,20.29484748840332,1,direct_grid,
2022-07-10,KARNATAKA,Raichur,5896,RAICHUR,219774,CHANDRABANDA,24.29557514190674,2,direct_grid,
2022-07-10,KARNATAKA,Raichur,5896,RAICHUR,219775,CHICKSUGUR,21.030731201171875,1,direct_grid,
2022-07-10,KARNATAKA,Raichur,5896,RAICHUR,219776,DEVASUGUR,20.859405517578125,1,direct_grid,
2022-07-10,KARNATAKA,Raichur,5896,RAICHUR,219777,GANADHAL,13.910004615783691,1,direct_grid,
2022-07-10,KARNATAKA,Raichur,5896,RAICHUR,219778,GILLESUGUR,14.080029487609863,1,direct_grid,
2022-07-10,KARNATAKA,Raichur,5896,RAICHUR,219779,GUNJALLI,15.420232772827148,2,direct_grid,
2022-07-10,KARNATAKA,Raichur,5896,RAICHUR,273079,HEERAPURA,13.290137448643424,5,area_weighted,
2022-07-10,KARNATAKA,Raichur,5896,RAICHUR,219780,IDAPANUR,15.43922472000122,2,direct_grid,
2022-07-10,KARNATAKA,Raichur,5896,RAICHUR,219781,JAGIR VENKATAPUR,17.016197204589844,1,direct_grid,
2022-07-10,KARNATAKA,Raichur,5896,RAICHUR,219782,JAMBALADINNI,16.975385665893555,1,direct_grid,
2022-07-10,KARNATAKA,Raichur,5896,RAICHUR,219783,JEGARKAL,19.84923553466797,3,direct_grid,
2022-07-10,KARNATAKA,Raichur,5896,RAICHUR,219784,KADLOOR,20.74362850189209,4,direct_grid,
2022-07-10,KARNATAKA,Raichur,5896,RAICHUR,219785,KALMALA,16.51673984527588,2,direct_grid,
2022-07-10,KARNATAKA,Raichur,5896,RAICHUR,219786,KAMLAPUR,16.864538192749023,1,direct_grid,
2022-07-10,KARNATAKA,Raichur,5896,RAICHUR,219787,LINGANAKHANADODI,18.59844398498535,1,direct_grid,
2022-07-10,KARNATAKA,Raichur,5896,RAICHUR,219788,MAMDAPUR,17.059049606323242,1,direct_grid,
2022-07-10,KARNATAKA,Raichur,5896,RAICHUR,219789,MANCHLAPUR,18.99407386779785,2,direct_grid,
2022-07-10,KARNATAKA,Raichur,5896,RAICHUR,219790,MARCHATHAL,15.418722152709961,2,direct_grid,
2022-07-10,KARNATAKA,Raichur,5896,RAICHUR,219791,MATMARI,14.841437339782715,1,direct_grid,
2022-07-10,KARNATAKA,Raichur,5896,RAICHUR,219792,MITTIMALKAPUR,18.607742309570312,2,direct_grid,
2022-07-10,KARNATAKA,Raichur,5896,RAICHUR,273080,NADIGADDI MALKAPURA,14.193564414978027,1,direct_grid,
2022-07-10,KARNATAKA,Raichur,5896,RAICHUR,219793,PURTHIPLI,14.711983593726682,7,area_weighted,
2022-07-10,KARNATAKA,Raichur,5896,RAICHUR,219794,SAGAMAKUNTA,22.170906642556325,6,area_weighted,
2022-07-10,KARNATAKA,Raichur,5896,RAICHUR,219795,SHAKWADI,20.956893920898438,1,direct_grid,
2022-07-10,KARNATAKA,Raichur,5896,RAICHUR,219796,SINGANODI,23.23466023872068,5,area_weighted,
2022-07-10,KARNATAKA,Raichur,5896,RAICHUR,219797,TALMARI,14.383050918579102,1,direct_grid,
2022-07-10,KARNATAKA,Raichur,5896,RAICHUR,273081,UDAMAGAL,17.022556359470926,8,area_weighted,
2022-07-10,KARNATAKA,Raichur,5896,RAICHUR,219798,YADLAPUR,21.0783748626709,1,direct_grid,
2022-07-10,KARNATAKA,Raichur,5896,RAICHUR,219799,YAPALADINNI,23.089365005493164,1,direct_grid,
2022-07-10,KARNATAKA,Raichur,5896,RAICHUR,219800,YERGERA,16.629323482513428,2,direct_grid,
2022-07-10,KARNATAKA,Raichur,5897,SINDHANUR,219801,ALABANUR,9.320258140563965,1,direct_grid,
2022-07-10,KARNATAKA,Raichur,5897,SINDHANUR,219802,BADARLI,9.291303157806396,2,direct_grid,
2022-07-10,KARNATAKA,Raichur,5897,SINDHANUR,219805,BASSAPUR K.,3.850329637527466,1,direct_grid,
2022-07-10,KARNATAKA,Raichur,5897,SINDHANUR,219806,BHOOTALADINNI,7.361952304840088,1,direct_grid,
2022-07-10,KARNATAKA,Raichur,5897,SINDHANUR,219807,CHENNALLI,4.7499696016311646,4,direct_grid,
2022-07-10,KARNATAKA,Raichur,5897,SINDHANUR,219808,DEVARAGUDI,6.310642719268799,1,direct_grid,
2022-07-10,KARNATAKA,Raichur,5897,SINDHANUR,219809,DHADESUGUR,9.439173698425293,2,direct_grid,
2022-07-10,KARNATAKA,Raichur,5897,SINDHANUR,273384,GANDHINAGAR,4.71251916885376,1,direct_grid,
2022-07-10,KARNATAKA,Raichur,5897,SINDHANUR,219810,GONAWARA,10.351635932922363,1,direct_grid,
2022-07-10,KARNATAKA,Raichur,5897,SINDHANUR,219811,GOREBAL,5.383734092257632,5,area_weighted,
2022-07-10,KARNATAKA,Raichur,5897,SINDHANUR,219815,GUNJALLI,5.968738555908203,1,direct_grid,
2022-07-10,KARNATAKA,Raichur,5897,SINDHANUR,273082,HEDAGINALA,10.945788383483887,2,direct_grid,
2022-07-10,KARNATAKA,Raichur,5897,SINDHANUR,219816,HOSALLI E.J.,7.931665658950806,2,direct_grid,
2022-07-10,KARNATAKA,Raichur,5897,SINDHANUR,219817,JALIHAL,5.72434663772583,1,direct_grid,
2022-07-10,KARNATAKA,Raichur,5897,SINDHANUR,219818,JAVALGERA,8.323896408081055,1,direct_grid,
2022-07-10,KARNATAKA,Raichur,5897,SINDHANUR,219819,KALMANGI,3.3042164643605547,3,direct_grid,
2022-07-10,KARNATAKA,Raichur,5897,SINDHANUR,219821,MADASIRWAR,8.789975112412986,6,area_weighted,
2022-07-10,KARNATAKA,Raichur,5897,SINDHANUR,219822,MUKKUNDA,5.927027702331543,1,direct_grid,
2022-07-10,KARNATAKA,Raichur,5897,SINDHANUR,219823,PAGADADINNI,6.214702844619751,2,direct_grid,
2022-07-10,KARNATAKA,Raichur,5897,SINDHANUR,219824,R.H.CAMP,8.31071424484253,2,direct_grid,
2022-07-10,KARNATAKA,Raichur,5897,SINDHANUR,219825,RAGALAPARVI,9.03188419342041,1,direct_grid,
2022-07-10,KARNATAKA,Raichur,5897,SINDHANUR,219826,RAMATHNAL,7.493638277053833,2,direct_grid,
2022-07-10,KARNATAKA,Raichur,5897,SINDHANUR,219827,ROUDAKUNDA,6.547493326270767,4,area_weighted,
2022-07-10,KARNATAKA,Raichur,5897,SINDHANUR,219828,SALAGUNDA,8.05942702293396,2,direct_grid,
2022-07-10,KARNATAKA,Raichur,5897,SINDHANUR,219829,SOMALAPUR,7.1329874992370605,2,direct_grid,
2022-07-10,KARNATAKA,Raichur,5897,SINDHANUR,219830,TIDIGOL,5.434525012969971,1,direct_grid,
2022-07-10,KARNATAKA,Raichur,5897,SINDHANUR,219833,UMALOTI,2.8172136545181274,2,direct_grid,
2022-07-10,KARNATAKA,Raichur,5897,SINDHANUR,273083,VALA BALLARY,9.95859416553399,6,area_weighted,
2022-07-10,KARNATAKA,Raichur,5897,SINDHANUR,219834,VIRUPAPUR,7.154315948486328,1,direct_grid,
2022-07-10,KARNATAKA,Raichur,5897,SINDHANUR,273084,YELEKUDLAGI,5.861475467681885,1,direct_grid,
2022-07-10,KARNATAKA,Raichur,7415,SIRAWARA,219736,ATHANUR,14.182238578796387,1,direct_grid,
2022-07-10,KARNATAKA,Raichur,7415,SIRAWARA,219737,BAGALAWAD,9.067203521728516,1,direct_grid,
2022-07-10,KARNATAKA,Raichur,7415,SIRAWARA,219738,BALLATAGI,10.223476886749268,2,direct_grid,
2022-07-10,KARNATAKA,Raichur,7415,SIRAWARA,219741,CHAGABHAVI,12.912186622619629,1,direct_grid,
2022-07-10,KARNATAKA,Raichur,7415,SIRAWARA,219745,GUDADINNI .K,11.608631610870361,2,direct_grid,
2022-07-10,KARNATAKA,Raichur,7415,SIRAWARA,219748,HEERA,9.074676036834717,3,direct_grid,
2022-07-10,KARNATAKA,Raichur,7415,SIRAWARA,219749,HIREHANAGI,8.853281021118164,1,direct_grid,
2022-07-10,KARNATAKA,Raichur,7415,SIRAWARA,219752,KALLUR,15.105955839157104,4,direct_grid,
2022-07-10,KARNATAKA,Raichur,7415,SIRAWARA,219756,MADAGIRI,12.819684028625488,2,direct_grid,
2022-07-10,KARNATAKA,Raichur,7415,SIRAWARA,273077,MALLADAGUDDA,7.3791069045302455,7,area_weighted,
2022-07-10,KARNATAKA,Raichur,7415,SIRAWARA,219758,MALLAT,10.800641536712646,2,direct_grid,
2022-07-10,KARNATAKA,Raichur,7415,SIRAWARA,219760,NAVALAKAL,11.870826721191406,1,direct_grid,
2022-07-10,KARNATAKA,Ramanagara,5768,MAGADI,215543,ADARANGI,1.2787889945515598,4,area_weighted,
2022-07-10,KARNATAKA,Ramanagara,5768,MAGADI,215544,AGALAKOTE,3.9879994167345902,4,area_weighted,
2022-07-10,KARNATAKA,Ramanagara,5768,MAGADI,215545,AJJANAHALLI,2.4032292644797235,4,area_weighted,
2022-07-10,KARNATAKA,Ramanagara,5768,MAGADI,215546,BACHENAHATTI,1.62391197681427,1,direct_grid,
2022-07-10,KARNATAKA,Ramanagara,5768,MAGADI,215547,BANAVADI,1.88886296749115,1,direct_grid,
2022-07-10,KARNATAKA,Ramanagara,5768,MAGADI,215548,BELAGUMBA,0.8422449231147766,1,direct_grid,
2022-07-10,KARNATAKA,Ramanagara,5768,MAGADI,215549,BISKUR,1.194517731666565,1,direct_grid,
2022-07-10,KARNATAKA,Ramanagara,5768,MAGADI,215550,BITTASANDRA,1.4220826029777527,2,direct_grid,
2022-07-10,KARNATAKA,Ramanagara,5768,MAGADI,215551,CHIKKA MUDIGERE,1.873713731765747,1,direct_grid,
2022-07-10,KARNATAKA,Ramanagara,5768,MAGADI,215552,CHIKKAHALLI,1.2493239043811497,5,area_weighted,
2022-07-10,KARNATAKA,Ramanagara,5768,MAGADI,215553,GUDEMARANAHALLI,1.1894477319195766,7,area_weighted,
2022-07-10,KARNATAKA,Ramanagara,5768,MAGADI,215554,HANCHIKUPPE,2.775956869125366,1,direct_grid,
2022-07-10,KARNATAKA,Ramanagara,5768,MAGADI,215555,HULIKAL.,1.2246370315551758,1,direct_grid,
2022-07-10,KARNATAKA,Ramanagara,5768,MAGADI,215556,HULLENAHALLI,1.2451182461037558,5,area_weighted,
2022-07-10,KARNATAKA,Ramanagara,5768,MAGADI,215557,KALARIKAVAL,1.4670196771621704,1,direct_grid,
2022-07-10,KARNATAKA,Ramanagara,5768,MAGADI,215558,KALYA,1.1190026998519897,1,direct_grid,
2022-07-10,KARNATAKA,Ramanagara,5768,MAGADI,215559,KANNUR,1.1965853955475767,3,area_weighted,
2022-07-10,KARNATAKA,Ramanagara,5768,MAGADI,215560,KUDUR,1.2138366608763922,2,area_weighted,
2022-07-10,KARNATAKA,Ramanagara,5768,MAGADI,215561,LAKKENAHALLI,1.2554224198809694,9,area_weighted,
2022-07-10,KARNATAKA,Ramanagara,5768,MAGADI,215562,MADABAL,3.821078300476074,1,direct_grid,
2022-07-10,KARNATAKA,Ramanagara,5768,MAGADI,215563,MADIGONDANAHALLI,1.2492574453353882,1,direct_grid,
2022-07-10,KARNATAKA,Ramanagara,5768,MAGADI,215564,MATHIKERE,3.9175225664833824,2,area_weighted,
2022-07-10,KARNATAKA,Ramanagara,5768,MAGADI,215565,MOTAGONDANAHALLLI,0.8675623536109924,1,direct_grid,
2022-07-10,KARNATAKA,Ramanagara,5768,MAGADI,215566,NARASANDRA,1.1499313712120056,2,direct_grid,
2022-07-10,KARNATAKA,Ramanagara,5768,MAGADI,215567,NETHENAHALLI,2.0562238693237305,1,direct_grid,
2022-07-10,KARNATAKA,Ramanagara,5768,MAGADI,215568,SANKIGHATTA,1.2616764307022095,1,direct_grid,
2022-07-10,KARNATAKA,Ramanagara,5768,MAGADI,215569,SATHANUR,4.49967622756958,1,direct_grid,
2022-07-10,KARNATAKA,Ramanagara,5768,MAGADI,215570,SEEGEKUPPE,3.0598517793559896,2,area_weighted,
2022-07-10,KARNATAKA,Ramanagara,5768,MAGADI,215571,SOLUR,1.2725445437607867,5,area_weighted,
2022-07-10,KARNATAKA,Ramanagara,5768,MAGADI,215572,SRIGIRIPURA,1.3769667148590088,1,direct_grid,
2022-07-10,KARNATAKA,Ramanagara,5768,MAGADI,215573,THAGGIKUPPE,1.1330913305282593,1,direct_grid,
2022-07-10,KARNATAKA,Ramanagara,5768,MAGADI,215574,THJPPASANDRA,1.3402127027511597,1,direct_grid,
2022-07-10,KARNATAKA,Ramanagara,5770,RAMANAGARA,215614,LAKSHMIPURA,2.775956869125366,1,area_weighted,
2022-07-10,KARNATAKA,Shivamogga,5898,BHADRAVATI,219835,AGARADAHALLI,1.9054707288742065,1,direct_grid,
2022-07-10,KARNATAKA,Shivamogga,5898,BHADRAVATI,219836,ANAVERI,1.6869395971298218,1,direct_grid,
2022-07-10,KARNATAKA,Shivamogga,5898,BHADRAVATI,219837,ANTHARAGANGE,2.3666365443608792,5,area_weighted,
2022-07-10,KARNATAKA,Shivamogga,5898,BHADRAVATI,219838,ARAHATHOLALU,2.000361680984497,1,area_weighted,
2022-07-10,KARNATAKA,Shivamogga,5898,BHADRAVATI,219839,ARAKERE,2.0812089443206787,1,direct_grid,
2022-07-10,KARNATAKA,Shivamogga,5898,BHADRAVATI,219840,ARALAHALLI,2.1881542205810547,1,area_weighted,
2022-07-10,KARNATAKA,Shivamogga,5898,BHADRAVATI,219841,ARALIKOPPA,3.0365960815013517,4,area_weighted,
2022-07-10,KARNATAKA,Shivamogga,5898,BHADRAVATI,219842,AREBILACHI,2.0938336849212646,1,area_weighted,
2022-07-10,KARNATAKA,Shivamogga,5898,BHADRAVATI,219843,ATTIGUNDA,2.1881542205810547,1,direct_grid,
2022-07-10,KARNATAKA,Shivamogga,5898,BHADRAVATI,219844,BARANDURU,2.6225028651851265,2,area_weighted,
2022-07-10,KARNATAKA,Shivamogga,5898,BHADRAVATI,219845,BILAKI,2.703371354920026,4,area_weighted,
2022-07-10,KARNATAKA,Shivamogga,5898,BHADRAVATI,219846,DASARAKALLAHALLI,2.3702577255680923,2,area_weighted,
2022-07-10,KARNATAKA,Shivamogga,5898,BHADRAVATI,219847,DODDERI,2.2376971483230594,5,direct_grid,
2022-07-10,KARNATAKA,Shivamogga,5898,BHADRAVATI,219848,DONABAGATTA,2.616624116897583,1,area_weighted,
2022-07-10,KARNATAKA,Shivamogga,5898,BHADRAVATI,219850,GUDUMAGATTA,2.616624116897583,1,direct_grid,
2022-07-10,KARNATAKA,Shivamogga,5898,BHADRAVATI,272945,HANUMANTHAPURA,2.000361680984497,1,direct_grid,
2022-07-10,KARNATAKA,Shivamogga,5898,BHADRAVATI,219851,HIRIYURU,3.1371788041851643,3,area_weighted,
2022-07-10,KARNATAKA,Shivamogga,5898,BHADRAVATI,219853,KAGEKODAMAGGI,2.41882081099281,3,area_weighted,
2022-07-10,KARNATAKA,Shivamogga,5898,BHADRAVATI,219854,KALLAHAL,2.184825841420108,5,area_weighted,
2022-07-10,KARNATAKA,Shivamogga,5898,BHADRAVATI,219855,KALLAHALLI,3.0608065128326416,1,direct_grid,
2022-07-10,KARNATAKA,Shivamogga,5898,BHADRAVATI,219856,KAMBADALU HOSURU,3.2397656440734863,1,direct_grid,
2022-07-10,KARNATAKA,Shivamogga,5898,BHADRAVATI,219857,KAREHALLI,2.5542730395024265,4,area_weighted,
2022-07-10,KARNATAKA,Shivamogga,5898,BHADRAVATI,219858,KUDLIGERE,2.241894483566284,1,direct_grid,
2022-07-10,KARNATAKA,Shivamogga,5898,BHADRAVATI,219859,KUMMARANAHALLI,2.289639949798584,1,direct_grid,
2022-07-10,KARNATAKA,Shivamogga,5898,BHADRAVATI,219860,MANGOTE,1.8814340748465672,3,area_weighted,
2022-07-10,KARNATAKA,Shivamogga,5898,BHADRAVATI,219861,MARASHETTYHALLI,2.0938336849212646,1,direct_grid,
2022-07-10,KARNATAKA,Shivamogga,5898,BHADRAVATI,219862,MAVINAKERE,2.385098934173584,1,direct_grid,
2022-07-10,KARNATAKA,Shivamogga,5898,BHADRAVATI,219863,MYDOLALU,1.8084164233548865,4,area_weighted,
2022-07-10,KARNATAKA,Shivamogga,5898,BHADRAVATI,219864,NAGATHIBELAGALU,2.3268110492494896,4,area_weighted,
2022-07-10,KARNATAKA,Shivamogga,5898,BHADRAVATI,219865,NIMBEGONDI,1.670352555732013,6,area_weighted,
2022-07-10,KARNATAKA,Shivamogga,5898,BHADRAVATI,272946,SANYASIKODAMAGGE,2.027681350708008,1,direct_grid,
2022-07-10,KARNATAKA,Shivamogga,5898,BHADRAVATI,219866,SIDLIPURA,2.251799592475253,3,area_weighted,
2022-07-10,KARNATAKA,Shivamogga,5898,BHADRAVATI,219867,SINGANAMANE,3.684335037552085,4,area_weighted,
2022-07-10,KARNATAKA,Shivamogga,5898,BHADRAVATI,219868,SYDARAKALLAHALLI,1.3638404607772827,1,direct_grid,
2022-07-10,KARNATAKA,Shivamogga,5898,BHADRAVATI,219869,TAVARAGATTA,3.487933874130249,1,direct_grid,
2022-07-10,KARNATAKA,Shivamogga,5898,BHADRAVATI,219871,VEERAPURA,2.2806171990928985,4,area_weighted,
2022-07-10,KARNATAKA,Shivamogga,5898,BHADRAVATI,219872,YEDEHALLI,1.9861416340869587,4,area_weighted,
2022-07-10,KARNATAKA,Shivamogga,5898,BHADRAVATI,219873,YEREHALLI,2.363580135950898,3,area_weighted,
2022-07-10,KARNATAKA,Shivamogga,5899,HOSANAGARA,219874,AMRUTHA,4.966570615768433,2,direct_grid,
2022-07-10,KARNATAKA,Shivamogga,5899,HOSANAGARA,219875,ANDAGADHUDHURU,6.684006452560425,2,direct_grid,
2022-07-10,KARNATAKA,Shivamogga,5899,HOSANAGARA,219876,ARAMANEKOPPA,4.305231213569641,2,direct_grid,
2022-07-10,KARNATAKA,Shivamogga,5899,HOSANAGARA,219877,ARASALU,2.8694225549697876,2,direct_grid,
2022-07-10,KARNATAKA,Shivamogga,5899,HOSANAGARA,219878,BALURU,3.5475974954999523,6,area_weighted,
2022-07-10,KARNATAKA,Shivamogga,5899,HOSANAGARA,219879,BELLURU,3.3252339363098145,2,direct_grid,
2022-07-10,KARNATAKA,Shivamogga,5899,HOSANAGARA,219880,CHIKKAJENI,4.4555277824401855,1,direct_grid,
2022-07-10,KARNATAKA,Shivamogga,5899,HOSANAGARA,219881,HARATHALU,3.7411882877349854,1,direct_grid,
2022-07-10,KARNATAKA,Shivamogga,5899,HOSANAGARA,219882,HARIDRAVATHI,3.6344852447509766,1,direct_grid,
2022-07-10,KARNATAKA,Shivamogga,5899,HOSANAGARA,219883,HEDDHARIPURA,3.972943862279256,3,direct_grid,
2022-07-10,KARNATAKA,Shivamogga,5899,HOSANAGARA,219884,HOSURU(SAMPEKATTE),16.53800106048584,2,direct_grid,
2022-07-10,KARNATAKA,Shivamogga,5899,HOSANAGARA,219885,HUMCHA,5.86191987991333,1,direct_grid,
2022-07-10,KARNATAKA,Shivamogga,5899,HOSANAGARA,219886,JENI,4.03247332572937,2,direct_grid,
2022-07-10,KARNATAKA,Shivamogga,5899,HOSANAGARA,219892,KAIRAGUNDA,11.027902603149414,2,direct_grid,
2022-07-10,KARNATAKA,Shivamogga,5899,HOSANAGARA,219887,KARIMANE,14.09339714050293,2,direct_grid,
2022-07-10,KARNATAKA,Shivamogga,5899,HOSANAGARA,219888,KENCHANALA,2.8132288455963135,1,direct_grid,
2022-07-10,KARNATAKA,Shivamogga,5899,HOSANAGARA,219889,KODURU,4.6179046630859375,1,direct_grid,
2022-07-10,KARNATAKA,Shivamogga,5899,HOSANAGARA,219890,M.GUDDEKOPPA,5.042322753154194,4,area_weighted,
2022-07-10,KARNATAKA,Shivamogga,5899,HOSANAGARA,219891,MARUTHIPURA,4.1557841300964355,3,direct_grid,
2022-07-10,KARNATAKA,Shivamogga,5899,HOSANAGARA,219893,MELINABESIGE,5.201507091522217,3,direct_grid,
2022-07-10,KARNATAKA,Shivamogga,5899,HOSANAGARA,219895,MUDUGOPPA-NAGARA,5.900318145751953,1,direct_grid,
2022-07-10,KARNATAKA,Shivamogga,5899,HOSANAGARA,219894,MUMBARU,5.308080673217773,1,direct_grid,
2022-07-10,KARNATAKA,Shivamogga,5899,HOSANAGARA,219896,NITTURU,14.274044354756672,6,direct_grid,
2022-07-10,KARNATAKA,Shivamogga,5899,HOSANAGARA,219897,PURAPPEMANE,3.7523562908172607,1,direct_grid,
2022-07-10,KARNATAKA,Shivamogga,5899,HOSANAGARA,272947,RAMACHANDRAPURA,5.672867805729019,4,area_weighted,
2022-07-10,KARNATAKA,Shivamogga,5899,HOSANAGARA,219898,REPPANPETE,3.6578290462493896,1,direct_grid,
2022-07-10,KARNATAKA,Shivamogga,5899,HOSANAGARA,219899,SONALE,6.052964210510254,1,direct_grid,
2022-07-10,KARNATAKA,Shivamogga,5899,HOSANAGARA,219900,SULAGODU,23.23454475402832,1,direct_grid,
2022-07-10,KARNATAKA,Shivamogga,5899,HOSANAGARA,219901,TRINIVE,6.245579719543457,1,direct_grid,
2022-07-10,KARNATAKA,Shivamogga,5899,HOSANAGARA,219902,YADURU,14.92517058054606,3,direct_grid,
2022-07-10,KARNATAKA,Shivamogga,5900,SAGAR,219903,ACHAPURA,3.3596103191375732,1,direct_grid,
2022-07-10,KARNATAKA,Shivamogga,5900,SAGAR,219904,ANANDAPURA,3.047774076461792,1,direct_grid,
2022-07-10,KARNATAKA,Shivamogga,5900,SAGAR,219905,ARALAGODU,6.848144213358561,3,direct_grid,
2022-07-10,KARNATAKA,Shivamogga,5900,SAGAR,219906,AVINAHALLI,3.738522370656331,3,direct_grid,
2022-07-10,KARNATAKA,Shivamogga,5900,SAGAR,219907,BANUKULI,23.72234716415405,5,direct_grid,
2022-07-10,KARNATAKA,Shivamogga,5900,SAGAR,219908,BARURU,2.2373636960983276,2,direct_grid,
2022-07-10,KARNATAKA,Shivamogga,5900,SAGAR,219909,BHIMANAKONE,3.1134226322174072,1,direct_grid,
2022-07-10,KARNATAKA,Shivamogga,5900,SAGAR,219910,BHIMANERI,4.477587878704071,4,direct_grid,
2022-07-10,KARNATAKA,Shivamogga,5900,SAGAR,219911,CHANNAGONDA,22.533100700378423,5,direct_grid,
2022-07-10,KARNATAKA,Shivamogga,5900,SAGAR,219912,GOWTHAMAPURA,2.6447797417640686,4,direct_grid,
2022-07-10,KARNATAKA,Shivamogga,5900,SAGAR,219913,HEGGODU,3.498543620109558,2,direct_grid,
2022-07-10,KARNATAKA,Shivamogga,5900,SAGAR,219914,HERENELLURU,2.276237964630127,1,direct_grid,
2022-07-10,KARNATAKA,Shivamogga,5900,SAGAR,219915,HIREBILAGUNJI,2.719875693321228,2,direct_grid,
2022-07-10,KARNATAKA,Shivamogga,5900,SAGAR,219916,HOSURU,3.20967698097229,1,direct_grid,
2022-07-10,KARNATAKA,Shivamogga,5900,SAGAR,219917,KALMANE,3.140197147397194,6,area_weighted,
2022-07-10,KARNATAKA,Shivamogga,5900,SAGAR,219918,KANDIKA,4.271213054656982,1,direct_grid,
2022-07-10,KARNATAKA,Shivamogga,5900,SAGAR,219919,KANLE,3.57435941696167,1,direct_grid,
2022-07-10,KARNATAKA,Shivamogga,5900,SAGAR,219920,KELADI,2.845502441844616,6,area_weighted,
2022-07-10,KARNATAKA,Shivamogga,5900,SAGAR,219921,KOLURU,3.8984224796295166,2,direct_grid,
2022-07-10,KARNATAKA,Shivamogga,5900,SAGAR,219922,KUDARURU,5.298004001379013,4,direct_grid,
2022-07-10,KARNATAKA,Shivamogga,5900,SAGAR,219923,MALVE,2.7050251960754395,1,direct_grid,
2022-07-10,KARNATAKA,Shivamogga,5900,SAGAR,219924,MARATTURU,3.950075387954712,1,direct_grid,
2022-07-10,KARNATAKA,Shivamogga,5900,SAGAR,219925,MASURU,2.796210765838623,1,direct_grid,
2022-07-10,KARNATAKA,Shivamogga,5900,SAGAR,219926,NADAKALASI,2.761497735977173,1,direct_grid,
2022-07-10,KARNATAKA,Shivamogga,5900,SAGAR,219927,PADAVAGODU,2.6590502500471125,6,area_weighted,
2022-07-10,KARNATAKA,Shivamogga,5900,SAGAR,219928,SANNASHANUBHOG,20.183578491210938,2,direct_grid,
2022-07-10,KARNATAKA,Shivamogga,5900,SAGAR,219929,SHIRAVANTHE,3.627978114094484,4,area_weighted,
2022-07-10,KARNATAKA,Shivamogga,5900,SAGAR,219930,SYDURU,2.9687631130218506,1,direct_grid,
2022-07-10,KARNATAKA,Shivamogga,5900,SAGAR,219931,TALAGUPPA,4.833230018615723,1,direct_grid,
2022-07-10,KARNATAKA,Shivamogga,5900,SAGAR,219932,TALAVATA,4.586463809013367,2,direct_grid,
2022-07-10,KARNATAKA,Shivamogga,5900,SAGAR,219933,TUMARI,6.571180184682209,3,direct_grid,
2022-07-10,KARNATAKA,Shivamogga,5900,SAGAR,219934,TYAGARTHI,2.3954732418060303,1,direct_grid,
2022-07-10,KARNATAKA,Shivamogga,5900,SAGAR,219935,ULLURU,5.214094758033752,2,direct_grid,
2022-07-10,KARNATAKA,Shivamogga,5900,SAGAR,219936,YADAJIGALEMANE,4.837385257085164,3,direct_grid,
2022-07-10,KARNATAKA,Shivamogga,5900,SAGAR,219937,YADEHALLI,3.472282648086548,1,direct_grid,
2022-07-10,KARNATAKA,Shivamogga,5901,SHIKARPUR,219939,AMATEKOPPA,2.056401531418226,4,area_weighted,
2022-07-10,KARNATAKA,Shivamogga,5901,SHIKARPUR,219940,AMBARAGOPPA,1.782369792279302,4,area_weighted,
2022-07-10,KARNATAKA,Shivamogga,5901,SHIKARPUR,219941,ARASINAGERE,2.2813031673431396,1,direct_grid,
2022-07-10,KARNATAKA,Shivamogga,5901,SHIKARPUR,219942,BAGANAKATTE,1.8053872292024526,2,area_weighted,
2022-07-10,KARNATAKA,Shivamogga,5901,SHIKARPUR,219943,BEGURU,1.7872806787490845,1,direct_grid,
2022-07-10,KARNATAKA,Shivamogga,5901,SHIKARPUR,219944,BELAGAVI,1.068243145942688,1,direct_grid,
2022-07-10,KARNATAKA,Shivamogga,5901,SHIKARPUR,219945,BILAKI,0.48083630204200745,1,direct_grid,
2022-07-10,KARNATAKA,Shivamogga,5901,SHIKARPUR,219946,CHIKKAJAMBURU,1.3700064420700073,1,direct_grid,
2022-07-10,KARNATAKA,Shivamogga,5901,SHIKARPUR,219947,CHIKKAMAGADI,0.0,1,direct_grid,
2022-07-10,KARNATAKA,Shivamogga,5901,SHIKARPUR,219948,CHURCHUGUNDI,1.93582238765729,3,area_weighted,
2022-07-10,KARNATAKA,Shivamogga,5901,SHIKARPUR,219949,ESURU,1.9481496810913086,1,direct_grid,
2022-07-10,KARNATAKA,Shivamogga,5901,SHIKARPUR,219950,GAMA,1.9116609927978814,2,area_weighted,
2022-07-10,KARNATAKA,Shivamogga,5901,SHIKARPUR,219951,GODDANAKOPPA,1.7568025058789158,4,area_weighted,
2022-07-10,KARNATAKA,Shivamogga,5901,SHIKARPUR,219952,GOGGA,1.9312090977063205,6,area_weighted,
2022-07-10,KARNATAKA,Shivamogga,5901,SHIKARPUR,219953,GUDDADATHUMMENAKATTE,1.6673712134361267,2,direct_grid,
2022-07-10,KARNATAKA,Shivamogga,5901,SHIKARPUR,219954,HARIGI,0.9526592943539138,4,area_weighted,
2022-07-10,KARNATAKA,Shivamogga,5901,SHIKARPUR,219955,HAROGOPPA,1.9078880548477173,3,direct_grid,
2022-07-10,KARNATAKA,Shivamogga,5901,SHIKARPUR,219956,HEREJAMBURU,1.597845196723938,1,direct_grid,
2022-07-10,KARNATAKA,Shivamogga,5901,SHIKARPUR,219957,HITTALA,2.0202534345550602,2,area_weighted,
2022-07-10,KARNATAKA,Shivamogga,5901,SHIKARPUR,219958,HOSURU,1.8609977960586548,1,direct_grid,
2022-07-10,KARNATAKA,Shivamogga,5901,SHIKARPUR,272948,HOTHANA KATTE,2.039086220754766,2,area_weighted,
2022-07-10,KARNATAKA,Shivamogga,5901,SHIKARPUR,219938,INAM AGRAHARAMUCHADI,0.2714111644190991,4,area_weighted,
2022-07-10,KARNATAKA,Shivamogga,5901,SHIKARPUR,219959,JAKKANAHALLI,1.8289717435836792,1,direct_grid,
2022-07-10,KARNATAKA,Shivamogga,5901,SHIKARPUR,219960,JAKKINAKOPPA,1.9853312969207764,1,direct_grid,
2022-07-10,KARNATAKA,Shivamogga,5901,SHIKARPUR,219961,KAGINALLI,1.995085597038269,1,direct_grid,
2022-07-10,KARNATAKA,Shivamogga,5901,SHIKARPUR,219962,KALMANE,2.065164566040039,1,direct_grid,
2022-07-10,KARNATAKA,Shivamogga,5901,SHIKARPUR,219963,KAPPANAHALLI,2.030874490737915,1,direct_grid,
2022-07-10,KARNATAKA,Shivamogga,5901,SHIKARPUR,219964,KITTADAHALLI,1.7637526656564575,4,area_weighted,
2022-07-10,KARNATAKA,Shivamogga,5901,SHIKARPUR,219965,KORATIGERE,0.7373834252357483,1,direct_grid,
2022-07-10,KARNATAKA,Shivamogga,5901,SHIKARPUR,219966,MALAVALLI,0.1502019315958023,1,direct_grid,
2022-07-10,KARNATAKA,Shivamogga,5901,SHIKARPUR,219967,MANCHIKOPPA,1.2267146110534668,1,direct_grid,
2022-07-10,KARNATAKA,Shivamogga,5901,SHIKARPUR,219968,MARAVALLI,1.8316937685012817,1,direct_grid,
2022-07-10,KARNATAKA,Shivamogga,5901,SHIKARPUR,219969,MATTIKOTE,1.7030967122646798,2,area_weighted,
2022-07-10,KARNATAKA,Shivamogga,5901,SHIKARPUR,219970,MUDDANAHALLI,1.8283960819244385,1,direct_grid,
2022-07-10,KARNATAKA,Shivamogga,5901,SHIKARPUR,219971,MUDUBASIDDAPURA,2.2354628298763215,4,area_weighted,
2022-07-10,KARNATAKA,Shivamogga,5901,SHIKARPUR,219972,NARASAPURA,0.23365498509673743,3,area_weighted,
2022-07-10,KARNATAKA,Shivamogga,5901,SHIKARPUR,219973,NELAVAGILU,1.7859840393066406,1,direct_grid,
2022-07-10,KARNATAKA,Shivamogga,5901,SHIKARPUR,219974,SALURU,2.102851390838623,1,direct_grid,
2022-07-10,KARNATAKA,Shivamogga,5901,SHIKARPUR,219975,SUNNADAKOPPA,1.1951773654839943,6,area_weighted,
2022-07-10,KARNATAKA,Shivamogga,5901,SHIKARPUR,219976,THADAGANI,1.4714855782234928,4,area_weighted,
2022-07-10,KARNATAKA,Shivamogga,5901,SHIKARPUR,219977,THALAGUNDA,0.900840485692568,4,area_weighted,
2022-07-10,KARNATAKA,Shivamogga,5901,SHIKARPUR,219978,THARALAGATTA,1.8673724214524585,7,area_weighted,
2022-07-10,KARNATAKA,Shivamogga,5901,SHIKARPUR,219979,THOGARSI,0.5704115033149719,1,direct_grid,
2022-07-10,KARNATAKA,Shivamogga,5901,SHIKARPUR,219980,UDAGANI,1.5635837316513062,1,direct_grid,
2022-07-10,KARNATAKA,Shivamogga,5902,SHIVAMOGGA,219981,ABBALAGERE,2.629940288526746,4,area_weighted,
2022-07-10,KARNATAKA,Shivamogga,5902,SHIVAMOGGA,219982,AGASAVALLI,2.995358467102051,1,direct_grid,
2022-07-10,KARNATAKA,Shivamogga,5902,SHIVAMOGGA,219983,AYANURU-I,2.5260918140411377,1,direct_grid,
2022-07-10,KARNATAKA,Shivamogga,5902,SHIVAMOGGA,219984,B.BEERANAHALLI,2.58274272886129,4,area_weighted,
2022-07-10,KARNATAKA,Shivamogga,5902,SHIVAMOGGA,219985,BALEKOPPA,2.116352081298828,1,direct_grid,
2022-07-10,KARNATAKA,Shivamogga,5902,SHIVAMOGGA,272952,BEDARA HOSAHALLI,2.5253734588623047,1,direct_grid,
2022-07-10,KARNATAKA,Shivamogga,5902,SHIVAMOGGA,219986,BIDARE,2.8515796661376953,1,direct_grid,
2022-07-10,KARNATAKA,Shivamogga,5902,SHIVAMOGGA,219987,CHORADI,2.3502899408340454,2,direct_grid,
2022-07-10,KARNATAKA,Shivamogga,5902,SHIVAMOGGA,219988,GAJANURU,3.423247277736664,4,direct_grid,
2022-07-10,KARNATAKA,Shivamogga,5902,SHIVAMOGGA,219989,HADONAHALLI,1.965290964332878,5,area_weighted,
2022-07-10,KARNATAKA,Shivamogga,5902,SHIVAMOGGA,219990,HARAMAGATTA,2.243053436279297,1,direct_grid,
2022-07-10,KARNATAKA,Shivamogga,5902,SHIVAMOGGA,219991,HARANAHALLI,2.2792298793792725,1,direct_grid,
2022-07-10,KARNATAKA,Shivamogga,5902,SHIVAMOGGA,219992,HASUDI,2.786849780415564,2,area_weighted,
2022-07-10,KARNATAKA,Shivamogga,5902,SHIVAMOGGA,219993,HOLALURU,2.134291751694676,2,area_weighted,
2022-07-10,KARNATAKA,Shivamogga,5902,SHIVAMOGGA,219994,HOLEBENAVALLI,2.788043659575459,4,area_weighted,
2022-07-10,KARNATAKA,Shivamogga,5902,SHIVAMOGGA,219995,HOSAHALLI,3.081813413944468,6,area_weighted,
2022-07-10,KARNATAKA,Shivamogga,5902,SHIVAMOGGA,219996,KADEKALLU,3.4031808630876963,6,area_weighted,
2022-07-10,KARNATAKA,Shivamogga,5902,SHIVAMOGGA,272949,KOHALLI,2.6125409863243143,5,area_weighted,
2022-07-10,KARNATAKA,Shivamogga,5902,SHIVAMOGGA,219997,KOMMANALU,2.33943772315979,1,direct_grid,
2022-07-10,KARNATAKA,Shivamogga,5902,SHIVAMOGGA,219998,KONAGAVALLI,2.3552799224853516,1,direct_grid,
2022-07-10,KARNATAKA,Shivamogga,5902,SHIVAMOGGA,219999,KORALAHALLI,3.225269079208374,1,direct_grid,
2022-07-10,KARNATAKA,Shivamogga,5902,SHIVAMOGGA,220000,KOTEGANGURU,2.5972540378570557,1,direct_grid,
2022-07-10,KARNATAKA,Shivamogga,5902,SHIVAMOGGA,220001,KUDLI,2.508281496739732,4,area_weighted,
2022-07-10,KARNATAKA,Shivamogga,5902,SHIVAMOGGA,220002,KUMSI,2.3157131671905518,1,direct_grid,
2022-07-10,KARNATAKA,Shivamogga,5902,SHIVAMOGGA,220003,KUNCHENAHALLI,2.3334591388702393,1,direct_grid,
2022-07-10,KARNATAKA,Shivamogga,5902,SHIVAMOGGA,220004,MALLAPURA,2.2244904984893625,4,area_weighted,
2022-07-10,KARNATAKA,Shivamogga,5902,SHIVAMOGGA,220005,MANDAGATTA,2.560544729232788,1,direct_grid,
2022-07-10,KARNATAKA,Shivamogga,5902,SHIVAMOGGA,220006,MATTURU,3.140984525839902,4,area_weighted,
2022-07-10,KARNATAKA,Shivamogga,5902,SHIVAMOGGA,220007,MELINAHANASAVADI,2.6145730018615723,1,direct_grid,
2022-07-10,KARNATAKA,Shivamogga,5902,SHIVAMOGGA,272951,MUDDINAKOPPA,2.6052134037017822,1,direct_grid,
2022-07-10,KARNATAKA,Shivamogga,5902,SHIVAMOGGA,220008,NIDIGE-I,2.9125627552261273,3,area_weighted,
2022-07-10,KARNATAKA,Shivamogga,5902,SHIVAMOGGA,220009,PILLANGERE,2.666865587234497,1,direct_grid,
2022-07-10,KARNATAKA,Shivamogga,5902,SHIVAMOGGA,220010,PURADALU,2.7550716400146484,1,direct_grid,
2022-07-10,KARNATAKA,Shivamogga,5902,SHIVAMOGGA,220011,RAMANAGARA,2.2377853783946158,5,area_weighted,
2022-07-10,KARNATAKA,Shivamogga,5902,SHIVAMOGGA,220012,SANTHEKADURU,2.988358033593265,2,area_weighted,
2022-07-10,KARNATAKA,Shivamogga,5902,SHIVAMOGGA,220013,SHETTYHALLI,2.4548263549804688,1,direct_grid,
2022-07-10,KARNATAKA,Shivamogga,5902,SHIVAMOGGA,220014,SIRIGERE,3.0702760219573975,3,direct_grid,
2022-07-10,KARNATAKA,Shivamogga,5902,SHIVAMOGGA,272953,SOGANE,3.1285640366440606,4,area_weighted,
2022-07-10,KARNATAKA,Shivamogga,5902,SHIVAMOGGA,220015,SUGURU,2.4636389180160263,5,area_weighted,
2022-07-10,KARNATAKA,Shivamogga,5902,SHIVAMOGGA,219870,THADASA,2.159405093969899,6,area_weighted,
2022-07-10,KARNATAKA,Shivamogga,5902,SHIVAMOGGA,220016,THAMMADIHALLI,2.8955771923065186,1,direct_grid,
2022-07-10,KARNATAKA,Shivamogga,5902,SHIVAMOGGA,272950,TUPPURU,2.512566328048706,1,direct_grid,
2022-07-10,KARNATAKA,Shivamogga,5902,SHIVAMOGGA,220017,UMBLEBILU,3.582268714904785,3,direct_grid,
2022-07-10,KARNATAKA,Shivamogga,5903,SORAB,220018,AGASANAHALLI,0.9701017141342163,1,direct_grid,
2022-07-10,KARNATAKA,Shivamogga,5903,SORAB,272954,ANDIGE,1.4504485726356506,2,direct_grid,
2022-07-10,KARNATAKA,Shivamogga,5903,SORAB,220020,BARANGI,0.14899510145187378,1,direct_grid,
2022-07-10,KARNATAKA,Shivamogga,5903,SORAB,220021,BENNUR,0.8918521504265855,5,area_weighted,
2022-07-10,KARNATAKA,Shivamogga,5903,SORAB,220022,BILAVALNI,1.1483492851257324,1,direct_grid,
2022-07-10,KARNATAKA,Shivamogga,5903,SORAB,220023,CHANDRAGUTTI,1.37996706366539,4,direct_grid,
2022-07-10,KARNATAKA,Shivamogga,5903,SORAB,220024,CHITTURU,1.8825931549072266,1,direct_grid,
2022-07-10,KARNATAKA,Shivamogga,5903,SORAB,272956,DUGURU,2.596611261367798,1,direct_grid,
2022-07-10,KARNATAKA,Shivamogga,5903,SORAB,220025,DYAVANAHALLI,0.23268046975135803,1,direct_grid,
2022-07-10,KARNATAKA,Shivamogga,5903,SORAB,220056,ENNEKOPPA,0.3525349943332789,8,area_weighted,
2022-07-10,KARNATAKA,Shivamogga,5903,SORAB,220026,GENDLA,0.07716305553913116,2,direct_grid,
2022-07-10,KARNATAKA,Shivamogga,5903,SORAB,220027,GUDUVI,0.8894696831703186,1,direct_grid,
2022-07-10,KARNATAKA,Shivamogga,5903,SORAB,220028,HALESORAB,1.2651636600494385,1,direct_grid,
2022-07-10,KARNATAKA,Shivamogga,5903,SORAB,220029,HANCHI,0.06237520052961087,5,area_weighted,
2022-07-10,KARNATAKA,Shivamogga,5903,SORAB,220030,HARISHI,0.7461245656013489,2,direct_grid,
2022-07-10,KARNATAKA,Shivamogga,5903,SORAB,220031,HECHE,1.350227952003479,2,direct_grid,
2022-07-10,KARNATAKA,Shivamogga,5903,SORAB,220032,HEGGODU,1.7468892335891724,1,direct_grid,
2022-07-10,KARNATAKA,Shivamogga,5903,SORAB,220033,HOSABALE,2.2095787525177,1,direct_grid,
2022-07-10,KARNATAKA,Shivamogga,5903,SORAB,220034,HURALI,0.5641699666294407,6,area_weighted,
2022-07-10,KARNATAKA,Shivamogga,5903,SORAB,220035,INDUVALLI,1.9411543607711792,1,direct_grid,
2022-07-10,KARNATAKA,Shivamogga,5903,SORAB,220036,JADE,0.8776401281356812,1,direct_grid,
2022-07-10,KARNATAKA,Shivamogga,5903,SORAB,220037,KATUVALLI,0.9897422511824799,7,area_weighted,
2022-07-10,KARNATAKA,Shivamogga,5903,SORAB,220039,KUBATURU,0.9348766841233589,2,area_weighted,
2022-07-10,KARNATAKA,Shivamogga,5903,SORAB,220040,KUPPAGADDE,0.7384536862373352,1,direct_grid,
2022-07-10,KARNATAKA,Shivamogga,5903,SORAB,220041,MAVALI,1.623952031135559,1,direct_grid,
2022-07-10,KARNATAKA,Shivamogga,5903,SORAB,220042,MUDI--DODDIKOPPA,0.7270241379737854,1,direct_grid,
2022-07-10,KARNATAKA,Shivamogga,5903,SORAB,220043,MUTUGUPPE,1.832827627658844,2,direct_grid,
2022-07-10,KARNATAKA,Shivamogga,5903,SORAB,220044,NISARANI,2.065229877874021,7,area_weighted,
2022-07-10,KARNATAKA,Shivamogga,5903,SORAB,220045,NYARSI,1.0749471314927086,4,area_weighted,
2022-07-10,KARNATAKA,Shivamogga,5903,SORAB,220046,SAMANAVALLI,0.7898102138526752,4,area_weighted,
2022-07-10,KARNATAKA,Shivamogga,5903,SORAB,220047,SHAKUNAVALLI,1.5901422500610352,1,direct_grid,
2022-07-10,KARNATAKA,Shivamogga,5903,SORAB,220048,SHIGGA,2.0279412269592285,1,direct_grid,
2022-07-10,KARNATAKA,Shivamogga,5903,SORAB,220049,TALAGADDI,1.299071490764618,2,direct_grid,
2022-07-10,KARNATAKA,Shivamogga,5903,SORAB,220052,TATTURU,0.0,1,direct_grid,
2022-07-10,KARNATAKA,Shivamogga,5903,SORAB,220053,TAVANANDI,0.8257854580879211,1,direct_grid,
2022-07-10,KARNATAKA,Shivamogga,5903,SORAB,220050,THELAGUNDA,1.3702429083740235,6,area_weighted,
2022-07-10,KARNATAKA,Shivamogga,5903,SORAB,220054,UDRI,0.6678799390792847,1,direct_grid,
2022-07-10,KARNATAKA,Shivamogga,5903,SORAB,220055,ULAVI,2.2690701484680176,2,direct_grid,
2022-07-10,KARNATAKA,Shivamogga,5904,TIRTHAHALLI,220057,AGUMBE,35.72993723551432,3,direct_grid,
2022-07-10,KARNATAKA,Shivamogga,5904,TIRTHAHALLI,220058,ARAGA,7.247607231140137,1,direct_grid,
2022-07-10,KARNATAKA,Shivamogga,5904,TIRTHAHALLI,220059,ARALASURALI,6.7123703956604,1,direct_grid,
2022-07-10,KARNATAKA,Shivamogga,5904,TIRTHAHALLI,220060,AREHALLI,16.126893997192383,1,direct_grid,
2022-07-10,KARNATAKA,Shivamogga,5904,TIRTHAHALLI,220063,BANDYA,6.411682605743408,1,direct_grid,
2022-07-10,KARNATAKA,Shivamogga,5904,TIRTHAHALLI,220061,BASAVANI,8.141544342041016,1,direct_grid,
2022-07-10,KARNATAKA,Shivamogga,5904,TIRTHAHALLI,220062,BEJJAVALLI,5.76934814453125,1,direct_grid,
2022-07-10,KARNATAKA,Shivamogga,5904,TIRTHAHALLI,220064,BIDARAGODU,28.0887508392334,1,direct_grid,
2022-07-10,KARNATAKA,Shivamogga,5904,TIRTHAHALLI,220065,DEMLAPURA,4.76170539855957,1,direct_grid,
2022-07-10,KARNATAKA,Shivamogga,5904,TIRTHAHALLI,220066,DEVANGI,7.5608320236206055,2,direct_grid,
2022-07-10,KARNATAKA,Shivamogga,5904,TIRTHAHALLI,220067,GUDDEKOPPA,6.750784245857488,7,area_weighted,
2022-07-10,KARNATAKA,Shivamogga,5904,TIRTHAHALLI,220068,HADIGALLU,6.175971795141422,4,area_weighted,
2022-07-10,KARNATAKA,Shivamogga,5904,TIRTHAHALLI,220069,HANAGERE,4.0266042947769165,2,direct_grid,
2022-07-10,KARNATAKA,Shivamogga,5904,TIRTHAHALLI,220070,HAROGULIGE,7.969962120056152,1,direct_grid,
2022-07-10,KARNATAKA,Shivamogga,5904,TIRTHAHALLI,220071,HEDDURU,6.296838760375977,1,direct_grid,
2022-07-10,KARNATAKA,Shivamogga,5904,TIRTHAHALLI,220072,HEGGODU,12.817105293273926,2,direct_grid,
2022-07-10,KARNATAKA,Shivamogga,5904,TIRTHAHALLI,220073,HODALA-ARALAPURA,7.510334253311157,2,direct_grid,
2022-07-10,KARNATAKA,Shivamogga,5904,TIRTHAHALLI,220074,HONNETALU,23.90660858154297,1,direct_grid,
2022-07-10,KARNATAKA,Shivamogga,5904,TIRTHAHALLI,220075,HOSAHALLI,15.757213592529297,1,direct_grid,
2022-07-10,KARNATAKA,Shivamogga,5904,TIRTHAHALLI,220076,HUNCHADAKATTE,5.736331462860107,1,direct_grid,
2022-07-10,KARNATAKA,Shivamogga,5904,TIRTHAHALLI,220077,KANNANGI,4.627935886383057,2,direct_grid,
2022-07-10,KARNATAKA,Shivamogga,5904,TIRTHAHALLI,220078,KONANDURU,6.391697883605957,1,direct_grid,
2022-07-10,KARNATAKA,Shivamogga,5904,TIRTHAHALLI,220079,KUDUMALLIGE,6.858988285064697,1,direct_grid,
2022-07-10,KARNATAKA,Shivamogga,5904,TIRTHAHALLI,220080,MANDAGADDE,4.529850959777832,1,direct_grid,
2022-07-10,KARNATAKA,Shivamogga,5904,TIRTHAHALLI,220081,MEGARAVALLI,17.99935743976973,4,area_weighted,
2022-07-10,KARNATAKA,Shivamogga,5904,TIRTHAHALLI,220082,MELIGE,7.226752318291624,4,area_weighted,
2022-07-10,KARNATAKA,Shivamogga,5904,TIRTHAHALLI,220083,MELINAKURUVALLI,8.653610116322776,5,area_weighted,
2022-07-10,KARNATAKA,Shivamogga,5904,TIRTHAHALLI,220084,MULUBAGILU,10.081420198672689,4,area_weighted,
2022-07-10,KARNATAKA,Shivamogga,5904,TIRTHAHALLI,220085,NAALUR KOLIGE,22.61905860900879,2,direct_grid,
2022-07-10,KARNATAKA,Shivamogga,5904,TIRTHAHALLI,220086,NERATURU,9.484526634216309,1,direct_grid,
2022-07-10,KARNATAKA,Shivamogga,5904,TIRTHAHALLI,220087,NONABURU,6.491021633148193,1,direct_grid,
2022-07-10,KARNATAKA,Shivamogga,5904,TIRTHAHALLI,220088,SALGADI,7.300139427185059,1,direct_grid,
2022-07-10,KARNATAKA,Shivamogga,5904,TIRTHAHALLI,220089,SALURU,7.275983810424805,2,direct_grid,
2022-07-10,KARNATAKA,Shivamogga,5904,TIRTHAHALLI,220091,SHEDGARU,6.627665042877197,2,direct_grid,
2022-07-10,KARNATAKA,Shivamogga,5904,TIRTHAHALLI,220092,SINGINABIDRE,3.9811649322509766,1,direct_grid,
2022-07-10,KARNATAKA,Shivamogga,5904,TIRTHAHALLI,220093,THIRTHAMATTURU,11.87509957042537,4,area_weighted,
2022-07-10,KARNATAKA,Shivamogga,5904,TIRTHAHALLI,220094,TRIAMBAKAPURA,5.457787036895752,1,direct_grid,
2022-07-10,KARNATAKA,Shivamogga,5904,TIRTHAHALLI,220095,TUDUR,5.145087242126465,1,direct_grid,
2022-07-10,KARNATAKA,Tumakuru,5905,CHIKNAYAKANHALLI,220096,BARAGURU,2.394502639770508,1,direct_grid,
2022-07-10,KARNATAKA,Tumakuru,5905,CHIKNAYAKANHALLI,220097,BARAKANALLU,2.6280517578125,2,direct_grid,
2022-07-10,KARNATAKA,Tumakuru,5905,CHIKNAYAKANHALLI,220098,BELLAGULLA,3.2141692638397217,1,direct_grid,
2022-07-10,KARNATAKA,Tumakuru,5905,CHIKNAYAKANHALLI,220099,CHOWLAKATTE,2.7518959045410156,1,direct_grid,
2022-07-10,KARNATAKA,Tumakuru,5905,CHIKNAYAKANHALLI,220100,DASODI,2.170157790184021,2,direct_grid,
2022-07-10,KARNATAKA,Tumakuru,5905,CHIKNAYAKANHALLI,220101,DODDABIDRE,2.590059518814087,1,direct_grid,
2022-07-10,KARNATAKA,Tumakuru,5905,CHIKNAYAKANHALLI,220102,DODDAYENEGERE,2.805379033088684,2,direct_grid,
2022-07-10,KARNATAKA,Tumakuru,5905,CHIKNAYAKANHALLI,220103,DUGUDIHALLI,2.3824185132980347,2,direct_grid,
2022-07-10,KARNATAKA,Tumakuru,5905,CHIKNAYAKANHALLI,220104,GANADALLU,2.291042923927307,2,direct_grid,
2022-07-10,KARNATAKA,Tumakuru,5905,CHIKNAYAKANHALLI,220105,GODEKERE,1.9520643949508667,3,direct_grid,
2022-07-10,KARNATAKA,Tumakuru,5905,CHIKNAYAKANHALLI,220106,HANDANAKERE,3.021181344985962,2,direct_grid,
2022-07-10,KARNATAKA,Tumakuru,5905,CHIKNAYAKANHALLI,220107,HONNEBAGI,2.161228656768799,1,direct_grid,
2022-07-10,KARNATAKA,Tumakuru,5905,CHIKNAYAKANHALLI,220108,HOYSALAKATTE,2.2559075355529785,2,direct_grid,
2022-07-10,KARNATAKA,Tumakuru,5905,CHIKNAYAKANHALLI,220110,J.C.PURA,2.269258737564087,1,direct_grid,
2022-07-10,KARNATAKA,Tumakuru,5905,CHIKNAYAKANHALLI,220111,KANDIKERE,3.108507549330121,4,area_weighted,
2022-07-10,KARNATAKA,Tumakuru,5905,CHIKNAYAKANHALLI,220112,KENKERE,2.218258023262024,2,direct_grid,
2022-07-10,KARNATAKA,Tumakuru,5905,CHIKNAYAKANHALLI,220113,KORAGERE,2.4691289007776183,5,area_weighted,
2022-07-10,KARNATAKA,Tumakuru,5905,CHIKNAYAKANHALLI,220114,KUPPUR,2.6578664779663086,1,direct_grid,
2022-07-10,KARNATAKA,Tumakuru,5905,CHIKNAYAKANHALLI,220115,MALLIGERE,2.7630441188812256,1,direct_grid,
2022-07-10,KARNATAKA,Tumakuru,5905,CHIKNAYAKANHALLI,220116,MATHIGHATTA,2.427763266290399,6,area_weighted,
2022-07-10,KARNATAKA,Tumakuru,5905,CHIKNAYAKANHALLI,220117,MUDDENAHALLI,3.0071768760681152,2,direct_grid,
2022-07-10,KARNATAKA,Tumakuru,5905,CHIKNAYAKANHALLI,220118,RAMANAHALLI,3.107214053471883,3,direct_grid,
2022-07-10,KARNATAKA,Tumakuru,5905,CHIKNAYAKANHALLI,220119,SHETTIKERE,2.3957815170288086,1,direct_grid,
2022-07-10,KARNATAKA,Tumakuru,5905,CHIKNAYAKANHALLI,220120,TIMMALAAPURA,2.2400543689727783,1,direct_grid,
2022-07-10,KARNATAKA,Tumakuru,5905,CHIKNAYAKANHALLI,220121,TIMMANAHALLI,2.4832135036490013,5,area_weighted,
2022-07-10,KARNATAKA,Tumakuru,5905,CHIKNAYAKANHALLI,220122,TIRTHAPURA,2.299333333969116,2,direct_grid,
2022-07-10,KARNATAKA,Tumakuru,5905,CHIKNAYAKANHALLI,220123,YALANADU,1.9487857818603516,1,direct_grid,
2022-07-10,KARNATAKA,Tumakuru,5906,GUBBI,220124,ADAGUR,0.7235068678855896,1,direct_grid,
2022-07-10,KARNATAKA,Tumakuru,5906,GUBBI,220125,ALLILUGHATTA,1.7244842052459717,2,direct_grid,
2022-07-10,KARNATAKA,Tumakuru,5906,GUBBI,220126,AMMANAGHATTA,1.428727388381958,1,direct_grid,
2022-07-10,KARNATAKA,Tumakuru,5906,GUBBI,220127,ANKASANDRA,2.8747276067733765,2,direct_grid,
2022-07-10,KARNATAKA,Tumakuru,5906,GUBBI,220128,BELAVATHA,1.2300885915756226,1,direct_grid,
2022-07-10,KARNATAKA,Tumakuru,5906,GUBBI,220129,BIDIRE,1.56387460231781,1,direct_grid,
2022-07-10,KARNATAKA,Tumakuru,5906,GUBBI,272803,BYADIGERE,0.8462663112213094,6,area_weighted,
2022-07-10,KARNATAKA,Tumakuru,5906,GUBBI,220130,CHANDRASHEKARAPURA,1.7562217265423556,4,area_weighted,
2022-07-10,KARNATAKA,Tumakuru,5906,GUBBI,220131,CHELLUR,2.180487632751465,1,direct_grid,
2022-07-10,KARNATAKA,Tumakuru,5906,GUBBI,220132,CHENGAVI,1.2995217050045347,4,area_weighted,
2022-07-10,KARNATAKA,Tumakuru,5906,GUBBI,220133,DODDAGUNNI,1.4599063992500305,2,direct_grid,
2022-07-10,KARNATAKA,Tumakuru,5906,GUBBI,220134,G.HOSAHALLI,0.0,1,direct_grid,
2022-07-10,KARNATAKA,Tumakuru,5906,GUBBI,220135,HAGALAVADI,2.3215118646621704,2,direct_grid,
2022-07-10,KARNATAKA,Tumakuru,5906,GUBBI,220136,HERUR,1.0266118049621582,1,direct_grid,
2022-07-10,KARNATAKA,Tumakuru,5906,GUBBI,220137,HINDSAGERE,1.4190461983587481,6,area_weighted,
2022-07-10,KARNATAKA,Tumakuru,5906,GUBBI,220138,HOSAKERE,2.1875970363616943,1,direct_grid,
2022-07-10,KARNATAKA,Tumakuru,5906,GUBBI,220139,IDAGUR,1.6237034797668457,1,direct_grid,
2022-07-10,KARNATAKA,Tumakuru,5906,GUBBI,220140,IRAKASANDRA,2.2617526054382324,1,direct_grid,
2022-07-10,KARNATAKA,Tumakuru,5906,GUBBI,220141,KADABA,0.2369282841682434,1,direct_grid,
2022-07-10,KARNATAKA,Tumakuru,5906,GUBBI,220142,KALLUR,1.837628722190857,1,direct_grid,
2022-07-10,KARNATAKA,Tumakuru,5906,GUBBI,220143,KONDLI,1.5862245559692383,1,direct_grid,
2022-07-10,KARNATAKA,Tumakuru,5906,GUBBI,220144,KOPPA,0.0,1,direct_grid,
2022-07-10,KARNATAKA,Tumakuru,5906,GUBBI,220145,KUNNALA,1.1706469058990479,1,direct_grid,
2022-07-10,KARNATAKA,Tumakuru,5906,GUBBI,220146,MANCHALADORE,2.5243463197021367,7,area_weighted,
2022-07-10,KARNATAKA,Tumakuru,5906,GUBBI,220147,MARASHETTYHALLI,1.3351906538009644,1,direct_grid,
2022-07-10,KARNATAKA,Tumakuru,5906,GUBBI,220148,MAVINAHALLI,1.4523383378982544,1,direct_grid,
2022-07-10,KARNATAKA,Tumakuru,5906,GUBBI,220149,MUGANAYANAKOTE,1.6370195746421814,2,direct_grid,
2022-07-10,KARNATAKA,Tumakuru,5906,GUBBI,220150,MUKANAHALLI PATANA,1.2753791809082031,1,direct_grid,
2022-07-10,KARNATAKA,Tumakuru,5906,GUBBI,220151,NALLUR,3.7029848098754883,1,direct_grid,
2022-07-10,KARNATAKA,Tumakuru,5906,GUBBI,220152,NITTUR,1.3831047949385267,5,area_weighted,
2022-07-10,KARNATAKA,Tumakuru,5906,GUBBI,220153,PEDDANAHALLI,1.4546536803245544,2,direct_grid,
2022-07-10,KARNATAKA,Tumakuru,5906,GUBBI,220154,S.KODDAGIHALLI,0.836074709892273,1,direct_grid,
2022-07-10,KARNATAKA,Tumakuru,5906,GUBBI,220155,SHIVAPURA,2.8264927864074707,2,direct_grid,
2022-07-10,KARNATAKA,Tumakuru,5906,GUBBI,220156,THYAGATTUR,1.5600472688674927,1,direct_grid,
2022-07-10,KARNATAKA,Tumakuru,5907,KORATAGERE,220157,AGRAHAARA,2.3624517917633057,1,direct_grid,
2022-07-10,KARNATAKA,Tumakuru,5907,KORATAGERE,220158,AKKIRAMPURA,1.3563566784247707,4,area_weighted,
2022-07-10,KARNATAKA,Tumakuru,5907,KORATAGERE,220159,ARASAPURA,0.9652465581893921,1,direct_grid,
2022-07-10,KARNATAKA,Tumakuru,5907,KORATAGERE,220160,BICHAPURA,1.092341959476471,2,direct_grid,
2022-07-10,KARNATAKA,Tumakuru,5907,KORATAGERE,220161,BOMMALADEVIPURA,1.3214737176895142,1,direct_grid,
2022-07-10,KARNATAKA,Tumakuru,5907,KORATAGERE,220162,BUDAGAVI,1.5060335397720337,1,direct_grid,
2022-07-10,KARNATAKA,Tumakuru,5907,KORATAGERE,220163,BUKKAPATANNA,2.0008654177063816,4,area_weighted,
2022-07-10,KARNATAKA,Tumakuru,5907,KORATAGERE,220164,CHINNAHALLI,1.3678438663482666,1,direct_grid,
2022-07-10,KARNATAKA,Tumakuru,5907,KORATAGERE,220165,DODDASAAGERE,1.270787531007897,4,area_weighted,
2022-07-10,KARNATAKA,Tumakuru,5907,KORATAGERE,220166,HANCHIHALLI,2.2946511309340667,5,area_weighted,
2022-07-10,KARNATAKA,Tumakuru,5907,KORATAGERE,220167,HOLLAVANNAHALLI,1.3937074823449331,4,area_weighted,
2022-07-10,KARNATAKA,Tumakuru,5907,KORATAGERE,220168,HULLIKUNTE,1.7092480659484863,1,direct_grid,
2022-07-10,KARNATAKA,Tumakuru,5907,KORATAGERE,220169,KOLLALA,1.4045066833496094,1,direct_grid,
2022-07-10,KARNATAKA,Tumakuru,5907,KORATAGERE,220170,KURAMKOTTE,1.3894535303115845,2,direct_grid,
2022-07-10,KARNATAKA,Tumakuru,5907,KORATAGERE,220171,KYAMENAHALLI,1.764164924621582,1,direct_grid,
2022-07-10,KARNATAKA,Tumakuru,5907,KORATAGERE,220172,MAVATHURU,1.3650533052859393,6,area_weighted,
2022-07-10,KARNATAKA,Tumakuru,5907,KORATAGERE,220173,NILAGONDANAHALLI,2.0220019817352295,1,direct_grid,
2022-07-10,KARNATAKA,Tumakuru,5907,KORATAGERE,272807,PATHAGANAHALLI,1.462714433670044,1,direct_grid,
2022-07-10,KARNATAKA,Tumakuru,5907,KORATAGERE,220174,TEETA,1.8017721725160483,4,area_weighted,
2022-07-10,KARNATAKA,Tumakuru,5907,KORATAGERE,220175,THOVINAKERE,1.7138581275939941,2,direct_grid,
2022-07-10,KARNATAKA,Tumakuru,5907,KORATAGERE,220176,TUMBADI,1.5792110628032638,3,area_weighted,
2022-07-10,KARNATAKA,Tumakuru,5907,KORATAGERE,220177,VADDAGERE,1.423594355583191,1,direct_grid,
2022-07-10,KARNATAKA,Tumakuru,5907,KORATAGERE,220178,VAJJANAKURIKE,1.6696824377773367,4,area_weighted,
2022-07-10,KARNATAKA,Tumakuru,5907,KORATAGERE,220179,YELERAMPURA,1.9578979015350342,1,direct_grid,
2022-07-10,KARNATAKA,Tumakuru,5908,KUNIGAL,220180,AMRUTHUR,5.481639584951687,4,area_weighted,
2022-07-10,KARNATAKA,Tumakuru,5908,KUNIGAL,220181,BAAGENAHALLI,1.6482658386230469,1,direct_grid,
2022-07-10,KARNATAKA,Tumakuru,5908,KUNIGAL,220182,BAKTHARAHALLI,1.7114933729171753,1,direct_grid,
2022-07-10,KARNATAKA,Tumakuru,5908,KUNIGAL,220183,BEGUR,2.4547338485717773,1,direct_grid,
2022-07-10,KARNATAKA,Tumakuru,5908,KUNIGAL,220184,BILIDEVALAYA,3.0976185407234236,3,area_weighted,
2022-07-10,KARNATAKA,Tumakuru,5908,KUNIGAL,220185,CHOWDANAKUPPE,5.178216485260993,2,area_weighted,
2022-07-10,KARNATAKA,Tumakuru,5908,KUNIGAL,220186,D.HOSAHALLI,5.93658447265625,1,direct_grid,
2022-07-10,KARNATAKA,Tumakuru,5908,KUNIGAL,220188,HALLEVUR,6.832566738128662,1,area_weighted,
2022-07-10,KARNATAKA,Tumakuru,5908,KUNIGAL,220189,HERUR,3.335785150527954,1,direct_grid,
2022-07-10,KARNATAKA,Tumakuru,5908,KUNIGAL,220190,HOSAHALLI,4.205262184143066,1,direct_grid,
2022-07-10,KARNATAKA,Tumakuru,5908,KUNIGAL,220208,IPPADI,5.174898147583008,1,direct_grid,
2022-07-10,KARNATAKA,Tumakuru,5908,KUNIGAL,220191,JINNAGARA,5.887203693389893,1,direct_grid,
2022-07-10,KARNATAKA,Tumakuru,5908,KUNIGAL,220192,JODDIHOSSAHALLI,2.425804615020752,1,direct_grid,
2022-07-10,KARNATAKA,Tumakuru,5908,KUNIGAL,220193,K.HONAMAACHANA HALLI,5.856942721311814,3,area_weighted,
2022-07-10,KARNATAKA,Tumakuru,5908,KUNIGAL,220194,KAGGERE,2.6039950847625732,1,direct_grid,
2022-07-10,KARNATAKA,Tumakuru,5908,KUNIGAL,220195,KEMPANAHALLI,2.836789131164551,1,direct_grid,
2022-07-10,KARNATAKA,Tumakuru,5908,KUNIGAL,220196,KITHANAMANGALA,3.385666847229004,1,direct_grid,
2022-07-10,KARNATAKA,Tumakuru,5908,KUNIGAL,220198,KODIGEHALLI,3.103777289390564,2,direct_grid,
2022-07-10,KARNATAKA,Tumakuru,5908,KUNIGAL,220199,KOPPA,2.265855312347412,1,direct_grid,
2022-07-10,KARNATAKA,Tumakuru,5908,KUNIGAL,220200,KOTHAGERE,1.8834307044958998,4,area_weighted,
2022-07-10,KARNATAKA,Tumakuru,5908,KUNIGAL,220201,MADIKEHALLI,2.008480191230774,2,direct_grid,
2022-07-10,KARNATAKA,Tumakuru,5908,KUNIGAL,220202,MARKONAHALLI,5.152911186218262,1,direct_grid,
2022-07-10,KARNATAKA,Tumakuru,5908,KUNIGAL,220203,NADEMAVINAPURA,2.329210983466587,2,area_weighted,
2022-07-10,KARNATAKA,Tumakuru,5908,KUNIGAL,220204,NAGASANDRA,1.7397772073745728,1,direct_grid,
2022-07-10,KARNATAKA,Tumakuru,5908,KUNIGAL,220205,NIDASALE,6.3409086168869635,2,area_weighted,
2022-07-10,KARNATAKA,Tumakuru,5908,KUNIGAL,220206,PADUVAGERE,5.152918131269701,2,area_weighted,
2022-07-10,KARNATAKA,Tumakuru,5908,KUNIGAL,220207,SANTEMAVATHUR,6.832566738128662,1,direct_grid,
2022-07-10,KARNATAKA,Tumakuru,5908,KUNIGAL,220209,TAREDKUPPA,1.434065818786621,1,direct_grid,
2022-07-10,KARNATAKA,Tumakuru,5908,KUNIGAL,220211,UJJANNI,4.839895734126393,2,area_weighted,
2022-07-10,KARNATAKA,Tumakuru,5908,KUNIGAL,220212,UTHARIDURGA,2.412584358548641,4,area_weighted,
2022-07-10,KARNATAKA,Tumakuru,5908,KUNIGAL,220214,YEDIYUR,2.3807963132858276,2,direct_grid,
2022-07-10,KARNATAKA,Tumakuru,5908,KUNIGAL,220215,YELEYUR,1.9525925288342902,6,area_weighted,
2022-07-10,KARNATAKA,Tumakuru,5909,MADHUGIRI,220216,BADAVANAHALLI,0.4783015847206116,1,direct_grid,
2022-07-10,KARNATAKA,Tumakuru,5909,MADHUGIRI,220217,BEDATHURU,1.186069130897522,1,direct_grid,
2022-07-10,KARNATAKA,Tumakuru,5909,MADHUGIRI,220218,BIJAVARA,1.2719836235046387,1,direct_grid,
2022-07-10,KARNATAKA,Tumakuru,5909,MADHUGIRI,220219,BRAMHASAMUDRA,0.0794440507888794,2,direct_grid,
2022-07-10,KARNATAKA,Tumakuru,5909,MADHUGIRI,220220,BYALYA,1.0428097248077393,1,direct_grid,
2022-07-10,KARNATAKA,Tumakuru,5909,MADHUGIRI,220221,CHANDRAGIRI,0.5176723003387451,1,direct_grid,
2022-07-10,KARNATAKA,Tumakuru,5909,MADHUGIRI,220222,CHANNENAHALLI,0.6334289908409119,1,direct_grid,
2022-07-10,KARNATAKA,Tumakuru,5909,MADHUGIRI,220223,CHIKKADAALAVATTA,0.7214758396148682,1,direct_grid,
2022-07-10,KARNATAKA,Tumakuru,5909,MADHUGIRI,220224,CHIKKAMAALUR,0.7710844278335571,1,direct_grid,
2022-07-10,KARNATAKA,Tumakuru,5909,MADHUGIRI,220225,CHINAKAVAJRA,1.1594839096069336,2,direct_grid,
2022-07-10,KARNATAKA,Tumakuru,5909,MADHUGIRI,220226,D.V.HALLI,1.0058999061584473,1,direct_grid,
2022-07-10,KARNATAKA,Tumakuru,5909,MADHUGIRI,220227,DABBEGHATTA,0.6234180331230164,1,direct_grid,
2022-07-10,KARNATAKA,Tumakuru,5909,MADHUGIRI,220228,DODDAMAALUR,0.7892009569295908,7,area_weighted,
2022-07-10,KARNATAKA,Tumakuru,5909,MADHUGIRI,220229,DODDAYALKURU,0.7295992374420166,1,direct_grid,
2022-07-10,KARNATAKA,Tumakuru,5909,MADHUGIRI,220230,DODDERI,0.7977003553304689,3,area_weighted,
2022-07-10,KARNATAKA,Tumakuru,5909,MADHUGIRI,220231,GANJALAGUNTE,0.8449980792392311,4,area_weighted,
2022-07-10,KARNATAKA,Tumakuru,5909,MADHUGIRI,220232,GARANI,0.821194052696228,1,direct_grid,
2022-07-10,KARNATAKA,Tumakuru,5909,MADHUGIRI,220233,GONDIHALLI,0.7884174585342407,1,direct_grid,
2022-07-10,KARNATAKA,Tumakuru,5909,MADHUGIRI,220234,HOSAKERE,0.0,1,direct_grid,
2022-07-10,KARNATAKA,Tumakuru,5909,MADHUGIRI,220235,I.D.HALLI,0.9439229965209961,1,direct_grid,
2022-07-10,KARNATAKA,Tumakuru,5909,MADHUGIRI,220236,KADAGATHURU,0.943696141242981,1,direct_grid,
2022-07-10,KARNATAKA,Tumakuru,5909,MADHUGIRI,220237,KALIDEVAPURA,0.8106896579265594,2,direct_grid,
2022-07-10,KARNATAKA,Tumakuru,5909,MADHUGIRI,220238,KAVANADALA,0.990140438079834,2,direct_grid,
2022-07-10,KARNATAKA,Tumakuru,5909,MADHUGIRI,220239,KODAGADAALA,1.1111839949583708,6,area_weighted,
2022-07-10,KARNATAKA,Tumakuru,5909,MADHUGIRI,220240,KODIGENAHALLI,0.6414048671722412,1,direct_grid,
2022-07-10,KARNATAKA,Tumakuru,5909,MADHUGIRI,220241,KODLAPURA,0.5832103057805534,4,area_weighted,
2022-07-10,KARNATAKA,Tumakuru,5909,MADHUGIRI,220242,KONDAVAADI,0.9193107485771179,1,direct_grid,
2022-07-10,KARNATAKA,Tumakuru,5909,MADHUGIRI,220243,KOTAGARLAHALLI,0.3456308777118845,4,area_weighted,
2022-07-10,KARNATAKA,Tumakuru,5909,MADHUGIRI,220244,MARUVEKERE,0.8818529844284058,1,direct_grid,
2022-07-10,KARNATAKA,Tumakuru,5909,MADHUGIRI,220245,MIDIGESHI,0.9658631086349487,1,direct_grid,
2022-07-10,KARNATAKA,Tumakuru,5909,MADHUGIRI,220246,MUDDENAHALLI,0.7365051805973053,2,direct_grid,
2022-07-10,KARNATAKA,Tumakuru,5909,MADHUGIRI,220247,NERELEKERE,0.0,1,direct_grid,
2022-07-10,KARNATAKA,Tumakuru,5909,MADHUGIRI,220248,PURAVARA,0.8818361115411835,4,area_weighted,
2022-07-10,KARNATAKA,Tumakuru,5909,MADHUGIRI,220249,RANGAPURA,0.9816087484359741,1,direct_grid,
2022-07-10,KARNATAKA,Tumakuru,5909,MADHUGIRI,220250,RANTAVALALU,0.0,1,direct_grid,
2022-07-10,KARNATAKA,Tumakuru,5909,MADHUGIRI,220251,REDDYHALLI,0.8954595923423767,1,direct_grid,
2022-07-10,KARNATAKA,Tumakuru,5909,MADHUGIRI,220252,SAJJEHOSSAHALLI,0.0,1,direct_grid,
2022-07-10,KARNATAKA,Tumakuru,5909,MADHUGIRI,220253,SIDDAPURA,0.7314867973327637,1,direct_grid,
2022-07-10,KARNATAKA,Tumakuru,5909,MADHUGIRI,220254,SINGANAHALLI,0.39222055673599243,1,direct_grid,
2022-07-10,KARNATAKA,Tumakuru,5910,PAVAGADA,220255,ACHAMANAHALLI,0.18195845186710358,1,direct_grid,
2022-07-10,KARNATAKA,Tumakuru,5910,PAVAGADA,220256,ARASIKERE,0.8553802967071533,2,direct_grid,
2022-07-10,KARNATAKA,Tumakuru,5910,PAVAGADA,220257,B.K.HALLI,0.4256131052970886,2,direct_grid,
2022-07-10,KARNATAKA,Tumakuru,5910,PAVAGADA,220258,BUDIBETTA,0.7975105047225952,1,direct_grid,
2022-07-10,KARNATAKA,Tumakuru,5910,PAVAGADA,220259,BYADANOOR,1.443940933146113,4,area_weighted,
2022-07-10,KARNATAKA,Tumakuru,5910,PAVAGADA,220260,C.K.PURA,1.263225793838501,1,direct_grid,
2022-07-10,KARNATAKA,Tumakuru,5910,PAVAGADA,220261,CHIKKAHALLI,0.8943552076816559,2,direct_grid,
2022-07-10,KARNATAKA,Tumakuru,5910,PAVAGADA,220262,DOMMATHAMARI,0.8786144752297801,6,area_weighted,
2022-07-10,KARNATAKA,Tumakuru,5910,PAVAGADA,220263,GUJJANADU,0.8097916841506958,1,direct_grid,
2022-07-10,KARNATAKA,Tumakuru,5910,PAVAGADA,220264,K.T.HALLI,0.8295045330224471,6,area_weighted,
2022-07-10,KARNATAKA,Tumakuru,5910,PAVAGADA,220265,KAMANADURGA,1.1522650718688965,1,direct_grid,
2022-07-10,KARNATAKA,Tumakuru,5910,PAVAGADA,220266,KANNAMEEDI,1.4077112674713135,1,direct_grid,
2022-07-10,KARNATAKA,Tumakuru,5910,PAVAGADA,272811,KODAMADAGU,0.743614912033081,1,direct_grid,
2022-07-10,KARNATAKA,Tumakuru,5910,PAVAGADA,220267,KOTAGUDDA,0.9859306017557778,3,direct_grid,
2022-07-10,KARNATAKA,Tumakuru,5910,PAVAGADA,220268,MANGASAVADA,1.2665972709655762,1,direct_grid,
2022-07-10,KARNATAKA,Tumakuru,5910,PAVAGADA,220269,MARIDASANAHALLI,0.5738049745559692,1,direct_grid,
2022-07-10,KARNATAKA,Tumakuru,5910,PAVAGADA,220270,NAGALAMADIKE,0.6160752773284912,2,direct_grid,
2022-07-10,KARNATAKA,Tumakuru,5910,PAVAGADA,220271,NALIGAANAHALLI,1.2251572608947754,2,direct_grid,
2022-07-10,KARNATAKA,Tumakuru,5910,PAVAGADA,220284,NALLUR,0.4874342083930969,1,direct_grid,
2022-07-10,KARNATAKA,Tumakuru,5910,PAVAGADA,220272,NYAYADAGUNTE,0.6176155209541321,1,direct_grid,
2022-07-10,KARNATAKA,Tumakuru,5910,PAVAGADA,220273,PALAVALLI,0.8118945956230164,2,direct_grid,
2022-07-10,KARNATAKA,Tumakuru,5910,PAVAGADA,220274,PAVAGADA GRAMANTARA,0.9762484431266785,1,direct_grid,
2022-07-10,KARNATAKA,Tumakuru,5910,PAVAGADA,220275,PONNASAMUDRA,1.1266620056709118,4,area_weighted,
2022-07-10,KARNATAKA,Tumakuru,5910,PAVAGADA,220276,POTAGANAHALLI,0.5820654779672623,2,direct_grid,
2022-07-10,KARNATAKA,Tumakuru,5910,PAVAGADA,220277,RAJAVANTHI,1.5385354161262512,2,direct_grid,
2022-07-10,KARNATAKA,Tumakuru,5910,PAVAGADA,220278,RANGASAMUDRA,0.42619630694389343,1,direct_grid,
2022-07-10,KARNATAKA,Tumakuru,5910,PAVAGADA,220279,RYAPA,0.47003556291262305,3,direct_grid,
2022-07-10,KARNATAKA,Tumakuru,5910,PAVAGADA,220280,SAASALUKUNTE,0.20491318626837624,4,area_weighted,
2022-07-10,KARNATAKA,Tumakuru,5910,PAVAGADA,220281,SIDDAPURA,0.6068732738494873,1,direct_grid,
2022-07-10,KARNATAKA,Tumakuru,5910,PAVAGADA,220282,THIRUMANI,0.49710986018180847,2,direct_grid,
2022-07-10,KARNATAKA,Tumakuru,5910,PAVAGADA,220283,VADANAKALLU,0.5161001235246658,2,direct_grid,
2022-07-10,KARNATAKA,Tumakuru,5910,PAVAGADA,220285,VENKATAPURA,1.4851014614105225,1,direct_grid,
2022-07-10,KARNATAKA,Tumakuru,5910,PAVAGADA,220286,VIRUPASAMUDRA,0.7125161290168762,2,direct_grid,
2022-07-10,KARNATAKA,Tumakuru,5910,PAVAGADA,220287,Y.N HOSAKOTE,0.48919400605405255,5,area_weighted,
2022-07-10,KARNATAKA,Tumakuru,5911,SIRA,272823,BANDAKUNTE,1.1481387428025098,6,area_weighted,
2022-07-10,KARNATAKA,Tumakuru,5911,SIRA,220288,BARAGUR,1.8889242640443404,6,area_weighted,
2022-07-10,KARNATAKA,Tumakuru,5911,SIRA,220289,BEVINAHALLI,1.4032766819000244,1,direct_grid,
2022-07-10,KARNATAKA,Tumakuru,5911,SIRA,220290,BHUVANAHALLI,0.6659481525421143,1,direct_grid,
2022-07-10,KARNATAKA,Tumakuru,5911,SIRA,220291,BUKKAPATNA,2.027620315551758,1,direct_grid,
2022-07-10,KARNATAKA,Tumakuru,5911,SIRA,220292,BUPPASANDRA,1.2165271043777466,1,direct_grid,
2022-07-10,KARNATAKA,Tumakuru,5911,SIRA,272814,CHANGAVARA,1.644947588443756,2,direct_grid,
2022-07-10,KARNATAKA,Tumakuru,5911,SIRA,220293,CHIKKANAHALLI,1.3503342866897583,1,direct_grid,
2022-07-10,KARNATAKA,Tumakuru,5911,SIRA,220294,CHINNENAHALLI,1.5281647443771362,1,direct_grid,
2022-07-10,KARNATAKA,Tumakuru,5911,SIRA,220295,DODDA AGRAHARA,1.6269385814666748,2,direct_grid,
2022-07-10,KARNATAKA,Tumakuru,5911,SIRA,220296,DODDABANAGERE,2.6741504669189453,1,direct_grid,
2022-07-10,KARNATAKA,Tumakuru,5911,SIRA,220297,DVARANAKUNTE,2.167752742767334,1,direct_grid,
2022-07-10,KARNATAKA,Tumakuru,5911,SIRA,220298,GOPALADEVARAHALLI,1.5353351831436157,1,direct_grid,
2022-07-10,KARNATAKA,Tumakuru,5911,SIRA,220299,GOWDAGERE,1.4432072639465332,1,direct_grid,
2022-07-10,KARNATAKA,Tumakuru,5911,SIRA,272825,HALENAHALLI,1.1741422205241179,5,area_weighted,
2022-07-10,KARNATAKA,Tumakuru,5911,SIRA,220300,HANDIKUNTE,1.3827865719795227,2,direct_grid,
2022-07-10,KARNATAKA,Tumakuru,5911,SIRA,220301,HONNAGONDANAHALLI,0.0,1,direct_grid,
2022-07-10,KARNATAKA,Tumakuru,5911,SIRA,220302,HOSUR,1.4721049070358276,2,direct_grid,
2022-07-10,KARNATAKA,Tumakuru,5911,SIRA,220303,HULLIKUNTE,1.643250286579132,2,direct_grid,
2022-07-10,KARNATAKA,Tumakuru,5911,SIRA,220304,HUNASIHALLI,1.128909945487976,1,direct_grid,
2022-07-10,KARNATAKA,Tumakuru,5911,SIRA,220305,HUYILDORE,1.5737865368525186,3,direct_grid,
2022-07-10,KARNATAKA,Tumakuru,5911,SIRA,220306,KALLAMBELLA,1.415444780730185,4,area_weighted,
2022-07-10,KARNATAKA,Tumakuru,5911,SIRA,220307,KOTTA,0.9461238980293274,1,direct_grid,
2022-07-10,KARNATAKA,Tumakuru,5911,SIRA,272821,KURUBARAHALLI,1.9701991081237793,1,direct_grid,
2022-07-10,KARNATAKA,Tumakuru,5911,SIRA,220308,LAKSHMISAGARA,1.2086101174354553,2,direct_grid,
2022-07-10,KARNATAKA,Tumakuru,5911,SIRA,220309,MAAGODU,0.20949228700862635,5,area_weighted,
2022-07-10,KARNATAKA,Tumakuru,5911,SIRA,220310,MADALUR,0.9316802024841309,2,direct_grid,
2022-07-10,KARNATAKA,Tumakuru,5911,SIRA,220311,MELUKUNTE,1.2454967498779297,1,direct_grid,
2022-07-10,KARNATAKA,Tumakuru,5911,SIRA,220312,NADUR,1.2640470000336117,4,area_weighted,
2022-07-10,KARNATAKA,Tumakuru,5911,SIRA,220313,NERALAGUDDA,1.7891433238983154,2,direct_grid,
2022-07-10,KARNATAKA,Tumakuru,5911,SIRA,220314,RAMALINGAPURA,1.9184235334396362,2,direct_grid,
2022-07-10,KARNATAKA,Tumakuru,5911,SIRA,220315,RATNASANDRA,0.5982808768749237,2,direct_grid,
2022-07-10,KARNATAKA,Tumakuru,5911,SIRA,220316,SIBI,3.91721510887146,1,direct_grid,
2022-07-10,KARNATAKA,Tumakuru,5911,SIRA,220317,SIBI AGRAHARA,2.387693405151367,1,direct_grid,
2022-07-10,KARNATAKA,Tumakuru,5911,SIRA,220318,TADAKALLUR,1.5298380851745605,1,direct_grid,
2022-07-10,KARNATAKA,Tumakuru,5911,SIRA,272822,TALAGUNDA,1.106645107269287,1,direct_grid,
2022-07-10,KARNATAKA,Tumakuru,5911,SIRA,220319,TARUR,1.45708330462382,5,area_weighted,
2022-07-10,KARNATAKA,Tumakuru,5911,SIRA,220320,TAVAREKERE,1.5138428211212158,1,direct_grid,
2022-07-10,KARNATAKA,Tumakuru,5911,SIRA,220321,YADALAKUKU (HOSAHALLI),1.3353486061096191,1,direct_grid,
2022-07-10,KARNATAKA,Tumakuru,5911,SIRA,272836,YALADABAGI,1.8498257398605347,2,direct_grid,
2022-07-10,KARNATAKA,Tumakuru,5911,SIRA,220322,YALIYUR,1.010244369506836,1,direct_grid,
2022-07-10,KARNATAKA,Tumakuru,5911,SIRA,220323,YENDORE,1.3075683116912842,1,direct_grid,
2022-07-10,KARNATAKA,Tumakuru,5912,TIPTUR,220324,ARALUGUPPE,2.1786868572235107,1,direct_grid,
2022-07-10,KARNATAKA,Tumakuru,5912,TIPTUR,220325,BAJAGURU,2.3529508113861084,1,direct_grid,
2022-07-10,KARNATAKA,Tumakuru,5912,TIPTUR,220326,BALUVANERALU,2.719976305961609,2,direct_grid,
2022-07-10,KARNATAKA,Tumakuru,5912,TIPTUR,220327,BILIGERE,2.1321706771850586,2,direct_grid,
2022-07-10,KARNATAKA,Tumakuru,5912,TIPTUR,220328,DASARIGHATTA,2.8943564891815186,1,direct_grid,
2022-07-10,KARNATAKA,Tumakuru,5912,TIPTUR,220329,ECHANURU,2.747864246368408,1,direct_grid,
2022-07-10,KARNATAKA,Tumakuru,5912,TIPTUR,220330,GUDIGONDANAHALLI (B.G. KAVAL),2.991320848464966,1,direct_grid,
2022-07-10,KARNATAKA,Tumakuru,5912,TIPTUR,220331,GUNGURMALLE,2.382941246032715,1,direct_grid,
2022-07-10,KARNATAKA,Tumakuru,5912,TIPTUR,220332,GURUGADAHALLI,3.419441075618675,4,area_weighted,
2022-07-10,KARNATAKA,Tumakuru,5912,TIPTUR,220333,GYARAGATTA,2.999935746192932,2,direct_grid,
2022-07-10,KARNATAKA,Tumakuru,5912,TIPTUR,220334,HALUKURIKE,2.4602097272872925,2,direct_grid,
2022-07-10,KARNATAKA,Tumakuru,5912,TIPTUR,220335,HINDISKERE,1.8358443734840315,5,area_weighted,
2022-07-10,KARNATAKA,Tumakuru,5912,TIPTUR,220336,HONNAVALLI,2.8558180285745656,4,area_weighted,
2022-07-10,KARNATAKA,Tumakuru,5912,TIPTUR,220337,HUCHHAGONDANAHALLI,2.44706130027771,1,direct_grid,
2022-07-10,KARNATAKA,Tumakuru,5912,TIPTUR,220338,HUNASEGHATTA,2.511939525604248,1,direct_grid,
2022-07-10,KARNATAKA,Tumakuru,5912,TIPTUR,220339,KARADI,2.4661366939544678,1,direct_grid,
2022-07-10,KARNATAKA,Tumakuru,5912,TIPTUR,220340,KUPPALLU,2.5617177486419678,1,direct_grid,
2022-07-10,KARNATAKA,Tumakuru,5912,TIPTUR,220342,MANAKIKERE,2.293147087097168,1,direct_grid,
2022-07-10,KARNATAKA,Tumakuru,5912,TIPTUR,220343,MASAVANAGHATTA,2.182267427444458,1,direct_grid,
2022-07-10,KARNATAKA,Tumakuru,5912,TIPTUR,220341,MATHIHALLI,3.4073047637939453,2,direct_grid,
2022-07-10,KARNATAKA,Tumakuru,5912,TIPTUR,220344,NAGARAGHATTA,2.542599678039551,1,direct_grid,
2022-07-10,KARNATAKA,Tumakuru,5912,TIPTUR,220345,NALLIGERE,2.411731719970703,1,direct_grid,
2022-07-10,KARNATAKA,Tumakuru,5912,TIPTUR,220346,NONAVINAKERE,2.488849639892578,1,direct_grid,
2022-07-10,KARNATAKA,Tumakuru,5912,TIPTUR,220347,RANGAPURA,2.885503362821669,4,area_weighted,
2022-07-10,KARNATAKA,Tumakuru,5912,TIPTUR,220348,SARTHAVALLI,2.804221987724304,2,direct_grid,
2022-07-10,KARNATAKA,Tumakuru,5912,TIPTUR,220349,TADASUR,3.039742946624756,1,direct_grid,
2022-07-10,KARNATAKA,Tumakuru,5913,TUMAKURU,220350,ARAKERE,1.2841189243316429,4,area_weighted,
2022-07-10,KARNATAKA,Tumakuru,5913,TUMAKURU,220351,AREGUJJANAHALLI,1.3778813481330872,2,direct_grid,
2022-07-10,KARNATAKA,Tumakuru,5913,TUMAKURU,220352,ARIYURU,0.094976469003515,3,area_weighted,
2022-07-10,KARNATAKA,Tumakuru,5913,TUMAKURU,220353,BALLAGERE,0.7623411417007446,1,direct_grid,
2022-07-10,KARNATAKA,Tumakuru,5913,TUMAKURU,220354,BELADARA,1.635346531867981,1,direct_grid,
2022-07-10,KARNATAKA,Tumakuru,5913,TUMAKURU,220355,BELAGUMBA,1.1316344738006592,1,direct_grid,
2022-07-10,KARNATAKA,Tumakuru,5913,TUMAKURU,220356,BELLAVI,1.522370457649231,1,direct_grid,
2022-07-10,KARNATAKA,Tumakuru,5913,TUMAKURU,220357,BUGUDANAHALLI,1.3704031705856323,1,direct_grid,
2022-07-10,KARNATAKA,Tumakuru,5913,TUMAKURU,220358,CHIKKATOTLAKERE,1.67562735080719,1,direct_grid,
2022-07-10,KARNATAKA,Tumakuru,5913,TUMAKURU,220359,DEVALAAPURA,2.7278542518615723,2,direct_grid,
2022-07-10,KARNATAKA,Tumakuru,5913,TUMAKURU,220360,DODDANARAVANGALA,1.0216712951660156,1,direct_grid,
2022-07-10,KARNATAKA,Tumakuru,5913,TUMAKURU,220361,GALIGENAHALLI,0.0,1,direct_grid,
2022-07-10,KARNATAKA,Tumakuru,5913,TUMAKURU,220362,GANGONAHALLI,0.6199324536636801,3,area_weighted,
2022-07-10,KARNATAKA,Tumakuru,5913,TUMAKURU,220363,GULUR,0.8750885725021362,1,direct_grid,
2022-07-10,KARNATAKA,Tumakuru,5913,TUMAKURU,220364,HARALURU,0.6629281044006348,1,direct_grid,
2022-07-10,KARNATAKA,Tumakuru,5913,TUMAKURU,220365,HEBBUR,1.2712452411651611,1,direct_grid,
2022-07-10,KARNATAKA,Tumakuru,5913,TUMAKURU,220366,HEGERE,1.1326812505722046,1,direct_grid,
2022-07-10,KARNATAKA,Tumakuru,5913,TUMAKURU,220367,HETHANAHALLI,0.6821617484092712,1,direct_grid,
2022-07-10,KARNATAKA,Tumakuru,5913,TUMAKURU,220368,HIREHALLI,1.4334313869476318,1,direct_grid,
2022-07-10,KARNATAKA,Tumakuru,5913,TUMAKURU,220369,HOLAKAL,0.13998821377754211,1,direct_grid,
2022-07-10,KARNATAKA,Tumakuru,5913,TUMAKURU,220370,HONASIGERE,0.9465939998626709,1,direct_grid,
2022-07-10,KARNATAKA,Tumakuru,5913,TUMAKURU,220371,HONNUDIKE,0.9197095826517795,4,area_weighted,
2022-07-10,KARNATAKA,Tumakuru,5913,TUMAKURU,220372,K.PALASANDRA,0.6608284602777188,4,area_weighted,
2022-07-10,KARNATAKA,Tumakuru,5913,TUMAKURU,220373,KANAKOPPA,1.2649338245391846,1,direct_grid,
2022-07-10,KARNATAKA,Tumakuru,5913,TUMAKURU,220374,KESARAMADU,1.0442957878112793,1,direct_grid,
2022-07-10,KARNATAKA,Tumakuru,5913,TUMAKURU,220375,KESTUR,3.4813859462738037,1,direct_grid,
2022-07-10,KARNATAKA,Tumakuru,5913,TUMAKURU,220376,KORA,1.7470375261727273,4,area_weighted,
2022-07-10,KARNATAKA,Tumakuru,5913,TUMAKURU,220377,MAIDALA,1.353528508815756,5,area_weighted,
2022-07-10,KARNATAKA,Tumakuru,5913,TUMAKURU,220378,MALASANDRA,0.268130362033844,1,direct_grid,
2022-07-10,KARNATAKA,Tumakuru,5913,TUMAKURU,220379,MASKAL,1.1088062524795532,1,direct_grid,
2022-07-10,KARNATAKA,Tumakuru,5913,TUMAKURU,220380,NAGAVALLI,0.41719525588986267,4,area_weighted,
2022-07-10,KARNATAKA,Tumakuru,5913,TUMAKURU,220381,NELAHAL,4.2548933029174805,1,direct_grid,
2022-07-10,KARNATAKA,Tumakuru,5913,TUMAKURU,220382,NIDAVALLALU,1.2281715869903564,1,direct_grid,
2022-07-10,KARNATAKA,Tumakuru,5913,TUMAKURU,220383,OBLAPURA,1.560927152633667,1,direct_grid,
2022-07-10,KARNATAKA,Tumakuru,5913,TUMAKURU,220385,SIRAVARA,0.2056097686290741,2,direct_grid,
2022-07-10,KARNATAKA,Tumakuru,5913,TUMAKURU,220386,SITAKALLU,1.876521651824868,4,area_weighted,
2022-07-10,KARNATAKA,Tumakuru,5913,TUMAKURU,220387,SOREKUNTE,2.412174701690674,1,direct_grid,
2022-07-10,KARNATAKA,Tumakuru,5913,TUMAKURU,220388,SWANDENAHALLI,1.1927709579467773,1,direct_grid,
2022-07-10,KARNATAKA,Tumakuru,5913,TUMAKURU,220389,THIMMARAJANAHALLI,1.9924647808074951,1,direct_grid,
2022-07-10,KARNATAKA,Tumakuru,5913,TUMAKURU,220390,URDIGERE,2.0791842937469482,1,direct_grid,
2022-07-10,KARNATAKA,Tumakuru,5913,TUMAKURU,220384,URUKERE,1.220519781112671,1,direct_grid,
2022-07-10,KARNATAKA,Tumakuru,5914,TURUVEKERE,220391,AMMASANDRA,1.2088179428334502,3,area_weighted,
2022-07-10,KARNATAKA,Tumakuru,5914,TURUVEKERE,220392,ANEKERE,2.1783947944641113,1,direct_grid,
2022-07-10,KARNATAKA,Tumakuru,5914,TURUVEKERE,220393,AREMALLENAHALLI,2.4116580486297607,1,direct_grid,
2022-07-10,KARNATAKA,Tumakuru,5914,TURUVEKERE,220394,BANASANDRA,1.7185986042022705,1,direct_grid,
2022-07-10,KARNATAKA,Tumakuru,5914,TURUVEKERE,220395,BITARAHOSSALLI,1.8996376395225525,2,direct_grid,
2022-07-10,KARNATAKA,Tumakuru,5914,TURUVEKERE,220396,DABBEGHATTA,2.1080684661865234,1,direct_grid,
2022-07-10,KARNATAKA,Tumakuru,5914,TURUVEKERE,220397,DANDINASHIVARA,1.196512222290039,1,direct_grid,
2022-07-10,KARNATAKA,Tumakuru,5914,TURUVEKERE,220398,GONI TUMKUR,2.342820644378662,1,direct_grid,
2022-07-10,KARNATAKA,Tumakuru,5914,TURUVEKERE,272837,HADAVANAHALLI,1.683982491493225,1,direct_grid,
2022-07-10,KARNATAKA,Tumakuru,5914,TURUVEKERE,220399,HULLEKERE,0.583793580532074,1,direct_grid,
2022-07-10,KARNATAKA,Tumakuru,5914,TURUVEKERE,220400,KANATHUR,2.3738881583094167,6,area_weighted,
2022-07-10,KARNATAKA,Tumakuru,5914,TURUVEKERE,220401,KODIGEHALLI,2.3547706604003906,1,direct_grid,
2022-07-10,KARNATAKA,Tumakuru,5914,TURUVEKERE,220402,KONDAJJI,1.478322982788086,1,direct_grid,
2022-07-10,KARNATAKA,Tumakuru,5914,TURUVEKERE,220403,LOKAMMANAHALLI,2.150991624453078,6,area_weighted,
2022-07-10,KARNATAKA,Tumakuru,5914,TURUVEKERE,220404,MADIHALLI,2.1635825634002686,1,direct_grid,
2022-07-10,KARNATAKA,Tumakuru,5914,TURUVEKERE,220405,MANICHENDUR,1.9428693056106567,2,direct_grid,
2022-07-10,KARNATAKA,Tumakuru,5914,TURUVEKERE,220406,MAVINAKERE,2.0429232120513916,1,direct_grid,
2022-07-10,KARNATAKA,Tumakuru,5914,TURUVEKERE,220407,MAYASANDRA,1.9066515257739185,5,area_weighted,
2022-07-10,KARNATAKA,Tumakuru,5914,TURUVEKERE,220408,MUNIYUR,1.8910167217254639,1,direct_grid,
2022-07-10,KARNATAKA,Tumakuru,5914,TURUVEKERE,220409,MUTHUGADAHALLI,2.1980080604553223,1,direct_grid,
2022-07-10,KARNATAKA,Tumakuru,5914,TURUVEKERE,220410,SAMPIGE,0.7711043690796298,5,area_weighted,
2022-07-10,KARNATAKA,Tumakuru,5914,TURUVEKERE,220411,SAMPIGE HOSSAHALLI,0.49346983432769775,1,direct_grid,
2022-07-10,KARNATAKA,Tumakuru,5914,TURUVEKERE,220412,SETTIGONDANAHALLI,1.7799910306930542,2,direct_grid,
2022-07-10,KARNATAKA,Tumakuru,5914,TURUVEKERE,220413,SORAVANAHALLI,1.945237636566162,1,direct_grid,
2022-07-10,KARNATAKA,Tumakuru,5914,TURUVEKERE,220414,TALAKERE,1.8606843948364258,1,direct_grid,
2022-07-10,KARNATAKA,Tumakuru,5914,TURUVEKERE,220415,TANDAGA,2.474517822265625,1,direct_grid,
2022-07-10,KARNATAKA,Tumakuru,5914,TURUVEKERE,220416,VADAVANAGHATA,1.9386844635009766,1,direct_grid,
2022-07-10,KARNATAKA,Udupi,7417,BAINDURU,220456,BIJOORU,52.52669720012909,3,area_weighted,
2022-07-10,KARNATAKA,Udupi,7417,BAINDURU,220460,GOLIHOLE,47.56753730773926,4,direct_grid,
2022-07-10,KARNATAKA,Udupi,7417,BAINDURU,220464,HALLIHOLE,34.683528900146484,2,direct_grid,
2022-07-10,KARNATAKA,Udupi,7417,BAINDURU,220471,HEROORU,60.6761352698745,6,area_weighted,
2022-07-10,KARNATAKA,Udupi,7417,BAINDURU,220473,JADKAL,40.628416538238525,4,direct_grid,
2022-07-10,KARNATAKA,Udupi,7417,BAINDURU,220475,KALTHODU,55.16961669921875,1,direct_grid,
2022-07-10,KARNATAKA,Udupi,7417,BAINDURU,220476,KAMBADAKONE,55.27769470214844,1,direct_grid,
2022-07-10,KARNATAKA,Udupi,7417,BAINDURU,220481,KERGAL,55.21285917906567,3,area_weighted,
2022-07-10,KARNATAKA,Udupi,7417,BAINDURU,220482,KIRIMANJESHWARA,57.20525842946961,3,area_weighted,
2022-07-10,KARNATAKA,Udupi,7417,BAINDURU,220483,KOLLURU,36.33901071548462,4,direct_grid,
2022-07-10,KARNATAKA,Udupi,7417,BAINDURU,220488,MARAVANTHE,63.348243713378906,1,direct_grid,
2022-07-10,KARNATAKA,Udupi,7417,BAINDURU,220490,NADA,59.13727951049805,1,direct_grid,
2022-07-10,KARNATAKA,Udupi,7417,BAINDURU,220491,NAVUNDA,63.348243713378906,1,area_weighted,
2022-07-10,KARNATAKA,Udupi,7417,BAINDURU,220494,SHIRURU,50.899959564208984,1,direct_grid,
2022-07-10,KARNATAKA,Udupi,7417,BAINDURU,220499,UPPUNDA,52.07647376495687,4,area_weighted,
2022-07-10,KARNATAKA,Udupi,7416,BRAHMAVARA,220502,38 KALATHUR,62.14205551147461,1,direct_grid,
2022-07-10,KARNATAKA,Udupi,7416,BRAHMAVARA,220540,AROOR,65.14068281438192,2,area_weighted,
2022-07-10,KARNATAKA,Udupi,7416,BRAHMAVARA,220507,AVARSE,58.253013610839844,1,direct_grid,
2022-07-10,KARNATAKA,Udupi,7416,BRAHMAVARA,220511,BARKUR,73.01982825908996,2,area_weighted,
2022-07-10,KARNATAKA,Udupi,7416,BRAHMAVARA,220514,BILLADI,61.42974090576172,1,direct_grid,
2022-07-10,KARNATAKA,Udupi,7416,BRAHMAVARA,220516,CHANTHARU,70.04578853632304,4,area_weighted,
2022-07-10,KARNATAKA,Udupi,7416,BRAHMAVARA,220517,CHERKADI,64.86970800422128,4,area_weighted,
2022-07-10,KARNATAKA,Udupi,7416,BRAHMAVARA,220518,HANDADI,71.7296142578125,1,direct_grid,
2022-07-10,KARNATAKA,Udupi,7416,BRAHMAVARA,220519,HANEHALLI,69.79639544379889,4,area_weighted,
2022-07-10,KARNATAKA,Udupi,7416,BRAHMAVARA,220520,HARADI,66.66135947249441,4,area_weighted,
2022-07-10,KARNATAKA,Udupi,7416,BRAHMAVARA,220521,HAVANJE,64.97747039794922,1,direct_grid,
2022-07-10,KARNATAKA,Udupi,7416,BRAHMAVARA,220522,HEGGUNJE,67.76730728149414,2,direct_grid,
2022-07-10,KARNATAKA,Udupi,7416,BRAHMAVARA,220525,IRODI,65.92406463623047,1,direct_grid,
2022-07-10,KARNATAKA,Udupi,7416,BRAHMAVARA,220527,KADUR,67.24460016126991,4,area_weighted,
2022-07-10,KARNATAKA,Udupi,7416,BRAHMAVARA,220529,KARJE,62.68080061385511,5,area_weighted,
2022-07-10,KARNATAKA,Udupi,7416,BRAHMAVARA,220533,KODI,66.1588410019582,2,area_weighted,
2022-07-10,KARNATAKA,Udupi,7416,BRAHMAVARA,220535,KOKKARNE,64.5372543334961,1,direct_grid,
2022-07-10,KARNATAKA,Udupi,7416,BRAHMAVARA,220536,KOTA,64.98181413698373,4,area_weighted,
2022-07-10,KARNATAKA,Udupi,7416,BRAHMAVARA,220537,KOTATHATTU,66.41943156746538,2,area_weighted,
2022-07-10,KARNATAKA,Udupi,7416,BRAHMAVARA,220547,NALKUR,64.12068939208984,1,direct_grid,
2022-07-10,KARNATAKA,Udupi,7416,BRAHMAVARA,273018,NEELAVARA,66.6903305053711,1,direct_grid,
2022-07-10,KARNATAKA,Udupi,7416,BRAHMAVARA,220550,PANDESHWARA,69.46866163378102,4,area_weighted,
2022-07-10,KARNATAKA,Udupi,7416,BRAHMAVARA,220552,SHIRIYARA,67.26653156753679,4,area_weighted,
2022-07-10,KARNATAKA,Udupi,7416,BRAHMAVARA,220558,UPPOOR,68.47562990778323,2,area_weighted,
2022-07-10,KARNATAKA,Udupi,7416,BRAHMAVARA,220559,VADDARSE,74.50659942626953,1,direct_grid,
2022-07-10,KARNATAKA,Udupi,7416,BRAHMAVARA,220560,VARAMBALLI,70.34179353133722,2,area_weighted,
2022-07-10,KARNATAKA,Udupi,7416,BRAHMAVARA,220561,YADTHADI,71.81518755359059,4,area_weighted,
2022-07-10,KARNATAKA,Udupi,7433,HEBRI,220454,BELVE,60.54022216796875,1,direct_grid,
2022-07-10,KARNATAKA,Udupi,7433,HEBRI,273008,CHARA,58.779398734382475,5,area_weighted,
2022-07-10,KARNATAKA,Udupi,7433,HEBRI,220422,HEBRI,52.94474411010742,1,direct_grid,
2022-07-10,KARNATAKA,Udupi,7433,HEBRI,220428,KUCHCHURU,53.1412239074707,1,direct_grid,
2022-07-10,KARNATAKA,Udupi,7433,HEBRI,220487,MADAMAKKI,48.30172348022461,2,direct_grid,
2022-07-10,KARNATAKA,Udupi,7433,HEBRI,220434,MUDRADI,47.547054290771484,1,direct_grid,
2022-07-10,KARNATAKA,Udupi,7433,HEBRI,220436,NADPALU,40.33733215332032,5,direct_grid,
2022-07-10,KARNATAKA,Udupi,7433,HEBRI,220444,SHIVAPURA,59.10915756225586,1,direct_grid,
2022-07-10,KARNATAKA,Udupi,7433,HEBRI,220445,VARANGA,47.62096532185872,3,direct_grid,
2022-07-10,KARNATAKA,Udupi,7434,KAPU,220508,BADA,52.808418058053576,2,area_weighted,
2022-07-10,KARNATAKA,Udupi,7434,KAPU,220512,BELAPU,52.49122617062828,2,area_weighted,
2022-07-10,KARNATAKA,Udupi,7434,KAPU,220513,BELLE,52.93566014726994,4,area_weighted,
2022-07-10,KARNATAKA,Udupi,7434,KAPU,220523,HEJAMADI,48.64688382272957,4,area_weighted,
2022-07-10,KARNATAKA,Udupi,7434,KAPU,220524,INNANJE,48.661590576171875,1,direct_grid,
2022-07-10,KARNATAKA,Udupi,7434,KAPU,220530,KATAPADI,53.62801470034364,2,area_weighted,
2022-07-10,KARNATAKA,Udupi,7434,KAPU,220538,KOTE,54.87537753964203,4,area_weighted,
2022-07-10,KARNATAKA,Udupi,7434,KAPU,220541,KURKALU,53.45855267512974,4,area_weighted,
2022-07-10,KARNATAKA,Udupi,7434,KAPU,220542,KUTHYARU,52.08174133300781,1,direct_grid,
2022-07-10,KARNATAKA,Udupi,7434,KAPU,220543,MAJUR,49.196920155319546,4,area_weighted,
2022-07-10,KARNATAKA,Udupi,7434,KAPU,220546,MUDARANGADI,52.340518951416016,1,direct_grid,
2022-07-10,KARNATAKA,Udupi,7434,KAPU,220548,PADUBIDRI,51.42734269548912,4,area_weighted,
2022-07-10,KARNATAKA,Udupi,7434,KAPU,220549,PALIMARU,50.981021881103516,1,direct_grid,
2022-07-10,KARNATAKA,Udupi,7434,KAPU,220553,SHIRVA,49.455610275268555,2,direct_grid,
2022-07-10,KARNATAKA,Udupi,7434,KAPU,220554,THENKA,52.24539793493397,4,area_weighted,
2022-07-10,KARNATAKA,Udupi,7434,KAPU,220562,YELLUR,51.700059839461815,3,area_weighted,
2022-07-10,KARNATAKA,Udupi,5915,KARKAL,220417,BAILOOR,50.22313690185547,1,direct_grid,
2022-07-10,KARNATAKA,Udupi,5915,KARKAL,220418,BELMAN,51.54956718703265,5,area_weighted,
2022-07-10,KARNATAKA,Udupi,5915,KARKAL,220419,BOLA,50.34139633178711,1,direct_grid,
2022-07-10,KARNATAKA,Udupi,5915,KARKAL,220420,DURGA,46.419097900390625,1,direct_grid,
2022-07-10,KARNATAKA,Udupi,5915,KARKAL,220421,ERLAPADI,55.31182098388672,1,direct_grid,
2022-07-10,KARNATAKA,Udupi,5915,KARKAL,220423,HIRGANA,49.78022003173828,1,direct_grid,
2022-07-10,KARNATAKA,Udupi,5915,KARKAL,220424,IDU,38.902313232421875,1,direct_grid,
2022-07-10,KARNATAKA,Udupi,5915,KARKAL,220425,INNA,50.7227668762207,1,direct_grid,
2022-07-10,KARNATAKA,Udupi,5915,KARKAL,273009,IRVATHAURU,48.98185966935067,2,area_weighted,
2022-07-10,KARNATAKA,Udupi,5915,KARKAL,220426,KADTHALA,55.54509162902832,2,direct_grid,
2022-07-10,KARNATAKA,Udupi,5915,KARKAL,273010,KALYA,51.457342382290264,4,area_weighted,
2022-07-10,KARNATAKA,Udupi,5915,KARKAL,220427,KANTHAVARA,50.18488311767578,1,direct_grid,
2022-07-10,KARNATAKA,Udupi,5915,KARKAL,273011,KERVASHE,38.45878219604492,2,direct_grid,
2022-07-10,KARNATAKA,Udupi,5915,KARKAL,220429,KUKKUNDOOR,50.506717681884766,1,direct_grid,
2022-07-10,KARNATAKA,Udupi,5915,KARKAL,220430,MALA,37.77973175048828,1,direct_grid,
2022-07-10,KARNATAKA,Udupi,5915,KARKAL,220431,MARNE,52.61658477783203,1,direct_grid,
2022-07-10,KARNATAKA,Udupi,5915,KARKAL,220432,MIYARU,49.01278950355227,4,area_weighted,
2022-07-10,KARNATAKA,Udupi,5915,KARKAL,220433,MUDARU,45.61594009399414,2,direct_grid,
2022-07-10,KARNATAKA,Udupi,5915,KARKAL,220435,MUNDKOOR,49.021454528708006,4,area_weighted,
2022-07-10,KARNATAKA,Udupi,5915,KARKAL,220437,NALLOOR,44.94657144448044,4,area_weighted,
2022-07-10,KARNATAKA,Udupi,5915,KARKAL,273012,NANDALIKE,51.894142150878906,1,direct_grid,
2022-07-10,KARNATAKA,Udupi,5915,KARKAL,220438,NEERE,56.49067306518555,1,direct_grid,
2022-07-10,KARNATAKA,Udupi,5915,KARKAL,220439,NITTE,51.80573272705078,1,direct_grid,
2022-07-10,KARNATAKA,Udupi,5915,KARKAL,220440,PALLI,50.189653727711466,5,area_weighted,
2022-07-10,KARNATAKA,Udupi,5915,KARKAL,220441,RENJALA,47.25259780883789,1,direct_grid,
2022-07-10,KARNATAKA,Udupi,5915,KARKAL,220442,SANOOR,50.515615628952816,4,area_weighted,
2022-07-10,KARNATAKA,Udupi,5915,KARKAL,220443,SHIRLAL,48.030616760253906,1,direct_grid,
2022-07-10,KARNATAKA,Udupi,5916,KUNDAPURA,220446,AJRI,46.20476531982422,1,direct_grid,
2022-07-10,KARNATAKA,Udupi,5916,KUNDAPURA,220447,ALURU,68.01159286499023,2,direct_grid,
2022-07-10,KARNATAKA,Udupi,5916,KUNDAPURA,220448,AMASBAIL,35.57257423400878,5,direct_grid,
2022-07-10,KARNATAKA,Udupi,5916,KUNDAPURA,220449,AMPARU,57.37081336975098,2,direct_grid,
2022-07-10,KARNATAKA,Udupi,5916,KUNDAPURA,220450,ANAGALI,60.84729569482514,4,area_weighted,
2022-07-10,KARNATAKA,Udupi,5916,KUNDAPURA,220451,BALKURU,66.01728016090327,2,area_weighted,
2022-07-10,KARNATAKA,Udupi,5916,KUNDAPURA,220452,BASRURU,65.78653535350878,3,area_weighted,
2022-07-10,KARNATAKA,Udupi,5916,KUNDAPURA,220453,BELOORU,69.79803182697448,3,area_weighted,
2022-07-10,KARNATAKA,Udupi,5916,KUNDAPURA,220455,BIJADI,61.748612685810826,3,area_weighted,
2022-07-10,KARNATAKA,Udupi,5916,KUNDAPURA,220458,CHITTURU,63.14974535865059,4,area_weighted,
2022-07-10,KARNATAKA,Udupi,5916,KUNDAPURA,220459,GANGOLLI,59.10984621214815,2,area_weighted,
2022-07-10,KARNATAKA,Udupi,5916,KUNDAPURA,273013,GOPADI,62.97608510590756,2,area_weighted,
2022-07-10,KARNATAKA,Udupi,5916,KUNDAPURA,220461,GUJJADI,59.126593312508646,4,area_weighted,
2022-07-10,KARNATAKA,Udupi,5916,KUNDAPURA,273014,GULWADI,65.72392272949219,1,direct_grid,
2022-07-10,KARNATAKA,Udupi,5916,KUNDAPURA,220462,HAKLADI,60.83032989501953,1,direct_grid,
2022-07-10,KARNATAKA,Udupi,5916,KUNDAPURA,220463,HALADI,59.40880993566207,4,area_weighted,
2022-07-10,KARNATAKA,Udupi,5916,KUNDAPURA,220465,HAMBADI-MANDADI,63.997995907885766,3,area_weighted,
2022-07-10,KARNATAKA,Udupi,5916,KUNDAPURA,220466,HANGLURU,61.65436935424805,1,area_weighted,
2022-07-10,KARNATAKA,Udupi,5916,KUNDAPURA,220467,HARDALLI-MANDALLI,64.257080078125,1,direct_grid,
2022-07-10,KARNATAKA,Udupi,5916,KUNDAPURA,220468,HATTIANGADI,64.39410442214364,4,area_weighted,
2022-07-10,KARNATAKA,Udupi,5916,KUNDAPURA,220469,HEMMADI,60.58936002052019,3,area_weighted,
2022-07-10,KARNATAKA,Udupi,5916,KUNDAPURA,220470,HENGAVALLI,53.44925367516312,5,area_weighted,
2022-07-10,KARNATAKA,Udupi,5916,KUNDAPURA,273015,HOSAADU,60.92019539156664,4,area_weighted,
2022-07-10,KARNATAKA,Udupi,5916,KUNDAPURA,220472,HOSANGADI,24.68283224105835,2,direct_grid,
2022-07-10,KARNATAKA,Udupi,5916,KUNDAPURA,273016,IDURU KUNJYADI,61.95865249633789,1,direct_grid,
2022-07-10,KARNATAKA,Udupi,5916,KUNDAPURA,220474,KALAVARA,67.40304565429688,1,direct_grid,
2022-07-10,KARNATAKA,Udupi,5916,KUNDAPURA,273039,KANDAVARA,66.97260892431456,3,area_weighted,
2022-07-10,KARNATAKA,Udupi,5916,KUNDAPURA,220477,KARKUNJE,58.96746063232422,1,direct_grid,
2022-07-10,KARNATAKA,Udupi,5916,KUNDAPURA,273040,KATTABELTHURU,63.29794957715983,4,area_weighted,
2022-07-10,KARNATAKA,Udupi,5916,KUNDAPURA,220478,KAVRADI,60.54917684079527,4,area_weighted,
2022-07-10,KARNATAKA,Udupi,5916,KUNDAPURA,220479,KEDURU,70.46969604492188,1,direct_grid,
2022-07-10,KARNATAKA,Udupi,5916,KUNDAPURA,220480,KERADI,53.97635841369629,2,direct_grid,
2022-07-10,KARNATAKA,Udupi,5916,KUNDAPURA,220484,KONI,61.72735944123903,2,area_weighted,
2022-07-10,KARNATAKA,Udupi,5916,KUNDAPURA,273041,KORGI,68.52417590820629,4,area_weighted,
2022-07-10,KARNATAKA,Udupi,5916,KUNDAPURA,220485,KOTESHWARA,61.65436935424805,1,direct_grid,
2022-07-10,KARNATAKA,Udupi,5916,KUNDAPURA,220486,KUMBASHI,63.852004360080265,2,area_weighted,
2022-07-10,KARNATAKA,Udupi,5916,KUNDAPURA,220489,MOLAHALLI,60.91645812988281,1,direct_grid,
2022-07-10,KARNATAKA,Udupi,5916,KUNDAPURA,220493,SHANKARANARAYANA,55.75360298156738,2,direct_grid,
2022-07-10,KARNATAKA,Udupi,5916,KUNDAPURA,220495,SIDDAPURA,50.018978118896484,1,direct_grid,
2022-07-10,KARNATAKA,Udupi,5916,KUNDAPURA,220496,TALLURU,60.31681442260742,1,direct_grid,
2022-07-10,KARNATAKA,Udupi,5916,KUNDAPURA,220497,TEKKATTE,64.00728607177734,1,direct_grid,
2022-07-10,KARNATAKA,Udupi,5916,KUNDAPURA,220498,TRASI,59.29655795905948,2,area_weighted,
2022-07-10,KARNATAKA,Udupi,5916,KUNDAPURA,273042,ULLUR 74,50.28756069146564,4,area_weighted,
2022-07-10,KARNATAKA,Udupi,5916,KUNDAPURA,220500,VANDSE,65.86624145507812,1,direct_grid,
2022-07-10,KARNATAKA,Udupi,5916,KUNDAPURA,273043,YEDAMOGGE,26.259903576101177,6,area_weighted,
2022-07-10,KARNATAKA,Udupi,5917,UDUPI,220503,80 BADAGUBETTU,62.14709385057325,5,area_weighted,
2022-07-10,KARNATAKA,Udupi,5917,UDUPI,220504,ALEVOOR,57.993431091308594,1,direct_grid,
2022-07-10,KARNATAKA,Udupi,5917,UDUPI,220505,AMBALAPADI,62.71293640136719,1,direct_grid,
2022-07-10,KARNATAKA,Udupi,5917,UDUPI,220506,ATHRADI,61.52516555786133,1,direct_grid,
2022-07-10,KARNATAKA,Udupi,5917,UDUPI,220509,BADANIDIYUR,64.82594084068822,2,area_weighted,
2022-07-10,KARNATAKA,Udupi,5917,UDUPI,220510,BAIRAMPALLI,59.68450927734375,1,direct_grid,
2022-07-10,KARNATAKA,Udupi,5917,UDUPI,220515,BOMMARABETTU,59.649575646861344,4,area_weighted,
2022-07-10,KARNATAKA,Udupi,5917,UDUPI,220526,KADEKARU,60.74951902346377,4,area_weighted,
2022-07-10,KARNATAKA,Udupi,5917,UDUPI,220528,KALYANPURA,66.1249483758616,2,area_weighted,
2022-07-10,KARNATAKA,Udupi,5917,UDUPI,220532,KEMMANNU,64.84357452392578,1,direct_grid,
2022-07-10,KARNATAKA,Udupi,5917,UDUPI,220534,KODIBETTU,57.659786224365234,1,direct_grid,
2022-07-10,KARNATAKA,Udupi,5917,UDUPI,220539,KUKKEHALLI,63.24008560180664,1,direct_grid,
2022-07-10,KARNATAKA,Udupi,5917,UDUPI,220545,MANIPURA,58.11893116754351,3,area_weighted,
2022-07-10,KARNATAKA,Udupi,5917,UDUPI,220551,PERDOOR,59.63166046142578,2,direct_grid,
2022-07-10,KARNATAKA,Udupi,5917,UDUPI,220555,THENKANIDIYUR,65.40021727976642,4,area_weighted,
2022-07-10,KARNATAKA,Udupi,5917,UDUPI,220556,UDYAVARA,59.27294921875,1,direct_grid,
2022-07-10,KARNATAKA,Uttara Kannada,5918,ANKOLA,220563,ACHVE,5.277342319488525,2,direct_grid,
2022-07-10,KARNATAKA,Uttara Kannada,5918,ANKOLA,220564,AGRAGONE,18.108014952066714,2,area_weighted,
2022-07-10,KARNATAKA,Uttara Kannada,5918,ANKOLA,220565,AGSUR,10.422664960225422,3,direct_grid,
2022-07-10,KARNATAKA,Uttara Kannada,5918,ANKOLA,220566,ALAGERI,12.378098487854004,1,direct_grid,
2022-07-10,KARNATAKA,Uttara Kannada,5918,ANKOLA,220568,BAVIKERI,13.02598384541368,3,area_weighted,
2022-07-10,KARNATAKA,Uttara Kannada,5918,ANKOLA,220569,BELAMBAR,16.263569488441053,2,area_weighted,
2022-07-10,KARNATAKA,Uttara Kannada,5918,ANKOLA,220570,BELEKERI,13.877902463405642,2,area_weighted,
2022-07-10,KARNATAKA,Uttara Kannada,5918,ANKOLA,220571,BELSE,14.164541244506836,1,direct_grid,
2022-07-10,KARNATAKA,Uttara Kannada,5918,ANKOLA,220572,BOBRUWADA,16.26063346862793,1,area_weighted,
2022-07-10,KARNATAKA,Uttara Kannada,5918,ANKOLA,220573,DONGRI,2.9669005274772644,4,direct_grid,
2022-07-10,KARNATAKA,Uttara Kannada,5918,ANKOLA,220574,HARWADA,10.260531657319262,2,area_weighted,
2022-07-10,KARNATAKA,Uttara Kannada,5918,ANKOLA,220575,HATTIKERI,6.085402250289917,6,direct_grid,
2022-07-10,KARNATAKA,Uttara Kannada,5918,ANKOLA,220576,HILLUR,7.3903913497924805,2,direct_grid,
2022-07-10,KARNATAKA,Uttara Kannada,5918,ANKOLA,273194,HONNEBAILU,19.510358810424805,1,direct_grid,
2022-07-10,KARNATAKA,Uttara Kannada,5918,ANKOLA,220577,MOGTA,9.622030258178711,3,direct_grid,
2022-07-10,KARNATAKA,Uttara Kannada,5918,ANKOLA,220578,SAGADGERI,16.990015029907227,1,direct_grid,
2022-07-10,KARNATAKA,Uttara Kannada,5918,ANKOLA,220579,SHETGERI,17.14364313086554,4,area_weighted,
2022-07-10,KARNATAKA,Uttara Kannada,5918,ANKOLA,220580,SUNKASAL,4.27513952255249,5,direct_grid,
2022-07-10,KARNATAKA,Uttara Kannada,5918,ANKOLA,220581,VANDIGE,14.442744097147258,3,area_weighted,
2022-07-10,KARNATAKA,Uttara Kannada,5918,ANKOLA,273195,VASARAKUDRIGE,12.896887135759812,4,area_weighted,
2022-07-10,KARNATAKA,Uttara Kannada,5919,BHATKAL,220582,BAILUR,56.658860292275506,2,area_weighted,
2022-07-10,KARNATAKA,Uttara Kannada,5919,BHATKAL,220583,BELAKE,52.27365493774414,1,direct_grid,
2022-07-10,KARNATAKA,Uttara Kannada,5919,BHATKAL,220584,BENGRE,65.53299903869629,2,direct_grid,
2022-07-10,KARNATAKA,Uttara Kannada,5919,BHATKAL,220585,HADAVALLI,45.04166539510091,3,direct_grid,
2022-07-10,KARNATAKA,Uttara Kannada,5919,BHATKAL,220586,HEBLE,88.71838042707734,3,area_weighted,
2022-07-10,KARNATAKA,Uttara Kannada,5919,BHATKAL,220588,KAIKINI,60.11096396729624,4,area_weighted,
2022-07-10,KARNATAKA,Uttara Kannada,5919,BHATKAL,220589,KONAR,53.48256923663235,4,area_weighted,
2022-07-10,KARNATAKA,Uttara Kannada,5919,BHATKAL,220590,KOPPA,45.9732608795166,2,direct_grid,
2022-07-10,KARNATAKA,Uttara Kannada,5919,BHATKAL,220591,MARUKERI,57.4990348815918,1,direct_grid,
2022-07-10,KARNATAKA,Uttara Kannada,5919,BHATKAL,220592,MAVALLI,60.6478157043457,1,direct_grid,
2022-07-10,KARNATAKA,Uttara Kannada,5919,BHATKAL,220593,MAVINAKURVE,70.73905297051641,3,area_weighted,
2022-07-10,KARNATAKA,Uttara Kannada,5919,BHATKAL,220594,MUNDALLI,63.38668687579681,2,area_weighted,
2022-07-10,KARNATAKA,Uttara Kannada,5919,BHATKAL,220595,MUTALLI,65.234167358113,2,area_weighted,
2022-07-10,KARNATAKA,Uttara Kannada,5919,BHATKAL,220596,SHIRALI,66.01085338097026,4,area_weighted,
2022-07-10,KARNATAKA,Uttara Kannada,5919,BHATKAL,220597,YELAVADIKAVOOR,61.407352447509766,1,direct_grid,
2022-07-10,KARNATAKA,Uttara Kannada,7400,Dandeli,220598,ALUR,3.720058798789978,2,direct_grid,
2022-07-10,KARNATAKA,Uttara Kannada,7400,Dandeli,273197,AMBEWADI,3.711066484451294,1,direct_grid,
2022-07-10,KARNATAKA,Uttara Kannada,7400,Dandeli,220599,AMBIKANAGAR,3.2099822362263994,3,direct_grid,
2022-07-10,KARNATAKA,Uttara Kannada,7400,Dandeli,273198,BADAKANASHIRADA,3.600576877593994,1,direct_grid,
2022-07-10,KARNATAKA,Uttara Kannada,5920,HALIYAL,220600,ARALWAD,3.1044676303863525,1,direct_grid,
2022-07-10,KARNATAKA,Uttara Kannada,5920,HALIYAL,220601,BELWATGI,2.009692370891571,2,direct_grid,
2022-07-10,KARNATAKA,Uttara Kannada,5920,HALIYAL,220602,BHAGVATI,2.73332052230835,5,direct_grid,
2022-07-10,KARNATAKA,Uttara Kannada,5920,HALIYAL,220603,BUZURKANCHANALLI,2.6133873823853273,2,area_weighted,
2022-07-10,KARNATAKA,Uttara Kannada,5920,HALIYAL,220604,CHIBBALGERI`,2.607428550720215,1,direct_grid,
2022-07-10,KARNATAKA,Uttara Kannada,5920,HALIYAL,220605,GUNDOLLI,2.587815046310425,1,direct_grid,
2022-07-10,KARNATAKA,Uttara Kannada,5920,HALIYAL,220606,HAVAGI,2.765582799911499,2,direct_grid,
2022-07-10,KARNATAKA,Uttara Kannada,5920,HALIYAL,220607,JANAGA,2.2228825092315674,1,direct_grid,
2022-07-10,KARNATAKA,Uttara Kannada,5920,HALIYAL,220608,KAVALWAD,2.114031939691829,4,area_weighted,
2022-07-10,KARNATAKA,Uttara Kannada,5920,HALIYAL,220609,KESAROLLI,3.3708585500717163,2,direct_grid,
2022-07-10,KARNATAKA,Uttara Kannada,5920,HALIYAL,220610,MADNALLI,2.930884838104248,1,direct_grid,
2022-07-10,KARNATAKA,Uttara Kannada,5920,HALIYAL,220611,MANGALWAD,3.0971764848755097,6,area_weighted,
2022-07-10,KARNATAKA,Uttara Kannada,5920,HALIYAL,273199,MODALAGERA,3.1497268676757812,1,direct_grid,
2022-07-10,KARNATAKA,Uttara Kannada,5920,HALIYAL,220612,MURUKWAD,2.197758348161611,6,area_weighted,
2022-07-10,KARNATAKA,Uttara Kannada,5920,HALIYAL,220613,NAGASHETTIKOPPA,2.464879870836419,3,area_weighted,
2022-07-10,KARNATAKA,Uttara Kannada,5920,HALIYAL,220614,SAMBRANI,2.9747400283813477,1,direct_grid,
2022-07-10,KARNATAKA,Uttara Kannada,5920,HALIYAL,273200,TATTIGERI,2.3289049051605732,5,area_weighted,
2022-07-10,KARNATAKA,Uttara Kannada,5920,HALIYAL,220615,TATWANAGI,2.259053945541382,1,direct_grid,
2022-07-10,KARNATAKA,Uttara Kannada,5920,HALIYAL,220616,TERGAON,2.770168222105995,4,area_weighted,
2022-07-10,KARNATAKA,Uttara Kannada,5920,HALIYAL,220617,YADOGA,3.346390962600708,1,direct_grid,
2022-07-10,KARNATAKA,Uttara Kannada,5921,HONAVAR,220618,BALKOOR,37.5815544128418,1,direct_grid,
2022-07-10,KARNATAKA,Uttara Kannada,5921,HONAVAR,220619,CHANDAVAR,15.883646011352539,2,direct_grid,
2022-07-10,KARNATAKA,Uttara Kannada,5921,HONAVAR,220620,CHIKKANKOD,16.933807849884033,2,direct_grid,
2022-07-10,KARNATAKA,Uttara Kannada,5921,HONAVAR,220621,HADINBAL,19.926528792925353,3,area_weighted,
2022-07-10,KARNATAKA,Uttara Kannada,5921,HONAVAR,220622,HALDIPUR,28.13912764686939,4,area_weighted,
2022-07-10,KARNATAKA,Uttara Kannada,5921,HONAVAR,220623,HEREANGADI,15.49811840057373,1,direct_grid,
2022-07-10,KARNATAKA,Uttara Kannada,5921,HONAVAR,220624,HOSAKULI,21.500502242192944,3,area_weighted,
2022-07-10,KARNATAKA,Uttara Kannada,5921,HONAVAR,220625,JALVALLI,15.576921541707955,3,area_weighted,
2022-07-10,KARNATAKA,Uttara Kannada,5921,HONAVAR,220626,KADATOKA,24.034876752055922,4,area_weighted,
2022-07-10,KARNATAKA,Uttara Kannada,5921,HONAVAR,220627,KADLE,19.80515480041504,1,direct_grid,
2022-07-10,KARNATAKA,Uttara Kannada,5921,HONAVAR,220628,KARKI,27.83211363694363,4,area_weighted,
2022-07-10,KARNATAKA,Uttara Kannada,5921,HONAVAR,220629,KASARKOD,21.841026306152344,1,direct_grid,
2022-07-10,KARNATAKA,Uttara Kannada,5921,HONAVAR,220630,KELGINOR,29.310446068215835,4,area_weighted,
2022-07-10,KARNATAKA,Uttara Kannada,5921,HONAVAR,220631,KHARWA,17.138360950479,4,area_weighted,
2022-07-10,KARNATAKA,Uttara Kannada,5921,HONAVAR,220632,KODANI,22.33175516024404,3,area_weighted,
2022-07-10,KARNATAKA,Uttara Kannada,5921,HONAVAR,220633,KUDRIGI,23.3927202891722,4,area_weighted,
2022-07-10,KARNATAKA,Uttara Kannada,5921,HONAVAR,273201,MAGODA,33.169395446777344,2,direct_grid,
2022-07-10,KARNATAKA,Uttara Kannada,5921,HONAVAR,273203,MANKI B (ANANTHAWADI),48.98195582273678,4,area_weighted,
2022-07-10,KARNATAKA,Uttara Kannada,5921,HONAVAR,273204,MANKI C (CHITHARA),38.18135452270508,2,direct_grid,
2022-07-10,KARNATAKA,Uttara Kannada,5921,HONAVAR,220635,MAVINKURVE,18.500061672496734,4,area_weighted,
2022-07-10,KARNATAKA,Uttara Kannada,5921,HONAVAR,220636,MELIN IDGUNJI,15.665560722351074,1,direct_grid,
2022-07-10,KARNATAKA,Uttara Kannada,5921,HONAVAR,220637,MUGWA,23.162278946217732,2,area_weighted,
2022-07-10,KARNATAKA,Uttara Kannada,5921,HONAVAR,220638,NAGARBASTIKERI,15.4852876663208,4,direct_grid,
2022-07-10,KARNATAKA,Uttara Kannada,5921,HONAVAR,220639,NAVILGONE,26.461257934570312,1,direct_grid,
2022-07-10,KARNATAKA,Uttara Kannada,5921,HONAVAR,220640,SALKOD,19.245497703552246,2,direct_grid,
2022-07-10,KARNATAKA,Uttara Kannada,5921,HONAVAR,220641,UPPONI,13.134058475494385,4,direct_grid,
2022-07-10,KARNATAKA,Uttara Kannada,5922,KARWAR,220642,AMDALLI,9.237089157104492,1,direct_grid,
2022-07-10,KARNATAKA,Uttara Kannada,5922,KARWAR,220644,ASNOTI,12.757606506347656,1,direct_grid,
2022-07-10,KARNATAKA,Uttara Kannada,5922,KARWAR,220645,CHENDIYA,11.045078807326199,4,area_weighted,
2022-07-10,KARNATAKA,Uttara Kannada,5922,KARWAR,220646,CHITTAKULA,12.586256980895996,1,area_weighted,
2022-07-10,KARNATAKA,Uttara Kannada,5922,KARWAR,220647,DEVALMAKKI,9.19902777671814,4,direct_grid,
2022-07-10,KARNATAKA,Uttara Kannada,5922,KARWAR,220648,GHADSAI,10.159520000956336,4,area_weighted,
2022-07-10,KARNATAKA,Uttara Kannada,5922,KARWAR,220649,GOTEGALI,7.8794846534729,5,direct_grid,
2022-07-10,KARNATAKA,Uttara Kannada,5922,KARWAR,220650,HANKON,11.642731666564941,2,direct_grid,
2022-07-10,KARNATAKA,Uttara Kannada,5922,KARWAR,220651,KADRA,4.167401154836019,3,direct_grid,
2022-07-10,KARNATAKA,Uttara Kannada,5922,KARWAR,220652,KADWAD,11.591294921569649,2,area_weighted,
2022-07-10,KARNATAKA,Uttara Kannada,5922,KARWAR,220653,KERWADI,9.402292905728682,4,area_weighted,
2022-07-10,KARNATAKA,Uttara Kannada,5922,KARWAR,220654,KINNER,10.915535926818848,1,direct_grid,
2022-07-10,KARNATAKA,Uttara Kannada,5922,KARWAR,220655,MAJALI,12.707903698579006,2,area_weighted,
2022-07-10,KARNATAKA,Uttara Kannada,5922,KARWAR,220656,MALLAPUR,4.421038699150086,5,direct_grid,
2022-07-10,KARNATAKA,Uttara Kannada,5922,KARWAR,220657,MUDGERI,12.757571529132473,3,area_weighted,
2022-07-10,KARNATAKA,Uttara Kannada,5922,KARWAR,220658,SHIRWAD,10.694292068481445,1,direct_grid,
2022-07-10,KARNATAKA,Uttara Kannada,5922,KARWAR,273205,THODURU,10.36829124456527,3,area_weighted,
2022-07-10,KARNATAKA,Uttara Kannada,5922,KARWAR,220659,WAILWADA,10.570076036838449,3,area_weighted,
2022-07-10,KARNATAKA,Uttara Kannada,5923,KUMTA,220660,ALAKOD,7.5976937611897775,3,direct_grid,
2022-07-10,KARNATAKA,Uttara Kannada,5923,KUMTA,220661,BAAD,21.588442810890644,4,area_weighted,
2022-07-10,KARNATAKA,Uttara Kannada,5923,KUMTA,220662,BARGI,18.2436580657959,1,direct_grid,
2022-07-10,KARNATAKA,Uttara Kannada,5923,KUMTA,220663,DEEVGI,18.89060401916504,1,direct_grid,
2022-07-10,KARNATAKA,Uttara Kannada,5923,KUMTA,220664,DEVAGIRI,29.160364787837633,4,area_weighted,
2022-07-10,KARNATAKA,Uttara Kannada,5923,KUMTA,220665,GOKARNA,20.98795676039752,4,area_weighted,
2022-07-10,KARNATAKA,Uttara Kannada,5923,KUMTA,220666,HANEHALLI,19.46604572997646,4,area_weighted,
2022-07-10,KARNATAKA,Uttara Kannada,5923,KUMTA,220667,HEGDE,21.304398358400764,4,area_weighted,
2022-07-10,KARNATAKA,Uttara Kannada,5923,KUMTA,220668,HIREGUTTI,16.383556365966797,1,direct_grid,
2022-07-10,KARNATAKA,Uttara Kannada,5923,KUMTA,220669,HOLANGADDE,23.131296157836914,1,direct_grid,
2022-07-10,KARNATAKA,Uttara Kannada,5923,KUMTA,220670,KAGAL,20.538819005601987,4,area_weighted,
2022-07-10,KARNATAKA,Uttara Kannada,5923,KUMTA,220671,KALBHAG,27.416866302490234,1,direct_grid,
2022-07-10,KARNATAKA,Uttara Kannada,5923,KUMTA,273206,KALLABBE,12.863765716552734,1,direct_grid,
2022-07-10,KARNATAKA,Uttara Kannada,5923,KUMTA,220672,KODAKANI,18.25602280439012,2,area_weighted,
2022-07-10,KARNATAKA,Uttara Kannada,5923,KUMTA,220673,KOOJALI,23.03326988220215,1,direct_grid,
2022-07-10,KARNATAKA,Uttara Kannada,5923,KUMTA,220674,MIRJAN,12.530957221984863,3,direct_grid,
2022-07-10,KARNATAKA,Uttara Kannada,5923,KUMTA,220675,MURUR,16.426999416946515,4,area_weighted,
2022-07-10,KARNATAKA,Uttara Kannada,5923,KUMTA,220676,NADUMASKERI,20.331254082420987,2,area_weighted,
2022-07-10,KARNATAKA,Uttara Kannada,5923,KUMTA,220677,SANTEGULI,11.45673656463623,1,direct_grid,
2022-07-10,KARNATAKA,Uttara Kannada,5923,KUMTA,245295,SOPPINAHOSALLI,9.569037199020386,4,direct_grid,
2022-07-10,KARNATAKA,Uttara Kannada,5923,KUMTA,220678,TORKE,19.598331451416016,1,direct_grid,
2022-07-10,KARNATAKA,Uttara Kannada,5923,KUMTA,220679,WALGALLI,23.359543000300437,4,area_weighted,
2022-07-10,KARNATAKA,Uttara Kannada,5924,MUNDGOD,220680,BACHANKI,2.0338487029075623,2,direct_grid,
2022-07-10,KARNATAKA,Uttara Kannada,5924,MUNDGOD,220681,BEDASGAON,1.848726709683736,3,direct_grid,
2022-07-10,KARNATAKA,Uttara Kannada,5924,MUNDGOD,220682,CHAWDALLI,1.6704909801483154,1,direct_grid,
2022-07-10,KARNATAKA,Uttara Kannada,5924,MUNDGOD,220683,CHIGALLI,1.7753392457962036,1,direct_grid,
2022-07-10,KARNATAKA,Uttara Kannada,5924,MUNDGOD,220684,GUNJAVATI,1.9829562306404114,2,direct_grid,
2022-07-10,KARNATAKA,Uttara Kannada,5924,MUNDGOD,220685,HUNGUND,1.5807251930236816,1,direct_grid,
2022-07-10,KARNATAKA,Uttara Kannada,5924,MUNDGOD,220686,INDOOR,2.0457147416880996,4,area_weighted,
2022-07-10,KARNATAKA,Uttara Kannada,5924,MUNDGOD,220687,KATTUR,1.8740404844284058,1,direct_grid,
2022-07-10,KARNATAKA,Uttara Kannada,5924,MUNDGOD,220688,KODAMBI,2.167405128479004,1,direct_grid,
2022-07-10,KARNATAKA,Uttara Kannada,5924,MUNDGOD,273207,MAINALLI,1.6831729809443154,3,direct_grid,
2022-07-10,KARNATAKA,Uttara Kannada,5924,MUNDGOD,220689,MALAGI,2.3873801231384277,1,direct_grid,
2022-07-10,KARNATAKA,Uttara Kannada,5924,MUNDGOD,273208,NAGANURU,1.7803440491358438,3,direct_grid,
2022-07-10,KARNATAKA,Uttara Kannada,5924,MUNDGOD,220690,NANDIKATTA,1.9217295050621033,2,direct_grid,
2022-07-10,KARNATAKA,Uttara Kannada,5924,MUNDGOD,273209,ONIKERI,1.9397991912618817,6,area_weighted,
2022-07-10,KARNATAKA,Uttara Kannada,5924,MUNDGOD,220691,PALA,2.0232136249542236,1,direct_grid,
2022-07-10,KARNATAKA,Uttara Kannada,5924,MUNDGOD,220692,SALGAON,1.8373717069625854,1,direct_grid,
2022-07-10,KARNATAKA,Uttara Kannada,5925,SIDDAPUR,220693,ANALEBAIL,1.5090932846069336,1,direct_grid,
2022-07-10,KARNATAKA,Uttara Kannada,5925,SIDDAPUR,220694,BEDKANI,3.6813276144292453,3,area_weighted,
2022-07-10,KARNATAKA,Uttara Kannada,5925,SIDDAPUR,220695,BIDRAKAN,3.1836282412211094,3,direct_grid,
2022-07-10,KARNATAKA,Uttara Kannada,5925,SIDDAPUR,220696,BILGI,4.042488098144531,1,direct_grid,
2022-07-10,KARNATAKA,Uttara Kannada,5925,SIDDAPUR,220697,DODMANE,9.82414722442627,2,direct_grid,
2022-07-10,KARNATAKA,Uttara Kannada,5925,SIDDAPUR,220698,HAARSIKATTA,2.201538920402527,2,direct_grid,
2022-07-10,KARNATAKA,Uttara Kannada,5925,SIDDAPUR,220699,HALGERI,4.767063299814859,3,direct_grid,
2022-07-10,KARNATAKA,Uttara Kannada,5925,SIDDAPUR,220700,HASARAGOD,1.3654524087905884,1,direct_grid,
2022-07-10,KARNATAKA,Uttara Kannada,5925,SIDDAPUR,220701,HEGGARANI,2.633831739425659,1,direct_grid,
2022-07-10,KARNATAKA,Uttara Kannada,5925,SIDDAPUR,220702,ITGI,4.383543767715759,6,area_weighted,
2022-07-10,KARNATAKA,Uttara Kannada,5925,SIDDAPUR,220703,KANGOD,2.2208993202369185,5,area_weighted,
2022-07-10,KARNATAKA,Uttara Kannada,5925,SIDDAPUR,220704,KAVANCHOOR,3.6146678924560547,1,direct_grid,
2022-07-10,KARNATAKA,Uttara Kannada,5925,SIDDAPUR,220705,KOLSIRSI,2.333425998687744,1,direct_grid,
2022-07-10,KARNATAKA,Uttara Kannada,5925,SIDDAPUR,273210,KORLAKAI(ADUKATTA),4.902403831481934,1,direct_grid,
2022-07-10,KARNATAKA,Uttara Kannada,5925,SIDDAPUR,220706,KYADAGI,4.449831962585449,1,direct_grid,
2022-07-10,KARNATAKA,Uttara Kannada,5925,SIDDAPUR,220707,MANMANE,4.27711296081543,1,direct_grid,
2022-07-10,KARNATAKA,Uttara Kannada,5925,SIDDAPUR,220708,NILKUND,4.067746480305989,3,direct_grid,
2022-07-10,KARNATAKA,Uttara Kannada,5925,SIDDAPUR,220709,SHIRALGI,2.4439451694488525,1,direct_grid,
2022-07-10,KARNATAKA,Uttara Kannada,5925,SIDDAPUR,220710,SOVINKOPPA,3.5870962142944336,1,direct_grid,
2022-07-10,KARNATAKA,Uttara Kannada,5925,SIDDAPUR,273211,TANDAGUNDI,6.507890701293945,1,direct_grid,
2022-07-10,KARNATAKA,Uttara Kannada,5925,SIDDAPUR,220711,TAREHALLI - KANSUR,1.1480340957641602,1,direct_grid,
2022-07-10,KARNATAKA,Uttara Kannada,5925,SIDDAPUR,220712,TYAGALI,1.3227787193732967,5,area_weighted,
2022-07-10,KARNATAKA,Uttara Kannada,5925,SIDDAPUR,220713,WAJGOD,5.141153335571289,1,direct_grid,
2022-07-10,KARNATAKA,Uttara Kannada,5926,SIRSI,220714,ANDAGI,1.572555661201477,1,direct_grid,
2022-07-10,KARNATAKA,Uttara Kannada,5926,SIRSI,220715,BADANGOD,1.9870534340540567,3,direct_grid,
2022-07-10,KARNATAKA,Uttara Kannada,5926,SIRSI,220716,BANAVASI,0.9057449303439654,5,area_weighted,
2022-07-10,KARNATAKA,Uttara Kannada,5926,SIRSI,220717,BANDAL,5.693128824234009,2,direct_grid,
2022-07-10,KARNATAKA,Uttara Kannada,5926,SIRSI,220718,BANKANAAL,1.778615951538086,1,direct_grid,
2022-07-10,KARNATAKA,Uttara Kannada,5926,SIRSI,220719,BHAIRUMBE,1.4308127164840698,1,direct_grid,
2022-07-10,KARNATAKA,Uttara Kannada,5926,SIRSI,220720,BHASI,0.32969334721565247,1,direct_grid,
2022-07-10,KARNATAKA,Uttara Kannada,5926,SIRSI,220721,BISALKOPPA,1.8170188069343567,2,direct_grid,
2022-07-10,KARNATAKA,Uttara Kannada,5926,SIRSI,220722,DEVANALLI,4.095486402511597,2,direct_grid,
2022-07-10,KARNATAKA,Uttara Kannada,5926,SIRSI,220723,DODNALLI,1.6565661430358887,1,direct_grid,
2022-07-10,KARNATAKA,Uttara Kannada,5926,SIRSI,220724,GUADNAPUR,1.090791940689087,2,direct_grid,
2022-07-10,KARNATAKA,Uttara Kannada,5926,SIRSI,273212,HALGADDE,1.6001211201988552,6,area_weighted,
2022-07-10,KARNATAKA,Uttara Kannada,5926,SIRSI,220725,HULEKAL,1.139708399772644,1,direct_grid,
2022-07-10,KARNATAKA,Uttara Kannada,5926,SIRSI,220726,HUNASEKOPPA,1.3885573148727417,1,direct_grid,
2022-07-10,KARNATAKA,Uttara Kannada,5926,SIRSI,220727,HUTTAGAAR,1.5563551456289213,4,area_weighted,
2022-07-10,KARNATAKA,Uttara Kannada,5926,SIRSI,220728,ISALOORU,1.6026467084884644,1,direct_grid,
2022-07-10,KARNATAKA,Uttara Kannada,5926,SIRSI,220729,ITGULI,1.4940987825393677,1,direct_grid,
2022-07-10,KARNATAKA,Uttara Kannada,5926,SIRSI,220730,JANMANE,2.3062774629707183,6,area_weighted,
2022-07-10,KARNATAKA,Uttara Kannada,5926,SIRSI,220731,KANGOD,1.5564841955522217,8,area_weighted,
2022-07-10,KARNATAKA,Uttara Kannada,5926,SIRSI,220732,KODNAGADDE,1.2847638130187988,3,direct_grid,
2022-07-10,KARNATAKA,Uttara Kannada,5926,SIRSI,220733,KULAVE,1.470129907131195,2,direct_grid,
2022-07-10,KARNATAKA,Uttara Kannada,5926,SIRSI,273214,MALINA ONIKERI,1.27805757522583,1,direct_grid,
2022-07-10,KARNATAKA,Uttara Kannada,5926,SIRSI,273213,MANJAGUNI,3.300274531046549,3,direct_grid,
2022-07-10,KARNATAKA,Uttara Kannada,5926,SIRSI,220734,NEGGU,1.4939188957214355,2,direct_grid,
2022-07-10,KARNATAKA,Uttara Kannada,5926,SIRSI,273215,SADASHIVALLI,1.5695586204528809,1,direct_grid,
2022-07-10,KARNATAKA,Uttara Kannada,5926,SIRSI,220735,SALKANI,2.099425951639811,3,direct_grid,
2022-07-10,KARNATAKA,Uttara Kannada,5926,SIRSI,220736,SHIVALLI,2.2923521995544434,1,direct_grid,
2022-07-10,KARNATAKA,Uttara Kannada,5926,SIRSI,273216,SONDHA,1.1804382801055908,2,direct_grid,
2022-07-10,KARNATAKA,Uttara Kannada,5926,SIRSI,220737,SUGAVI,1.5294113159179688,1,direct_grid,
2022-07-10,KARNATAKA,Uttara Kannada,5926,SIRSI,220738,UNCHALLI,1.3956312537193298,2,direct_grid,
2022-07-10,KARNATAKA,Uttara Kannada,5926,SIRSI,220739,VANALLI,1.9229628245035806,3,direct_grid,
2022-07-10,KARNATAKA,Uttara Kannada,5926,SIRSI,220740,YADALLI,1.5179095268249512,1,direct_grid,
2022-07-10,KARNATAKA,Uttara Kannada,5927,SUPA,220741,AKHETI,3.4210469722747803,6,direct_grid,
2022-07-10,KARNATAKA,Uttara Kannada,5927,SUPA,220742,ANSHI,4.090317964553833,8,direct_grid,
2022-07-10,KARNATAKA,Uttara Kannada,5927,SUPA,220743,ASU,3.2259072780609133,5,direct_grid,
2022-07-10,KARNATAKA,Uttara Kannada,5927,SUPA,220744,AVEDA,3.895692825317383,2,direct_grid,
2022-07-10,KARNATAKA,Uttara Kannada,5927,SUPA,220745,BAZAAR KULANG,5.967974662780763,5,direct_grid,
2022-07-10,KARNATAKA,Uttara Kannada,5927,SUPA,220748,CASTLE ROCK (KALAMBOLI),3.9706177711486816,1,direct_grid,
2022-07-10,KARNATAKA,Uttara Kannada,5927,SUPA,274155,GANGODA,3.0009515285491943,3,direct_grid,
2022-07-10,KARNATAKA,Uttara Kannada,5927,SUPA,220746,JAGALBATE,2.888665095708857,7,area_weighted,
2022-07-10,KARNATAKA,Uttara Kannada,5927,SUPA,220747,JOIDA,2.9938849210739136,2,direct_grid,
2022-07-10,KARNATAKA,Uttara Kannada,5927,SUPA,220749,KATELI,5.061111529668171,6,direct_grid,
2022-07-10,KARNATAKA,Uttara Kannada,5927,SUPA,220750,NAGODA,3.6758660674095154,4,direct_grid,
2022-07-10,KARNATAKA,Uttara Kannada,5927,SUPA,220751,NANDIGADDE,2.900033712387085,3,direct_grid,
2022-07-10,KARNATAKA,Uttara Kannada,5927,SUPA,220752,PRADHANI,3.6979863047599792,4,direct_grid,
2022-07-10,KARNATAKA,Uttara Kannada,5927,SUPA,220753,RAMNAGAR,2.6416736495399347,4,area_weighted,
2022-07-10,KARNATAKA,Uttara Kannada,5927,SUPA,220754,SHINGARAGAON,3.1439725756645203,4,direct_grid,
2022-07-10,KARNATAKA,Uttara Kannada,5927,SUPA,220755,ULVI,2.00243307862963,7,direct_grid,
2022-07-10,KARNATAKA,Uttara Kannada,5928,YELLAPUR,220756,ANGOD,2.3132710663004845,8,area_weighted,
2022-07-10,KARNATAKA,Uttara Kannada,5928,YELLAPUR,273217,CHANDHAGULI,1.277025818824768,1,direct_grid,
2022-07-10,KARNATAKA,Uttara Kannada,5928,YELLAPUR,220757,DEHALLI,2.1449007987976074,3,direct_grid,
2022-07-10,KARNATAKA,Uttara Kannada,5928,YELLAPUR,220758,HASANGI,1.5612905820210774,3,direct_grid,
2022-07-10,KARNATAKA,Uttara Kannada,5928,YELLAPUR,220759,HITHALLI,1.3563787937164307,1,direct_grid,
2022-07-10,KARNATAKA,Uttara Kannada,5928,YELLAPUR,220760,IDGUNDI,1.724993884563446,4,direct_grid,
2022-07-10,KARNATAKA,Uttara Kannada,5928,YELLAPUR,220761,KAMPLI,1.5102593501408894,3,direct_grid,
2022-07-10,KARNATAKA,Uttara Kannada,5928,YELLAPUR,220762,KANNIGERI,2.3894322514533997,6,direct_grid,
2022-07-10,KARNATAKA,Uttara Kannada,5928,YELLAPUR,220763,KIRWATTI,2.231313514709473,5,direct_grid,
2022-07-10,KARNATAKA,Uttara Kannada,5928,YELLAPUR,220764,KUNDARGI,1.5944660107294717,3,direct_grid,
2022-07-10,KARNATAKA,Uttara Kannada,5928,YELLAPUR,220765,MADNUR,1.9128234386444092,3,direct_grid,
2022-07-10,KARNATAKA,Uttara Kannada,5928,YELLAPUR,220766,MAVINMANE,2.2501054108142853,4,direct_grid,
2022-07-10,KARNATAKA,Uttara Kannada,5928,YELLAPUR,220767,NANDOLLI,1.3486018180847168,2,direct_grid,
2022-07-10,KARNATAKA,Uttara Kannada,5928,YELLAPUR,220768,UMMACHAGI,1.5053728818893433,1,direct_grid,
2022-07-10,KARNATAKA,Uttara Kannada,5928,YELLAPUR,220769,VAJRALLI,1.883996287981669,3,direct_grid,
2022-07-10,KARNATAKA,Vijayanagar,5782,HADAGALLI,273254,BIRABBI,1.844860553741455,1,direct_grid,
2022-07-10,KARNATAKA,Vijayanagar,5782,HADAGALLI,216145,DASANAHALLI,1.9231878519058228,1,direct_grid,
2022-07-10,KARNATAKA,Vijayanagar,5782,HADAGALLI,216146,DEVAGONDANAHALLI,1.756390929222107,1,direct_grid,
2022-07-10,KARNATAKA,Vijayanagar,5782,HADAGALLI,216147,HAGARANUR,1.7883712649345398,2,direct_grid,
2022-07-10,KARNATAKA,Vijayanagar,5782,HADAGALLI,216148,HIRE HADAGALI,1.9717490673065186,1,direct_grid,
2022-07-10,KARNATAKA,Vijayanagar,5782,HADAGALLI,216149,HIREMALLANAKERI,2.0212714672088623,1,direct_grid,
2022-07-10,KARNATAKA,Vijayanagar,5782,HADAGALLI,216150,HOLAGUNDI,2.0496418476104736,1,direct_grid,
2022-07-10,KARNATAKA,Vijayanagar,5782,HADAGALLI,216151,HOLALU,1.8722491264343262,1,direct_grid,
2022-07-10,KARNATAKA,Vijayanagar,5782,HADAGALLI,216152,HYARADA,1.734297513961792,1,direct_grid,
2022-07-10,KARNATAKA,Vijayanagar,5782,HADAGALLI,216153,ITTIGI,1.455706000328064,1,direct_grid,
2022-07-10,KARNATAKA,Vijayanagar,5782,HADAGALLI,273255,K.AYYANAHALLI,1.9470751881599426,2,direct_grid,
2022-07-10,KARNATAKA,Vijayanagar,5782,HADAGALLI,216154,KALVI,2.439157724380493,1,direct_grid,
2022-07-10,KARNATAKA,Vijayanagar,5782,HADAGALLI,216155,KATTEBENNUR,2.010587692260742,1,direct_grid,
2022-07-10,KARNATAKA,Vijayanagar,5782,HADAGALLI,216156,KOMBALI,2.1539469957351685,2,direct_grid,
2022-07-10,KARNATAKA,Vijayanagar,5782,HADAGALLI,216157,KURUVATTHI,2.050384521484375,1,direct_grid,
2022-07-10,KARNATAKA,Vijayanagar,5782,HADAGALLI,216158,MAGALA,2.1342475414276123,1,direct_grid,
2022-07-10,KARNATAKA,Vijayanagar,5782,HADAGALLI,216159,MAHAJANADAHALLI,1.4209728240966797,1,direct_grid,
2022-07-10,KARNATAKA,Vijayanagar,5782,HADAGALLI,216160,MAKARABBI,2.036159336566925,2,direct_grid,
2022-07-10,KARNATAKA,Vijayanagar,5782,HADAGALLI,216161,MANYARAMASALAVADA,1.6342427730560303,1,direct_grid,
2022-07-10,KARNATAKA,Vijayanagar,5782,HADAGALLI,216162,MYLARA,1.9231826066970825,2,direct_grid,
2022-07-10,KARNATAKA,Vijayanagar,5782,HADAGALLI,216163,NAGATI BASAPURA,1.600601061167275,6,area_weighted,
2022-07-10,KARNATAKA,Vijayanagar,5782,HADAGALLI,216164,NANDIHALLI,1.6227047443389893,2,direct_grid,
2022-07-10,KARNATAKA,Vijayanagar,5782,HADAGALLI,216165,NAVALI,2.005075216293335,1,direct_grid,
2022-07-10,KARNATAKA,Vijayanagar,5782,HADAGALLI,216166,SOGI,1.4829363822937012,1,direct_grid,
2022-07-10,KARNATAKA,Vijayanagar,5782,HADAGALLI,216167,SOVENAHALLI,2.2586381876667008,4,area_weighted,
2022-07-10,KARNATAKA,Vijayanagar,5782,HADAGALLI,216168,UTTANGI,1.5001248717308044,2,direct_grid,
2022-07-10,KARNATAKA,Vijayanagar,5783,HAGARIBOMMANAHALLI,216171,BACHIGUNDANAHALLI,1.2922378778457642,1,direct_grid,
2022-07-10,KARNATAKA,Vijayanagar,5783,HAGARIBOMMANAHALLI,216172,BANNIGOLA,1.8966450691223145,1,direct_grid,
2022-07-10,KARNATAKA,Vijayanagar,5783,HAGARIBOMMANAHALLI,216173,BANNIKALLU,1.8457223176956177,1,direct_grid,
2022-07-10,KARNATAKA,Vijayanagar,5783,HAGARIBOMMANAHALLI,216174,BASIGIDERI,1.5782036781311035,2,direct_grid,
2022-07-10,KARNATAKA,Vijayanagar,5783,HAGARIBOMMANAHALLI,216175,BENAKAL,1.212791919708252,1,direct_grid,
2022-07-10,KARNATAKA,Vijayanagar,5783,HAGARIBOMMANAHALLI,216177,DASAMAPURA,0.9304691851139069,2,direct_grid,
2022-07-10,KARNATAKA,Vijayanagar,5783,HAGARIBOMMANAHALLI,273256,GADDHIKERI,1.8357537984848022,1,direct_grid,
2022-07-10,KARNATAKA,Vijayanagar,5783,HAGARIBOMMANAHALLI,216179,HALAGAPURA,0.9830225612239385,4,area_weighted,
2022-07-10,KARNATAKA,Vijayanagar,5783,HAGARIBOMMANAHALLI,216180,HAMPAPATNA,1.0244901776313782,2,direct_grid,
2022-07-10,KARNATAKA,Vijayanagar,5783,HAGARIBOMMANAHALLI,216181,HAMPASAGAR,2.158952474594116,2,direct_grid,
2022-07-10,KARNATAKA,Vijayanagar,5783,HAGARIBOMMANAHALLI,216182,HANSI,1.032090425491333,1,direct_grid,
2022-07-10,KARNATAKA,Vijayanagar,5783,HAGARIBOMMANAHALLI,216183,KADLEBALU,1.126538004629004,2,area_weighted,
2022-07-10,KARNATAKA,Vijayanagar,5783,HAGARIBOMMANAHALLI,273257,MADHURU,1.1254869103431702,2,direct_grid,
2022-07-10,KARNATAKA,Vijayanagar,5783,HAGARIBOMMANAHALLI,216185,MALVI,1.3625956773757935,1,direct_grid,
2022-07-10,KARNATAKA,Vijayanagar,5783,HAGARIBOMMANAHALLI,216186,MORABBIHAL,0.8703843752543131,3,direct_grid,
2022-07-10,KARNATAKA,Vijayanagar,5783,HAGARIBOMMANAHALLI,216187,MURAGERI,1.5938653349876404,2,direct_grid,
2022-07-10,KARNATAKA,Vijayanagar,5783,HAGARIBOMMANAHALLI,216188,MUTKUR,1.182366132736206,1,direct_grid,
2022-07-10,KARNATAKA,Vijayanagar,5783,HAGARIBOMMANAHALLI,273258,NELKUDRI-1,1.4355754773353098,5,area_weighted,
2022-07-10,KARNATAKA,Vijayanagar,5783,HAGARIBOMMANAHALLI,216189,SONNA,1.4396039247512817,1,direct_grid,
2022-07-10,KARNATAKA,Vijayanagar,5783,HAGARIBOMMANAHALLI,216190,THAMBRALLI,1.6201808452606201,1,direct_grid,
2022-07-10,KARNATAKA,Vijayanagar,5783,HAGARIBOMMANAHALLI,276043,VALLABHAPURA,0.8780040047757307,8,area_weighted,
2022-07-10,KARNATAKA,Vijayanagar,5822,HARAPPANAHALLI,217502,ADAVIHALLI,1.247764897987214,4,area_weighted,
2022-07-10,KARNATAKA,Vijayanagar,5822,HARAPPANAHALLI,217503,ANAJIGERE,1.1598737239837646,1,direct_grid,
2022-07-10,KARNATAKA,Vijayanagar,5822,HARAPPANAHALLI,217504,ARASIKERI,1.1884153627822547,4,area_weighted,
2022-07-10,KARNATAKA,Vijayanagar,5822,HARAPPANAHALLI,217505,BENNEHALLI,1.3943321704864502,1,direct_grid,
2022-07-10,KARNATAKA,Vijayanagar,5822,HARAPPANAHALLI,217506,BHAGALI,1.221917748451233,1,direct_grid,
2022-07-10,KARNATAKA,Vijayanagar,5822,HARAPPANAHALLI,217507,CHATNIHALLI,1.1221832036972046,1,direct_grid,
2022-07-10,KARNATAKA,Vijayanagar,5822,HARAPPANAHALLI,217508,CHIGATERI,1.279439926147461,1,direct_grid,
2022-07-10,KARNATAKA,Vijayanagar,5822,HARAPPANAHALLI,217509,CHIRASTHAHALLI,1.4189209342002869,2,direct_grid,
2022-07-10,KARNATAKA,Vijayanagar,5822,HARAPPANAHALLI,217510,DUGGAVATHI,1.2876037420525666,4,area_weighted,
2022-07-10,KARNATAKA,Vijayanagar,5822,HARAPPANAHALLI,217511,GUNDAGATTI,1.2022455930709839,1,direct_grid,
2022-07-10,KARNATAKA,Vijayanagar,5822,HARAPPANAHALLI,217512,HALAVAGALU,1.8219508981439978,6,area_weighted,
2022-07-10,KARNATAKA,Vijayanagar,5822,HARAPPANAHALLI,217513,HARAKANAHALL,1.6672483086585999,2,direct_grid,
2022-07-10,KARNATAKA,Vijayanagar,5822,HARAPPANAHALLI,217514,HIREMAGALAGERE,0.8993403017520905,2,direct_grid,
2022-07-10,KARNATAKA,Vijayanagar,5822,HARAPPANAHALLI,217515,HOSAKOTE,1.1954777240753174,1,direct_grid,
2022-07-10,KARNATAKA,Vijayanagar,5822,HARAPPANAHALLI,217516,HUCHHANGIDURGA,1.0073312520980835,1,direct_grid,
2022-07-10,KARNATAKA,Vijayanagar,5822,HARAPPANAHALLI,217517,K.KALLAHALLI,1.6719698905944824,1,direct_grid,
2022-07-10,KARNATAKA,Vijayanagar,5822,HARAPPANAHALLI,217518,KADABAGERE,1.3119432926177979,1,direct_grid,
2022-07-10,KARNATAKA,Vijayanagar,5822,HARAPPANAHALLI,272699,KADATHI,1.3596099615097046,1,direct_grid,
2022-07-10,KARNATAKA,Vijayanagar,5822,HARAPPANAHALLI,217519,KANCHIKERI,0.9763831496238708,2,direct_grid,
2022-07-10,KARNATAKA,Vijayanagar,5822,HARAPPANAHALLI,217520,KOOLAHALLI,1.3877896070480347,1,direct_grid,
2022-07-10,KARNATAKA,Vijayanagar,5822,HARAPPANAHALLI,217521,KUNACHUR,1.7084048986434937,2,direct_grid,
2022-07-10,KARNATAKA,Vijayanagar,5822,HARAPPANAHALLI,272701,LAKSHMIPURA,0.9425883833978246,4,area_weighted,
2022-07-10,KARNATAKA,Vijayanagar,5822,HARAPPANAHALLI,217522,MADLIGERE,1.5030860900878906,2,direct_grid,
2022-07-10,KARNATAKA,Vijayanagar,5822,HARAPPANAHALLI,217523,MATHIHALLI,1.4873131910959878,3,direct_grid,
2022-07-10,KARNATAKA,Vijayanagar,5822,HARAPPANAHALLI,217524,MYDUR,1.3779552578926086,2,direct_grid,
2022-07-10,KARNATAKA,Vijayanagar,5822,HARAPPANAHALLI,217525,NANDIBEHURU,1.3474579652150471,3,direct_grid,
2022-07-10,KARNATAKA,Vijayanagar,5822,HARAPPANAHALLI,217526,NEELAGUNDA,1.5265530347824097,1,direct_grid,
2022-07-10,KARNATAKA,Vijayanagar,5822,HARAPPANAHALLI,217527,NICHCHVVANAHALLI,1.1785624027252197,1,direct_grid,
2022-07-10,KARNATAKA,Vijayanagar,5822,HARAPPANAHALLI,217528,NITTUR,1.6942229866981506,2,direct_grid,
2022-07-10,KARNATAKA,Vijayanagar,5822,HARAPPANAHALLI,217529,PUNABHAGATTA,1.0407960414886475,1,direct_grid,
2022-07-10,KARNATAKA,Vijayanagar,5822,HARAPPANAHALLI,217530,RAGIMASALAWADA,1.1402570009231567,1,direct_grid,
2022-07-10,KARNATAKA,Vijayanagar,5822,HARAPPANAHALLI,217531,SASVIHALLI,1.4034116704625872,7,area_weighted,
2022-07-10,KARNATAKA,Vijayanagar,5822,HARAPPANAHALLI,217532,SHINGRIHALLI,1.0156602977300209,4,area_weighted,
2022-07-10,KARNATAKA,Vijayanagar,5822,HARAPPANAHALLI,217533,TELIGI,1.243034839630127,1,direct_grid,
2022-07-10,KARNATAKA,Vijayanagar,5822,HARAPPANAHALLI,217534,THOUDURU,1.034051199754079,3,direct_grid,
2022-07-10,KARNATAKA,Vijayanagar,5822,HARAPPANAHALLI,217535,TOGARIKATTE,1.4147663712501526,2,direct_grid,
2022-07-10,KARNATAKA,Vijayanagar,5822,HARAPPANAHALLI,217536,YADIHALLI,1.1133110523223877,1,direct_grid,
2022-07-10,KARNATAKA,Vijayanagar,5784,HOSAPETE,216191,114.DANAPURA,0.7590084075927734,3,direct_grid,
2022-07-10,KARNATAKA,Vijayanagar,5784,HOSAPETE,216192,BUKKASAGARA,1.6737319231033325,1,direct_grid,
2022-07-10,KARNATAKA,Vijayanagar,5784,HOSAPETE,216193,BYLUVADDIGERI,0.9669357538223267,2,direct_grid,
2022-07-10,KARNATAKA,Vijayanagar,5784,HOSAPETE,216194,CHILAKANAHATTI,0.8571413159370422,1,direct_grid,
2022-07-10,KARNATAKA,Vijayanagar,5784,HOSAPETE,216195,DANANAYAKANAKERE,0.8916147947311401,1,direct_grid,
2022-07-10,KARNATAKA,Vijayanagar,5784,HOSAPETE,216198,GADIGANUR,1.2956374883651733,2,direct_grid,
2022-07-10,KARNATAKA,Vijayanagar,5784,HOSAPETE,216200,HAMPI,1.152270793914795,1,direct_grid,
2022-07-10,KARNATAKA,Vijayanagar,5784,HOSAPETE,216201,HOSUR,0.9182876944541931,1,direct_grid,
2022-07-10,KARNATAKA,Vijayanagar,5784,HOSAPETE,216202,KALLAHALLI,0.7593094832117655,3,area_weighted,
2022-07-10,KARNATAKA,Vijayanagar,5784,HOSAPETE,216203,MALAPANAGUDI,0.9660970895520874,3,area_weighted,
2022-07-10,KARNATAKA,Vijayanagar,5784,HOSAPETE,216206,NAGALAPURA,0.6293411031365395,4,direct_grid,
2022-07-10,KARNATAKA,Vijayanagar,5784,HOSAPETE,216207,NAGENAHALLI,0.9822759628295898,1,direct_grid,
2022-07-10,KARNATAKA,Vijayanagar,5784,HOSAPETE,216209,P.K.HALLI,0.7756533920764923,2,direct_grid,
2022-07-10,KARNATAKA,Vijayanagar,7376,KOTTUR,216169,ALABUR,1.3955318927764893,1,direct_grid,
2022-07-10,KARNATAKA,Vijayanagar,7376,KOTTUR,216170,AMBALI,1.352884292602539,1,direct_grid,
2022-07-10,KARNATAKA,Vijayanagar,7376,KOTTUR,273259,CHIRABI,1.0073271989822388,1,direct_grid,
2022-07-10,KARNATAKA,Vijayanagar,7376,KOTTUR,216221,DUPADAHALLI,1.2310361862182617,1,direct_grid,
2022-07-10,KARNATAKA,Vijayanagar,7376,KOTTUR,216231,HYALYA,1.3131048083305359,2,direct_grid,
2022-07-10,KARNATAKA,Vijayanagar,7376,KOTTUR,216234,K.AYYANAHALLI,1.4193267226219177,2,direct_grid,
2022-07-10,KARNATAKA,Vijayanagar,7376,KOTTUR,216235,KALAPURA,1.350126564502716,2,direct_grid,
2022-07-10,KARNATAKA,Vijayanagar,7376,KOTTUR,216236,KANDAGALLU,1.0780805945396423,2,direct_grid,
2022-07-10,KARNATAKA,Vijayanagar,7376,KOTTUR,216184,KOGALI,1.3802011013031006,2,direct_grid,
2022-07-10,KARNATAKA,Vijayanagar,7376,KOTTUR,273261,NAGARAKATTE,1.4565495009945142,6,area_weighted,
2022-07-10,KARNATAKA,Vijayanagar,7376,KOTTUR,216239,NIMBALAGERI,1.132989525794983,1,direct_grid,
2022-07-10,KARNATAKA,Vijayanagar,7376,KOTTUR,216242,RAMPURA,1.355763554573059,1,direct_grid,
2022-07-10,KARNATAKA,Vijayanagar,7376,KOTTUR,216245,TULAHALLI,1.3790123462677002,1,direct_grid,
2022-07-10,KARNATAKA,Vijayanagar,7376,KOTTUR,216246,UJJINI,1.3013718525568643,3,direct_grid,
2022-07-10,KARNATAKA,Vijayanagar,5785,KUDLIGI,216214,ALOORU,1.7533674836158752,2,direct_grid,
2022-07-10,KARNATAKA,Vijayanagar,5785,KUDLIGI,216215,APPENHALLI,0.7325993776321411,2,direct_grid,
2022-07-10,KARNATAKA,Vijayanagar,5785,KUDLIGI,216216,BADELADAKU,0.8813264071941376,2,direct_grid,
2022-07-10,KARNATAKA,Vijayanagar,5785,KUDLIGI,216217,BANAVIKALLU,0.9990317523479462,2,direct_grid,
2022-07-10,KARNATAKA,Vijayanagar,5785,KUDLIGI,216218,BELLAGATTA,1.0198073387145996,3,direct_grid,
2022-07-10,KARNATAKA,Vijayanagar,5785,KUDLIGI,216219,CHIRATAGUNDU,1.0635252158502546,4,area_weighted,
2022-07-10,KARNATAKA,Vijayanagar,5785,KUDLIGI,216220,CHOUDAPUR,0.8937271237373352,1,direct_grid,
2022-07-10,KARNATAKA,Vijayanagar,5785,KUDLIGI,216222,GANDABOMMANAHALLI,0.9816634953022003,2,direct_grid,
2022-07-10,KARNATAKA,Vijayanagar,5785,KUDLIGI,216223,GUDEKOTE,0.773133397102356,3,direct_grid,
2022-07-10,KARNATAKA,Vijayanagar,5785,KUDLIGI,216224,GUNDUMUNUGU,1.4531527757644653,2,direct_grid,
2022-07-10,KARNATAKA,Vijayanagar,5785,KUDLIGI,216225,HARAKBHAVI,1.175719678401947,2,direct_grid,
2022-07-10,KARNATAKA,Vijayanagar,5785,KUDLIGI,216226,HIREHEGDAL,0.9738295794581097,5,area_weighted,
2022-07-10,KARNATAKA,Vijayanagar,5785,KUDLIGI,216227,HIREKUMBALAGUNTE,1.2015787363052368,1,direct_grid,
2022-07-10,KARNATAKA,Vijayanagar,5785,KUDLIGI,216228,HOSAHALLI,1.3861347436904907,1,direct_grid,
2022-07-10,KARNATAKA,Vijayanagar,5785,KUDLIGI,216229,HUDEM,1.417359709739685,1,direct_grid,
2022-07-10,KARNATAKA,Vijayanagar,5785,KUDLIGI,216230,HURALIHAL,1.3171516060829163,2,direct_grid,
2022-07-10,KARNATAKA,Vijayanagar,5785,KUDLIGI,216232,JERMALI,0.7232298851013184,1,direct_grid,
2022-07-10,KARNATAKA,Vijayanagar,5785,KUDLIGI,216233,JUMBOBANAHALLI,1.6426260471343994,2,direct_grid,
2022-07-10,KARNATAKA,Vijayanagar,5785,KUDLIGI,273260,KAKUPPI,0.5928073227405548,2,direct_grid,
2022-07-10,KARNATAKA,Vijayanagar,5785,KUDLIGI,216237,MAKANADAKU,1.4161393595097282,3,area_weighted,
2022-07-10,KARNATAKA,Vijayanagar,5785,KUDLIGI,216238,MARABHA,0.7413573265075684,1,direct_grid,
2022-07-10,KARNATAKA,Vijayanagar,5785,KUDLIGI,216240,PUJARAHALLI,1.6690196990966797,1,direct_grid,
2022-07-10,KARNATAKA,Vijayanagar,5785,KUDLIGI,216241,RAMADURGA,0.5913113951683044,1,direct_grid,
2022-07-10,KARNATAKA,Vijayanagar,5785,KUDLIGI,216243,SHIVAPURA,0.6946707665920258,2,direct_grid,
2022-07-10,KARNATAKA,Vijayanagar,5785,KUDLIGI,216244,SULADAHALLI,1.1150981187820435,2,direct_grid,
2022-07-10,KARNATAKA,Vijayapura,7485,ALMEL,216630,BAGALUR,14.86153793334961,1,direct_grid,
2022-07-10,KARNATAKA,Vijayapura,7485,ALMEL,216634,BOMMANAHALLI,13.437488555908203,1,direct_grid,
2022-07-10,KARNATAKA,Vijayapura,7485,ALMEL,216638,CHIKK RUGI,8.679359436035156,1,direct_grid,
2022-07-10,KARNATAKA,Vijayapura,7485,ALMEL,216639,DEVANGAON,13.49213776788846,3,area_weighted,
2022-07-10,KARNATAKA,Vijayapura,7485,ALMEL,216641,DEVAR NAVADAGI,14.090984344482422,2,direct_grid,
2022-07-10,KARNATAKA,Vijayapura,7485,ALMEL,216642,GABBASAVALAGI,14.847521142139845,8,area_weighted,
2022-07-10,KARNATAKA,Vijayapura,7485,ALMEL,216651,KADANI,13.524279674520443,2,area_weighted,
2022-07-10,KARNATAKA,Vijayapura,7485,ALMEL,273062,KAKKALAMELI,15.135058879852295,2,direct_grid,
2022-07-10,KARNATAKA,Vijayapura,7485,ALMEL,216657,KORAHALLI,12.888331413269043,1,direct_grid,
2022-07-10,KARNATAKA,Vijayapura,7485,ALMEL,216659,MALAGHAN,14.791178226470947,2,direct_grid,
2022-07-10,KARNATAKA,Vijayapura,7485,ALMEL,216661,MORATAGI,15.759636878967285,1,direct_grid,
2022-07-10,KARNATAKA,Vijayapura,7485,ALMEL,273064,RAMANALLI,12.19979563668733,6,area_weighted,
2022-07-10,KARNATAKA,Vijayapura,7392,BABALESHWAR,216511,ARJUNGI,2.078961133956909,1,direct_grid,
2022-07-10,KARNATAKA,Vijayapura,7392,BABALESHWAR,216516,BOLACHIKKALAKI,2.301945209503174,1,direct_grid,
2022-07-10,KARNATAKA,Vijayapura,7392,BABALESHWAR,216517,DEVAR GENNUR,3.309753894805908,1,direct_grid,
2022-07-10,KARNATAKA,Vijayapura,7392,BABALESHWAR,216519,GUNADAL,2.928512215614319,2,direct_grid,
2022-07-10,KARNATAKA,Vijayapura,7392,BABALESHWAR,216522,HALAGANI,2.593799114227295,2,direct_grid,
2022-07-10,KARNATAKA,Vijayapura,7392,BABALESHWAR,216525,HONAGANHALLI,4.116149425506592,1,direct_grid,
2022-07-10,KARNATAKA,Vijayapura,7392,BABALESHWAR,216528,HOSUR,2.6518020629882812,1,direct_grid,
2022-07-10,KARNATAKA,Vijayapura,7392,BABALESHWAR,216529,JAINAPUR,2.969536542892456,1,direct_grid,
2022-07-10,KARNATAKA,Vijayapura,7392,BABALESHWAR,216532,KAKHANDAKI,2.8850778341293335,2,direct_grid,
2022-07-10,KARNATAKA,Vijayapura,7392,BABALESHWAR,216533,KAMBAGI,2.7756459712982178,1,direct_grid,
2022-07-10,KARNATAKA,Vijayapura,7392,BABALESHWAR,216536,KARAJOL,3.2401331265767412,3,direct_grid,
2022-07-10,KARNATAKA,Vijayapura,7392,BABALESHWAR,216538,KUMATHE,1.8468104600906372,1,direct_grid,
2022-07-10,KARNATAKA,Vijayapura,7392,BABALESHWAR,216542,MAMADAPUR,3.1328580379486084,2,direct_grid,
2022-07-10,KARNATAKA,Vijayapura,7392,BABALESHWAR,216544,NIDONI,2.0700038075447083,2,direct_grid,
2022-07-10,KARNATAKA,Vijayapura,7392,BABALESHWAR,216545,SARAWAD,2.465173800786336,3,direct_grid,
2022-07-10,KARNATAKA,Vijayapura,5793,BASAVANA BAGEWADI,216472,BYAKOD,6.028763771057129,1,direct_grid,
2022-07-10,KARNATAKA,Vijayapura,5793,BASAVANA BAGEWADI,216474,DINDAWAR,5.738901376724243,2,direct_grid,
2022-07-10,KARNATAKA,Vijayapura,5793,BASAVANA BAGEWADI,216475,DONUR,2.805436611175537,2,direct_grid,
2022-07-10,KARNATAKA,Vijayapura,5793,BASAVANA BAGEWADI,216477,H.HIPPARAGI,5.9080939292907715,1,direct_grid,
2022-07-10,KARNATAKA,Vijayapura,5793,BASAVANA BAGEWADI,216480,HUNSHYAL. PB,5.646509885787964,2,direct_grid,
2022-07-10,KARNATAKA,Vijayapura,5793,BASAVANA BAGEWADI,216481,INGALESHWAR,4.208728671073914,2,direct_grid,
2022-07-10,KARNATAKA,Vijayapura,5793,BASAVANA BAGEWADI,216483,K.SALAWADAGI,5.974946975708008,1,direct_grid,
2022-07-10,KARNATAKA,Vijayapura,5793,BASAVANA BAGEWADI,216484,KANAKAL,6.141077995300293,1,direct_grid,
2022-07-10,KARNATAKA,Vijayapura,5793,BASAVANA BAGEWADI,216489,MANNUR,5.661396503448486,1,direct_grid,
2022-07-10,KARNATAKA,Vijayapura,5793,BASAVANA BAGEWADI,216491,MASABINAL,4.401410818099976,2,direct_grid,
2022-07-10,KARNATAKA,Vijayapura,5793,BASAVANA BAGEWADI,216494,MUTTAGI,4.50533390045166,1,direct_grid,
2022-07-10,KARNATAKA,Vijayapura,5793,BASAVANA BAGEWADI,216495,NARASALAGI,6.329279899597168,1,direct_grid,
2022-07-10,KARNATAKA,Vijayapura,5793,BASAVANA BAGEWADI,216502,UKKALI,3.5173206329345703,3,direct_grid,
2022-07-10,KARNATAKA,Vijayapura,5793,BASAVANA BAGEWADI,216503,VADAVADAGI,6.487974484761555,3,direct_grid,
2022-07-10,KARNATAKA,Vijayapura,5793,BASAVANA BAGEWADI,216506,YARANAL,4.325313568115234,1,direct_grid,
2022-07-10,KARNATAKA,Vijayapura,7393,CHADACHAN,216574,INCHAGERI,5.081790924072266,1,direct_grid,
2022-07-10,KARNATAKA,Vijayapura,7394,DEVARA HIPPARAGI,216646,HARANAL,7.82582950592041,2,direct_grid,
2022-07-10,KARNATAKA,Vijayapura,7394,DEVARA HIPPARAGI,216647,HITNALLI,6.889408111572266,1,direct_grid,
2022-07-10,KARNATAKA,Vijayapura,7394,DEVARA HIPPARAGI,216648,HONNALLI,11.371545791625977,1,direct_grid,
2022-07-10,KARNATAKA,Vijayapura,7394,DEVARA HIPPARAGI,216649,HUNASHYAL,10.643415451049805,2,direct_grid,
2022-07-10,KARNATAKA,Vijayapura,7394,DEVARA HIPPARAGI,216650,JALAWAD,6.915619611740112,2,direct_grid,
2022-07-10,KARNATAKA,Vijayapura,7394,DEVARA HIPPARAGI,216654,KERUTAGI,7.671876907348633,1,direct_grid,
2022-07-10,KARNATAKA,Vijayapura,7394,DEVARA HIPPARAGI,216656,KONDAGULI,7.142394065856934,2,direct_grid,
2022-07-10,KARNATAKA,Vijayapura,7394,DEVARA HIPPARAGI,216658,KORAWAR,6.925662040710449,1,direct_grid,
2022-07-10,KARNATAKA,Vijayapura,7394,DEVARA HIPPARAGI,216660,MANNUR,5.879648208618164,2,direct_grid,
2022-07-10,KARNATAKA,Vijayapura,7394,DEVARA HIPPARAGI,216490,MARKABBINAHALLI,3.999554395675659,1,direct_grid,
2022-07-10,KARNATAKA,Vijayapura,7394,DEVARA HIPPARAGI,216662,MULASAVALAGI,5.830316543579102,2,direct_grid,
2022-07-10,KARNATAKA,Vijayapura,7394,DEVARA HIPPARAGI,216499,SATHIHAL,5.390313386917114,2,direct_grid,
2022-07-10,KARNATAKA,Vijayapura,7394,DEVARA HIPPARAGI,216505,YALAWAR,6.542967319488525,2,direct_grid,
2022-07-10,KARNATAKA,Vijayapura,7394,DEVARA HIPPARAGI,216665,YALGOD,9.640714168548584,2,direct_grid,
2022-07-10,KARNATAKA,Vijayapura,5795,INDI,273049,ARJUNAGI B K,10.94399356842041,1,direct_grid,
2022-07-10,KARNATAKA,Vijayapura,5795,INDI,216557,ATHARGA,7.841487646102905,2,direct_grid,
2022-07-10,KARNATAKA,Vijayapura,5795,INDI,216558,BABALAD,6.669945654128969,2,area_weighted,
2022-07-10,KARNATAKA,Vijayapura,5795,INDI,216561,BASANAL,7.085256338119507,2,direct_grid,
2022-07-10,KARNATAKA,Vijayapura,5795,INDI,216562,BENAKANHALLI,7.690351247787476,2,direct_grid,
2022-07-10,KARNATAKA,Vijayapura,5795,INDI,216570,HANJAGI,6.815254813476137,3,area_weighted,
2022-07-10,KARNATAKA,Vijayapura,5795,INDI,216573,HORTI,6.690819606684482,5,area_weighted,
2022-07-10,KARNATAKA,Vijayapura,5795,INDI,216577,KOLURAGI,6.778738975524902,2,direct_grid,
2022-07-10,KARNATAKA,Vijayapura,5795,INDI,216579,LALASANGI,8.268143653869629,1,area_weighted,
2022-07-10,KARNATAKA,Vijayapura,5795,INDI,216581,MASALI.BK,9.192904472351074,1,direct_grid,
2022-07-10,KARNATAKA,Vijayapura,5795,INDI,216583,NADA. KD,9.858752325277518,3,area_weighted,
2022-07-10,KARNATAKA,Vijayapura,5795,INDI,216585,NIMBAL. KD,6.68580436706543,1,direct_grid,
2022-07-10,KARNATAKA,Vijayapura,5795,INDI,216589,RUGI,6.887282848358154,2,direct_grid,
2022-07-10,KARNATAKA,Vijayapura,5795,INDI,216590,SALOTAGI,8.454936027526855,1,direct_grid,
2022-07-10,KARNATAKA,Vijayapura,5795,INDI,273055,SANGOGI,10.428114891052246,1,direct_grid,
2022-07-10,KARNATAKA,Vijayapura,5795,INDI,216591,SHIRASHYAD,9.695632934570312,1,direct_grid,
2022-07-10,KARNATAKA,Vijayapura,5795,INDI,216592,TADAVALAGA,7.06982421875,2,direct_grid,
2022-07-10,KARNATAKA,Vijayapura,5795,INDI,216593,TAMBA,9.057727813720703,2,direct_grid,
2022-07-10,KARNATAKA,Vijayapura,5795,INDI,216594,TENAHALLI,7.5095696449279785,2,direct_grid,
2022-07-10,KARNATAKA,Vijayapura,7395,KOLHAR,216470,ARASHANAGI,3.554152727127075,1,direct_grid,
2022-07-10,KARNATAKA,Vijayapura,7395,KOLHAR,216478,HANAMAPUR,3.2391910552978516,1,direct_grid,
2022-07-10,KARNATAKA,Vijayapura,7395,KOLHAR,216486,KUDAGI,4.153512477874756,1,direct_grid,
2022-07-10,KARNATAKA,Vijayapura,7395,KOLHAR,216487,MALAGHAN,3.7268511056900024,2,direct_grid,
2022-07-10,KARNATAKA,Vijayapura,7395,KOLHAR,216492,MASUTI,4.182392120361328,1,direct_grid,
2022-07-10,KARNATAKA,Vijayapura,7395,KOLHAR,216493,MULAWAD,3.8698480129241943,2,direct_grid,
2022-07-10,KARNATAKA,Vijayapura,7395,KOLHAR,216497,RONIHAL,3.4048809210459385,3,direct_grid,
2022-07-10,KARNATAKA,Vijayapura,7395,KOLHAR,273046,SIDDANATHA R.C,2.924041748046875,1,direct_grid,
2022-07-10,KARNATAKA,Vijayapura,7395,KOLHAR,216500,TALEWAD,3.7875988483428955,1,direct_grid,
2022-07-10,KARNATAKA,Vijayapura,7395,KOLHAR,216501,TELAGI,4.07772727287543,4,area_weighted,
2022-07-10,KARNATAKA,Vijayapura,5796,MUDDEBIHAL,216597,ADAVI SOMANAL,5.928587436676025,1,direct_grid,
2022-07-10,KARNATAKA,Vijayapura,5796,MUDDEBIHAL,216598,ALUR,4.211380243301392,2,direct_grid,
2022-07-10,KARNATAKA,Vijayapura,5796,MUDDEBIHAL,216600,BASARAKOD,4.840137004852295,2,direct_grid,
2022-07-10,KARNATAKA,Vijayapura,5796,MUDDEBIHAL,216603,BIDARAKUNDI,5.168240070343018,1,direct_grid,
2022-07-10,KARNATAKA,Vijayapura,5796,MUDDEBIHAL,216604,BIJJUR,4.847944736480713,1,direct_grid,
2022-07-10,KARNATAKA,Vijayapura,5796,MUDDEBIHAL,216605,DHAVALAGI,5.36895227432251,1,direct_grid,
2022-07-10,KARNATAKA,Vijayapura,5796,MUDDEBIHAL,216606,HADALAGERI,4.3969316482543945,2,direct_grid,
2022-07-10,KARNATAKA,Vijayapura,5796,MUDDEBIHAL,216607,HIREMURAL,4.769566535949707,1,direct_grid,
2022-07-10,KARNATAKA,Vijayapura,5796,MUDDEBIHAL,216609,HULLUR,4.329195976257324,2,direct_grid,
2022-07-10,KARNATAKA,Vijayapura,5796,MUDDEBIHAL,216610,INGALAGERI,5.282607316970825,2,direct_grid,
2022-07-10,KARNATAKA,Vijayapura,5796,MUDDEBIHAL,216611,KALAGI,4.17200082592082,4,area_weighted,
2022-07-10,KARNATAKA,Vijayapura,5796,MUDDEBIHAL,216612,KAVADIMATTI,4.526335716247559,1,direct_grid,
2022-07-10,KARNATAKA,Vijayapura,5796,MUDDEBIHAL,216614,KOLUR,4.187292098999023,1,direct_grid,
2022-07-10,KARNATAKA,Vijayapura,5796,MUDDEBIHAL,216616,KUNTOJI,4.967007637023926,2,direct_grid,
2022-07-10,KARNATAKA,Vijayapura,5796,MUDDEBIHAL,216617,MADIKESHWAR,5.448441346486409,3,direct_grid,
2022-07-10,KARNATAKA,Vijayapura,5796,MUDDEBIHAL,216620,NAGABENAL,5.3942052072623285,4,area_weighted,
2022-07-10,KARNATAKA,Vijayapura,5796,MUDDEBIHAL,216622,RAKKASAGI,4.2667236328125,1,direct_grid,
2022-07-10,KARNATAKA,Vijayapura,5796,MUDDEBIHAL,216623,RUDAGI,5.294687747955322,1,direct_grid,
2022-07-10,KARNATAKA,Vijayapura,5796,MUDDEBIHAL,216624,TANGADAGI,3.836758255958557,2,direct_grid,
2022-07-10,KARNATAKA,Vijayapura,5796,MUDDEBIHAL,216627,YARAZARI,4.0704240798950195,1,direct_grid,
2022-07-10,KARNATAKA,Vijayapura,7396,NIDAGUNDI,216469,ALAMATTI,3.5605435371398926,1,direct_grid,
2022-07-10,KARNATAKA,Vijayapura,7396,NIDAGUNDI,273057,BALABATTI,3.9403311762166093,4,area_weighted,
2022-07-10,KARNATAKA,Vijayapura,7396,NIDAGUNDI,216471,BEERALADINNI,4.072401285171509,2,direct_grid,
2022-07-10,KARNATAKA,Vijayapura,7396,NIDAGUNDI,273044,BENALA R.C,3.826700448989868,1,direct_grid,
2022-07-10,KARNATAKA,Vijayapura,7396,NIDAGUNDI,216473,CHIMMALAGI,3.4498668909072876,2,direct_grid,
2022-07-10,KARNATAKA,Vijayapura,7396,NIDAGUNDI,273045,GANI R.C,3.271209716796875,1,direct_grid,
2022-07-10,KARNATAKA,Vijayapura,7396,NIDAGUNDI,216476,GOLASANGI,4.846678018569946,2,direct_grid,
2022-07-10,KARNATAKA,Vijayapura,7396,NIDAGUNDI,216479,HEBBAL,4.7202229499816895,1,direct_grid,
2022-07-10,KARNATAKA,Vijayapura,7396,NIDAGUNDI,216482,ITAGI,5.003819227218628,2,direct_grid,
2022-07-10,KARNATAKA,Vijayapura,7396,NIDAGUNDI,273059,NAGARABETTA,4.920249420475072,6,area_weighted,
2022-07-10,KARNATAKA,Vijayapura,7396,NIDAGUNDI,216504,VANDAL,4.2046427726745605,1,direct_grid,
2022-07-10,KARNATAKA,Vijayapura,7396,NIDAGUNDI,216626,YALAGUR,5.023772239685059,1,direct_grid,
2022-07-10,KARNATAKA,Vijayapura,5797,SINDAGI,216631,BALAGANUR,11.912665685017902,3,direct_grid,
2022-07-10,KARNATAKA,Vijayapura,5797,SINDAGI,216632,BANDAL,10.666059017181396,2,direct_grid,
2022-07-10,KARNATAKA,Vijayapura,5797,SINDAGI,216635,BYAKOD,11.611067771911621,2,direct_grid,
2022-07-10,KARNATAKA,Vijayapura,5797,SINDAGI,216636,CHANDAKAVATE,11.307899475097656,1,direct_grid,
2022-07-10,KARNATAKA,Vijayapura,5797,SINDAGI,216637,CHATTARAKI,9.960299491882324,1,direct_grid,
2022-07-10,KARNATAKA,Vijayapura,5797,SINDAGI,216643,GOLAGERI,11.695403099060059,1,direct_grid,
2022-07-10,KARNATAKA,Vijayapura,5797,SINDAGI,216644,GUBBEWAD,10.18767261505127,2,direct_grid,
2022-07-10,KARNATAKA,Vijayapura,5797,SINDAGI,273060,GUTTARAGI,14.772622108459473,2,direct_grid,
2022-07-10,KARNATAKA,Vijayapura,5797,SINDAGI,216645,HANDIGANUR,7.960878372192383,1,direct_grid,
2022-07-10,KARNATAKA,Vijayapura,5797,SINDAGI,273061,HIKKANAGUTTI,14.597305297851562,2,direct_grid,
2022-07-10,KARNATAKA,Vijayapura,5797,SINDAGI,216653,KANNOLLI,8.500593900680542,2,direct_grid,
2022-07-10,KARNATAKA,Vijayapura,5797,SINDAGI,216655,KOKATANUR,9.344176292419434,2,direct_grid,
2022-07-10,KARNATAKA,Vijayapura,5797,SINDAGI,273063,NAGAVI B.K,15.110774040222168,1,direct_grid,
2022-07-10,KARNATAKA,Vijayapura,5797,SINDAGI,216663,RAMPUR .PA,12.41441822052002,1,direct_grid,
2022-07-10,KARNATAKA,Vijayapura,5797,SINDAGI,216664,SUNGATHAN,14.28353500366211,1,direct_grid,
2022-07-10,KARNATAKA,Vijayapura,5797,SINDAGI,216666,YANKANCHI,13.725486755371094,3,direct_grid,
2022-07-10,KARNATAKA,Vijayapura,5797,SINDAGI,216667,YARAGAL .BK,13.49531364440918,2,direct_grid,
2022-07-10,KARNATAKA,Vijayapura,7398,THALIKOTI,216629,ASKI,9.76707935333252,2,direct_grid,
2022-07-10,KARNATAKA,Vijayapura,7398,THALIKOTI,216599,B.SALAWADAGI,8.747193336486816,1,direct_grid,
2022-07-10,KARNATAKA,Vijayapura,7398,THALIKOTI,216601,BAVUR,5.188912391662598,1,direct_grid,
2022-07-10,KARNATAKA,Vijayapura,7398,THALIKOTI,216633,BEKINAL,10.276854038238525,2,direct_grid,
2022-07-10,KARNATAKA,Vijayapura,7398,THALIKOTI,216602,BHANTANUR,9.850409507751465,1,direct_grid,
2022-07-10,KARNATAKA,Vijayapura,7398,THALIKOTI,273058,BOMMANAHALLI,7.693480014801025,1,direct_grid,
2022-07-10,KARNATAKA,Vijayapura,7398,THALIKOTI,216608,HIRUR,5.834035873413086,1,direct_grid,
2022-07-10,KARNATAKA,Vijayapura,7398,THALIKOTI,216652,KALAKERI,8.623610973358154,2,direct_grid,
2022-07-10,KARNATAKA,Vijayapura,7398,THALIKOTI,216613,KODAGANUR,9.027624607086182,2,direct_grid,
2022-07-10,KARNATAKA,Vijayapura,7398,THALIKOTI,216615,KONNUR,6.106931686401367,2,direct_grid,
2022-07-10,KARNATAKA,Vijayapura,7398,THALIKOTI,216618,MINAJAGI,5.328238248825073,2,direct_grid,
2022-07-10,KARNATAKA,Vijayapura,7398,THALIKOTI,216619,MUKIHAL,6.384961128234863,2,direct_grid,
2022-07-10,KARNATAKA,Vijayapura,7398,THALIKOTI,216498,SASANUR,6.549123525619507,2,direct_grid,
2022-07-10,KARNATAKA,Vijayapura,7398,THALIKOTI,216625,TUMBAGI,7.588424205780029,2,direct_grid,
2022-07-10,KARNATAKA,Vijayapura,7399,THIKOTA,216510,ARAKERI,4.515947421391805,3,direct_grid,
2022-07-10,KARNATAKA,Vijayapura,7399,THIKOTA,216513,BABANAGAR,1.6772943337758381,3,direct_grid,
2022-07-10,KARNATAKA,Vijayapura,7399,THIKOTA,216514,BARATAGI,6.107237339019775,1,direct_grid,
2022-07-10,KARNATAKA,Vijayapura,7399,THIKOTA,216515,BIJJARAGI,1.918311357498169,1,direct_grid,
2022-07-10,KARNATAKA,Vijayapura,7399,THIKOTA,216518,GHONASAGI,1.54832269122144,6,area_weighted,
2022-07-10,KARNATAKA,Vijayapura,7399,THIKOTA,216526,HONAWAD,1.7817545334498086,3,direct_grid,
2022-07-10,KARNATAKA,Vijayapura,7399,THIKOTA,216530,JALAGERI,3.2750091552734375,2,direct_grid,
2022-07-10,KARNATAKA,Vijayapura,7399,THIKOTA,216534,KANMADI,1.9129813313484192,4,direct_grid,
2022-07-10,KARNATAKA,Vijayapura,7399,THIKOTA,216537,KOTYAL,1.471295952796936,1,direct_grid,
2022-07-10,KARNATAKA,Vijayapura,7399,THIKOTA,216539,LOHAGA0N,3.257089138031006,2,direct_grid,
2022-07-10,KARNATAKA,Vijayapura,7399,THIKOTA,216547,SIDDAPUR-K,2.327501058578491,1,direct_grid,
2022-07-10,KARNATAKA,Vijayapura,7399,THIKOTA,216548,TAJAPUR .H,1.8290082216262817,2,direct_grid,
2022-07-10,KARNATAKA,Vijayapura,7399,THIKOTA,216549,TAKKALAKI,2.4426002502441406,1,direct_grid,
2022-07-10,KARNATAKA,Vijayapura,7399,THIKOTA,216552,TORVI,2.9020897150039673,4,direct_grid,
2022-07-10,KARNATAKA,Vijayapura,5794,VIJAYAPURA,216507,AHERI,5.816957632700602,3,direct_grid,
2022-07-10,KARNATAKA,Vijayapura,5794,VIJAYAPURA,216508,AINAPUR,4.981584145750643,3,area_weighted,
2022-07-10,KARNATAKA,Vijayapura,5794,VIJAYAPURA,216509,ALIYABAD,5.808073282241821,2,direct_grid,
2022-07-10,KARNATAKA,Vijayapura,5794,VIJAYAPURA,216520,GUNAKI,6.945274988810221,3,direct_grid,
2022-07-10,KARNATAKA,Vijayapura,5794,VIJAYAPURA,216521,HADAGALI,5.011673927307129,2,direct_grid,
2022-07-10,KARNATAKA,Vijayapura,5794,VIJAYAPURA,216523,HEGADIHAL,3.376760244369507,1,direct_grid,
2022-07-10,KARNATAKA,Vijayapura,5794,VIJAYAPURA,216524,HITTANAHALLI,3.973557710647583,1,direct_grid,
2022-07-10,KARNATAKA,Vijayapura,5794,VIJAYAPURA,216527,HONNUTAGI,4.49089112954163,5,area_weighted,
2022-07-10,KARNATAKA,Vijayapura,5794,VIJAYAPURA,216531,JAMBAGI (A),6.448037385940552,2,direct_grid,
2022-07-10,KARNATAKA,Vijayapura,5794,VIJAYAPURA,273047,JUMANAL,3.246145725250244,1,direct_grid,
2022-07-10,KARNATAKA,Vijayapura,5794,VIJAYAPURA,216535,KANNUR,4.736616373062134,2,direct_grid,
2022-07-10,KARNATAKA,Vijayapura,5794,VIJAYAPURA,273048,KUMATAGI,4.5087890625,1,direct_grid,
2022-07-10,KARNATAKA,Vijayapura,5794,VIJAYAPURA,216540,MADABHAVI,4.797694087028503,4,direct_grid,
2022-07-10,KARNATAKA,Vijayapura,5794,VIJAYAPURA,216541,MAKHANAPUR,5.722290992736816,1,direct_grid,
2022-07-10,KARNATAKA,Vijayapura,5794,VIJAYAPURA,216543,NAGATHAN,6.702152729034424,1,direct_grid,
2022-07-10,KARNATAKA,Vijayapura,5794,VIJAYAPURA,216546,SHIVANAGI,5.091436386108398,1,direct_grid,
2022-07-10,KARNATAKA,Vijayapura,5794,VIJAYAPURA,216550,TIDAGUNDI,7.531878471374512,2,direct_grid,
2022-07-10,KARNATAKA,Yadgir,7388,GURUMITKAL,218162,AJLAPUR,18.682616233825684,2,direct_grid,
2022-07-10,KARNATAKA,Yadgir,7388,GURUMITKAL,218164,ANAPUR,18.505876541137695,1,direct_grid,
2022-07-10,KARNATAKA,Yadgir,7388,GURUMITKAL,218171,CHANDRAKI,21.20328426361084,2,direct_grid,
2022-07-10,KARNATAKA,Yadgir,7388,GURUMITKAL,218172,CHAPATLA,22.249473571777344,1,direct_grid,
2022-07-10,KARNATAKA,Yadgir,7388,GURUMITKAL,218173,CHINNAKARA,20.659177780151367,3,direct_grid,
2022-07-10,KARNATAKA,Yadgir,7388,GURUMITKAL,218174,GAJARKOT,22.414268493652344,1,direct_grid,
2022-07-10,KARNATAKA,Yadgir,7388,GURUMITKAL,218178,JAIGRAM,18.81299952396757,7,area_weighted,
2022-07-10,KARNATAKA,Yadgir,7388,GURUMITKAL,218180,KAKALWAR,22.034855842590332,2,direct_grid,
2022-07-10,KARNATAKA,Yadgir,7388,GURUMITKAL,218181,KALEBELGUNDA,22.111741065979004,2,direct_grid,
2022-07-10,KARNATAKA,Yadgir,7388,GURUMITKAL,218182,KANDKURU,21.493111437588613,6,area_weighted,
2022-07-10,KARNATAKA,Yadgir,7388,GURUMITKAL,218184,KONKAL,19.69086265563965,1,direct_grid,
2022-07-10,KARNATAKA,Yadgir,7388,GURUMITKAL,218186,MADWAR,20.993297576904297,2,direct_grid,
2022-07-10,KARNATAKA,Yadgir,7388,GURUMITKAL,218188,MINASPUR,19.31125259399414,1,direct_grid,
2022-07-10,KARNATAKA,Yadgir,7388,GURUMITKAL,218192,PASPOOL,21.4927921295166,2,direct_grid,
2022-07-10,KARNATAKA,Yadgir,7388,GURUMITKAL,218193,PUTPAK,19.867525100708008,1,direct_grid,
2022-07-10,KARNATAKA,Yadgir,7388,GURUMITKAL,218198,YALSATTI,19.792251586914062,1,direct_grid,
2022-07-10,KARNATAKA,Yadgir,7388,GURUMITKAL,272750,YAMPADA,22.51411400235285,4,area_weighted,
2022-07-10,KARNATAKA,Yadgir,7388,GURUMITKAL,218200,YLERI,21.288010597229004,2,direct_grid,
2022-07-10,KARNATAKA,Yadgir,7390,HUNASAGI,218124,BAICHABAL,13.670071125030518,2,direct_grid,
2022-07-10,KARNATAKA,Yadgir,7390,HUNASAGI,218125,BAILAKUNTI,8.484662771224976,2,direct_grid,
2022-07-10,KARNATAKA,Yadgir,7390,HUNASAGI,218126,BARADEVANAL,6.72683572769165,1,direct_grid,
2022-07-10,KARNATAKA,Yadgir,7390,HUNASAGI,218131,GEDDALAMARI,9.182387828826904,2,direct_grid,
2022-07-10,KARNATAKA,Yadgir,7390,HUNASAGI,218132,HAGARATAGI,7.675646543502808,2,direct_grid,
2022-07-10,KARNATAKA,Yadgir,7390,HUNASAGI,218133,HEBBALA B.,12.877663135528564,2,direct_grid,
2022-07-10,KARNATAKA,Yadgir,7390,HUNASAGI,218136,JOGANDABHAVI,6.386493682861328,2,direct_grid,
2022-07-10,KARNATAKA,Yadgir,7390,HUNASAGI,218139,KAMANATAGI,10.44189156042059,7,area_weighted,
2022-07-10,KARNATAKA,Yadgir,7390,HUNASAGI,218143,KODEKALL,7.410706043243408,1,direct_grid,
2022-07-10,KARNATAKA,Yadgir,7390,HUNASAGI,218146,MALANOOR,10.538194179534912,2,direct_grid,
2022-07-10,KARNATAKA,Yadgir,7390,HUNASAGI,218148,MARNAL,5.541004180908203,1,direct_grid,
2022-07-10,KARNATAKA,Yadgir,7390,HUNASAGI,218149,MUDANOOR K,13.14833354949951,3,direct_grid,
2022-07-10,KARNATAKA,Yadgir,7390,HUNASAGI,218151,NARAYANPUR,5.433687527974446,3,direct_grid,
2022-07-10,KARNATAKA,Yadgir,7390,HUNASAGI,218154,RAJANKOLLUR,8.906683444976807,2,direct_grid,
2022-07-10,KARNATAKA,Yadgir,7390,HUNASAGI,218158,WAJJAL,12.744123458862305,2,direct_grid,
2022-07-10,KARNATAKA,Yadgir,5843,SHAHAPUR,218084,ANABI,19.467473030090332,2,direct_grid,
2022-07-10,KARNATAKA,Yadgir,5843,SHAHAPUR,272745,BEERANURA,16.976238250732422,2,direct_grid,
2022-07-10,KARNATAKA,Yadgir,5843,SHAHAPUR,218087,CHAMNAL,15.653721809387207,1,direct_grid,
2022-07-10,KARNATAKA,Yadgir,5843,SHAHAPUR,218088,CHATNALLI,20.15860112508138,3,direct_grid,
2022-07-10,KARNATAKA,Yadgir,5843,SHAHAPUR,218089,DORANHALLI,19.39066791534424,2,direct_grid,
2022-07-10,KARNATAKA,Yadgir,5843,SHAHAPUR,218090,GOGIKONA,16.80171775817871,1,direct_grid,
2022-07-10,KARNATAKA,Yadgir,5843,SHAHAPUR,218091,GOGIPETH,17.8690346807623,3,area_weighted,
2022-07-10,KARNATAKA,Yadgir,5843,SHAHAPUR,218096,HATTIGUDUR,17.20368357743181,6,area_weighted,
2022-07-10,KARNATAKA,Yadgir,5843,SHAHAPUR,218097,HOSKERA,16.131664276123047,1,direct_grid,
2022-07-10,KARNATAKA,Yadgir,5843,SHAHAPUR,218098,HOTPET,18.104267756144203,3,direct_grid,
2022-07-10,KARNATAKA,Yadgir,5843,SHAHAPUR,272746,HURASAGUNDAGI,19.505605697631836,1,direct_grid,
2022-07-10,KARNATAKA,Yadgir,5843,SHAHAPUR,218099,IBRAHIMPUR,20.073104858398438,1,direct_grid,
2022-07-10,KARNATAKA,Yadgir,5843,SHAHAPUR,218101,KAKKASGERA,15.248942375183105,1,direct_grid,
2022-07-10,KARNATAKA,Yadgir,5843,SHAHAPUR,218102,KANNEKOLLUR,18.56426239013672,2,direct_grid,
2022-07-10,KARNATAKA,Yadgir,5843,SHAHAPUR,218103,KHANAPUR,19.971071542826035,6,area_weighted,
2022-07-10,KARNATAKA,Yadgir,5843,SHAHAPUR,218104,KOLLUR,16.838415145874023,1,direct_grid,
2022-07-10,KARNATAKA,Yadgir,5843,SHAHAPUR,218107,MUDBOOL,18.914358139038086,2,direct_grid,
2022-07-10,KARNATAKA,Yadgir,5843,SHAHAPUR,218108,MUDRIKI,17.792536735534668,2,direct_grid,
2022-07-10,KARNATAKA,Yadgir,5843,SHAHAPUR,218109,NAGANATAGI,16.062366485595703,1,direct_grid,
2022-07-10,KARNATAKA,Yadgir,5843,SHAHAPUR,218111,RASTAPUR,17.425325393676758,2,direct_grid,
2022-07-10,KARNATAKA,Yadgir,5843,SHAHAPUR,218112,SAGAR,16.4411563873291,2,direct_grid,
2022-07-10,KARNATAKA,Yadgir,5843,SHAHAPUR,218113,SIRVAL,19.379122027330016,6,area_weighted,
2022-07-10,KARNATAKA,Yadgir,5843,SHAHAPUR,218116,UKKINAL,16.735088348388672,1,direct_grid,
2022-07-10,KARNATAKA,Yadgir,5843,SHAHAPUR,218119,VANADURG,15.537545204162598,1,direct_grid,
2022-07-10,KARNATAKA,Yadgir,5844,SHORAPUR,218120,AGNI .,11.527787208557129,1,direct_grid,
2022-07-10,KARNATAKA,Yadgir,5844,SHORAPUR,218121,ALDAL,13.12967266605292,9,area_weighted,
2022-07-10,KARNATAKA,Yadgir,5844,SHORAPUR,218122,ARAKERA J.,13.361531257629395,1,direct_grid,
2022-07-10,KARNATAKA,Yadgir,5844,SHORAPUR,218123,ARKERA.K,15.358882904052734,1,direct_grid,
2022-07-10,KARNATAKA,Yadgir,5844,SHORAPUR,272748,BADYAPUR,14.950041770935059,2,direct_grid,
2022-07-10,KARNATAKA,Yadgir,5844,SHORAPUR,218127,DEVAPUR,12.65636920928955,3,direct_grid,
2022-07-10,KARNATAKA,Yadgir,5844,SHORAPUR,218128,DEVAR GONAL,14.516683119591693,4,area_weighted,
2022-07-10,KARNATAKA,Yadgir,5844,SHORAPUR,218129,DEVATKAL,12.442532062530518,2,direct_grid,
2022-07-10,KARNATAKA,Yadgir,5844,SHORAPUR,218130,DEVIKERA,15.033740600250491,4,area_weighted,
2022-07-10,KARNATAKA,Yadgir,5844,SHORAPUR,272749,HEGGANADODDI,14.484547188438913,2,area_weighted,
2022-07-10,KARNATAKA,Yadgir,5844,SHORAPUR,218134,HEMNUR,15.682092666625977,1,direct_grid,
2022-07-10,KARNATAKA,Yadgir,5844,SHORAPUR,218137,KACHAKANOOR,13.412840843200684,1,direct_grid,
2022-07-10,KARNATAKA,Yadgir,5844,SHORAPUR,218140,KARADKALL,14.199378967285156,1,direct_grid,
2022-07-10,KARNATAKA,Yadgir,5844,SHORAPUR,218142,KHANAPUR.S.H.,13.405793985793027,3,area_weighted,
2022-07-10,KARNATAKA,Yadgir,5844,SHORAPUR,218152,KIRADALLI,14.408488598610802,6,area_weighted,
2022-07-10,KARNATAKA,Yadgir,5844,SHORAPUR,218144,KOLIHAL,11.173628807067871,1,direct_grid,
2022-07-10,KARNATAKA,Yadgir,5844,SHORAPUR,218145,MALAGATTI,13.92907190322876,2,direct_grid,
2022-07-10,KARNATAKA,Yadgir,5844,SHORAPUR,218147,MALLA B.,14.766444206237793,1,direct_grid,
2022-07-10,KARNATAKA,Yadgir,5844,SHORAPUR,218150,NAGANOOR,14.636954307556152,1,direct_grid,
2022-07-10,KARNATAKA,Yadgir,5844,SHORAPUR,218153,PETH AMMAPUR,14.13428783416748,1,direct_grid,
2022-07-10,KARNATAKA,Yadgir,5844,SHORAPUR,218155,SUGOORU,14.488319396972656,3,direct_grid,
2022-07-10,KARNATAKA,Yadgir,5844,SHORAPUR,218156,TINTHANI,11.907066661104114,3,area_weighted,
2022-07-10,KARNATAKA,Yadgir,5844,SHORAPUR,218157,WAGANAGERA,13.712737560272217,2,direct_grid,
2022-07-10,KARNATAKA,Yadgir,5844,SHORAPUR,218159,YAKTAPUR,12.487350940704346,2,direct_grid,
2022-07-10,KARNATAKA,Yadgir,5844,SHORAPUR,218160,YALAGI,14.037948608398438,1,direct_grid,
2022-07-10,KARNATAKA,Yadgir,5844,SHORAPUR,218161,YEVOOR,15.145843982696533,2,direct_grid,
2022-07-10,KARNATAKA,Yadgir,7389,WADAGERA,272744,AIKUR,18.605764389038086,2,direct_grid,
2022-07-10,KARNATAKA,Yadgir,7389,WADAGERA,218085,BENDEBEMBALI,21.405383110046387,2,direct_grid,
2022-07-10,KARNATAKA,Yadgir,7389,WADAGERA,218086,BILAR,21.471033096313477,1,direct_grid,
2022-07-10,KARNATAKA,Yadgir,7389,WADAGERA,218092,GONAL,22.718334197998047,2,direct_grid,
2022-07-10,KARNATAKA,Yadgir,7389,WADAGERA,218093,GULSARAM,20.840518951416016,1,direct_grid,
2022-07-10,KARNATAKA,Yadgir,7389,WADAGERA,272747,GUNDAGARTHI,19.280136108398438,2,direct_grid,
2022-07-10,KARNATAKA,Yadgir,7389,WADAGERA,218094,HAIYYAL.B.,18.562676429748535,2,direct_grid,
2022-07-10,KARNATAKA,Yadgir,7389,WADAGERA,218095,HALGERA,21.50318145751953,1,direct_grid,
2022-07-10,KARNATAKA,Yadgir,7389,WADAGERA,218100,KADAMGERA,19.62164306640625,1,direct_grid,
2022-07-10,KARNATAKA,Yadgir,7389,WADAGERA,218105,KONKAL,19.981678009033203,1,direct_grid,
2022-07-10,KARNATAKA,Yadgir,7389,WADAGERA,218106,KURKUNDA,20.400711059570312,1,direct_grid,
2022-07-10,KARNATAKA,Yadgir,7389,WADAGERA,218110,NAIKAL,20.418533325195312,1,direct_grid,
2022-07-10,KARNATAKA,Yadgir,7389,WADAGERA,218114,T.WADAGERA,18.86196532305858,6,area_weighted,
2022-07-10,KARNATAKA,Yadgir,7389,WADAGERA,218115,TADABIDI,19.757553100585938,1,direct_grid,
2022-07-10,KARNATAKA,Yadgir,7389,WADAGERA,272743,TUMAKURA,20.55925178527832,2,direct_grid,
2022-07-10,KARNATAKA,Yadgir,7389,WADAGERA,218117,ULLE SUGOOR,20.83193588256836,1,direct_grid,
2022-07-10,KARNATAKA,Yadgir,7389,WADAGERA,218118,VADAGERA,20.39268684387207,2,direct_grid,
2022-07-10,KARNATAKA,Yadgir,5845,YADGIR,218163,ALLIPUR,21.465417861938477,1,direct_grid,
2022-07-10,KARNATAKA,Yadgir,5845,YADGIR,218165,ARAKERA.K,22.622840881347656,1,direct_grid,
2022-07-10,KARNATAKA,Yadgir,5845,YADGIR,218166,ARKERA.B.,20.909239768981934,2,direct_grid,
2022-07-10,KARNATAKA,Yadgir,5845,YADGIR,218167,BADIYAL,24.110417366027832,2,direct_grid,
2022-07-10,KARNATAKA,Yadgir,5845,YADGIR,218168,BALICHAKRA,23.253822326660156,1,direct_grid,
2022-07-10,KARNATAKA,Yadgir,5845,YADGIR,218169,BANDAHALLI,21.7191104888916,1,direct_grid,
2022-07-10,KARNATAKA,Yadgir,5845,YADGIR,218170,BELAGUNDI,22.381322860717773,1,direct_grid,
2022-07-10,KARNATAKA,Yadgir,5845,YADGIR,218175,HALIGERA,22.390627857046344,7,area_weighted,
2022-07-10,KARNATAKA,Yadgir,5845,YADGIR,218176,HATTIKUNI,22.022216796875,2,direct_grid,
2022-07-10,KARNATAKA,Yadgir,5845,YADGIR,218177,HONAGERI,22.643522262573242,3,direct_grid,
2022-07-10,KARNATAKA,Yadgir,5845,YADGIR,218179,KADECHUR,20.772077560424805,5,direct_grid,
2022-07-10,KARNATAKA,Yadgir,5845,YADGIR,218183,KILLANKERA,23.803217887878418,2,direct_grid,
2022-07-10,KARNATAKA,Yadgir,5845,YADGIR,218185,KOULURU,21.861066818237305,2,direct_grid,
2022-07-10,KARNATAKA,Yadgir,5845,YADGIR,218187,MALHAR,22.32516384124756,2,direct_grid,
2022-07-10,KARNATAKA,Yadgir,5845,YADGIR,218189,MOTNALLI,23.053014755249023,1,direct_grid,
2022-07-10,KARNATAKA,Yadgir,5845,YADGIR,218190,MUDNAL,21.155994415283203,1,direct_grid,
2022-07-10,KARNATAKA,Yadgir,5845,YADGIR,218191,MUNDARGI,22.1033935546875,1,direct_grid,
2022-07-10,KARNATAKA,Yadgir,5845,YADGIR,218194,RAMSAMUDRA,23.011985778808594,1,direct_grid,
2022-07-10,KARNATAKA,Yadgir,5845,YADGIR,218195,SAIDAPUR,22.33801506951865,7,area_weighted,
2022-07-10,KARNATAKA,Yadgir,5845,YADGIR,218196,THANAGUNDI,20.875511169433594,1,direct_grid,
2022-07-10,KARNATAKA,Yadgir,5845,YADGIR,218197,VARKANALLI,21.55422592163086,2,direct_grid,
2022-07-10,KARNATAKA,Yadgir,5845,YADGIR,218199,YARGOL,21.388227462768555,2,direct_grid,
2022-07-10,MAHARASHTRA,Kolhapur,4419,AJARA,178202,ARDAL,1.5948567390441895,1,direct_grid,
2022-07-10,MAHARASHTRA,Kolhapur,4419,AJARA,178203,AVANDI,3.843948020734584,2,area_weighted,
2022-07-10,MAHARASHTRA,Kolhapur,4419,AJARA,178204,BAHIREWADI,1.4571355511082658,3,area_weighted,
2022-07-10,MAHARASHTRA,Kolhapur,4419,AJARA,178205,BELEWADI HUBBALAGI,1.6312029819611817,2,area_weighted,
2022-07-10,MAHARASHTRA,Kolhapur,4419,AJARA,178206,BHADVAN,1.616313422612371,2,area_weighted,
2022-07-10,MAHARASHTRA,Kolhapur,4419,AJARA,178207,BHADVANWADI,1.6211638253413247,3,area_weighted,
2022-07-10,MAHARASHTRA,Kolhapur,4419,AJARA,178208,BURUDE,1.7772380471281615,2,area_weighted,
2022-07-10,MAHARASHTRA,Kolhapur,4419,AJARA,178210,CHAFAVADE,1.5320499905122316,2,area_weighted,
2022-07-10,MAHARASHTRA,Kolhapur,4419,AJARA,178209,CHANDEWADI,1.9061997547040066,4,area_weighted,
2022-07-10,MAHARASHTRA,Kolhapur,4419,AJARA,178211,CHAVANWADI,1.3473018576299878,2,area_weighted,
2022-07-10,MAHARASHTRA,Kolhapur,4419,AJARA,178212,CHIMANE,1.8043758385269197,2,area_weighted,
2022-07-10,MAHARASHTRA,Kolhapur,4419,AJARA,178213,CHITALE,1.8041392284059938,3,area_weighted,
2022-07-10,MAHARASHTRA,Kolhapur,4419,AJARA,178215,DEULWADI,2.8500149152035053,4,area_weighted,
2022-07-10,MAHARASHTRA,Kolhapur,4419,AJARA,178216,DEVARDE,3.7873374192679616,3,area_weighted,
2022-07-10,MAHARASHTRA,Kolhapur,4419,AJARA,178217,DEVKANDGAON,3.8163490295410156,1,area_weighted,
2022-07-10,MAHARASHTRA,Kolhapur,4419,AJARA,178218,DHAMANE,1.4098666210309037,2,area_weighted,
2022-07-10,MAHARASHTRA,Kolhapur,4419,AJARA,178219,ERANDOL,1.8116686344146729,1,direct_grid,
2022-07-10,MAHARASHTRA,Kolhapur,4419,AJARA,178220,GAJARGAON,1.867757170651195,2,area_weighted,
2022-07-10,MAHARASHTRA,Kolhapur,4419,AJARA,178221,GAVASE,3.8633790426836936,2,area_weighted,
2022-07-10,MAHARASHTRA,Kolhapur,4419,AJARA,178222,HAJGOLI BUDRUK,1.61973237991333,1,direct_grid,
2022-07-10,MAHARASHTRA,Kolhapur,4419,AJARA,178223,HAJGOLI KHURD,1.61973237991333,1,area_weighted,
2022-07-10,MAHARASHTRA,Kolhapur,4419,AJARA,178224,HALEWADI,1.5948567390441895,1,area_weighted,
2022-07-10,MAHARASHTRA,Kolhapur,4419,AJARA,178226,HARAPWADE,3.8163490295410156,1,direct_grid,
2022-07-10,MAHARASHTRA,Kolhapur,4419,AJARA,178227,HATTIWADE,1.5727354220740852,2,area_weighted,
2022-07-10,MAHARASHTRA,Kolhapur,4419,AJARA,178228,HONEWADI,1.5500818855597442,2,area_weighted,
2022-07-10,MAHARASHTRA,Kolhapur,4419,AJARA,178229,HONYALI,1.7204350816355385,4,area_weighted,
2022-07-10,MAHARASHTRA,Kolhapur,4419,AJARA,178225,Haloli,3.863657236099243,1,direct_grid,
2022-07-10,MAHARASHTRA,Kolhapur,4419,AJARA,178230,ITE,3.860739920386191,3,area_weighted,
2022-07-10,MAHARASHTRA,Kolhapur,4419,AJARA,178231,JADHEWADI,1.5948567390441895,1,area_weighted,
2022-07-10,MAHARASHTRA,Kolhapur,4419,AJARA,178232,KANOLI,1.8105849386636024,2,area_weighted,
2022-07-10,MAHARASHTRA,Kolhapur,4419,AJARA,178233,KARPEWADI,1.9727345705032349,1,direct_grid,
2022-07-10,MAHARASHTRA,Kolhapur,4419,AJARA,178234,KASAR KANDGAON,1.9306964470100736,2,area_weighted,
2022-07-10,MAHARASHTRA,Kolhapur,4419,AJARA,178235,KHANAPUR,2.186226581903775,2,area_weighted,
2022-07-10,MAHARASHTRA,Kolhapur,4419,AJARA,178236,KHEDE,1.826345396408646,2,area_weighted,
2022-07-10,MAHARASHTRA,Kolhapur,4419,AJARA,178237,KHORATWADI,1.5971568389368334,2,area_weighted,
2022-07-10,MAHARASHTRA,Kolhapur,4419,AJARA,178238,KINE,1.7704382154593623,2,area_weighted,
2022-07-10,MAHARASHTRA,Kolhapur,4419,AJARA,178240,KOLINDRE,1.8177900314331055,1,direct_grid,
2022-07-10,MAHARASHTRA,Kolhapur,4419,AJARA,178241,KORIWADE,3.8117467670760146,2,area_weighted,
2022-07-10,MAHARASHTRA,Kolhapur,4419,AJARA,178242,KOWADE,1.7644159424856096,2,area_weighted,
2022-07-10,MAHARASHTRA,Kolhapur,4419,AJARA,178243,LAKUDWADI,2.2871952056884766,1,area_weighted,
2022-07-10,MAHARASHTRA,Kolhapur,4419,AJARA,178244,LATGAON,3.840841770172119,1,direct_grid,
2022-07-10,MAHARASHTRA,Kolhapur,4419,AJARA,178245,MADILAGE,1.7867526754562082,4,area_weighted,
2022-07-10,MAHARASHTRA,Kolhapur,4419,AJARA,178246,MAHAGOND,1.953133225440979,1,direct_grid,
2022-07-10,MAHARASHTRA,Kolhapur,4419,AJARA,178247,MALIGRE,1.7485461382475105,4,area_weighted,
2022-07-10,MAHARASHTRA,Kolhapur,4419,AJARA,178248,MASEWADI,1.5948567390441895,1,area_weighted,
2022-07-10,MAHARASHTRA,Kolhapur,4419,AJARA,178249,MASOLI,2.9811024607752126,2,area_weighted,
2022-07-10,MAHARASHTRA,Kolhapur,4419,AJARA,178250,MENDHOLI,1.5302684307098389,1,direct_grid,
2022-07-10,MAHARASHTRA,Kolhapur,4419,AJARA,178251,MUMEWADI,1.2088915555122897,2,area_weighted,
2022-07-10,MAHARASHTRA,Kolhapur,4419,AJARA,178252,MURUDE,1.9426636757135611,3,area_weighted,
2022-07-10,MAHARASHTRA,Kolhapur,4419,AJARA,178253,NIGUDAGE,1.7898633480072021,1,direct_grid,
2022-07-10,MAHARASHTRA,Kolhapur,4419,AJARA,178255,PEDREWADI,1.618075137196529,2,area_weighted,
2022-07-10,MAHARASHTRA,Kolhapur,4419,AJARA,178256,PENDHARWADI,1.501396744842542,2,area_weighted,
2022-07-10,MAHARASHTRA,Kolhapur,4419,AJARA,178257,PERNOLI,3.242136254134014,6,area_weighted,
2022-07-10,MAHARASHTRA,Kolhapur,4419,AJARA,178258,POLGAON,1.8337422649918833,2,area_weighted,
2022-07-10,MAHARASHTRA,Kolhapur,4419,AJARA,178259,SALGAON,2.0024287426387337,2,area_weighted,
2022-07-10,MAHARASHTRA,Kolhapur,4419,AJARA,178260,SARAMBALWADI,1.8030709106547993,2,area_weighted,
2022-07-10,MAHARASHTRA,Kolhapur,4419,AJARA,178261,SAROLI,1.7898633480072021,1,area_weighted,
2022-07-10,MAHARASHTRA,Kolhapur,4419,AJARA,178264,SHRUNGARWADI,1.4259762596589036,4,area_weighted,
2022-07-10,MAHARASHTRA,Kolhapur,4419,AJARA,178263,SIRSANGI,1.7878000423073113,6,area_weighted,
2022-07-10,MAHARASHTRA,Kolhapur,4419,AJARA,178265,SOHALE,2.0025014877319336,1,direct_grid,
2022-07-10,MAHARASHTRA,Kolhapur,4419,AJARA,178266,SULE,1.9263873832065417,4,area_weighted,
2022-07-10,MAHARASHTRA,Kolhapur,4419,AJARA,178267,SULERAN,3.841337730319891,2,area_weighted,
2022-07-10,MAHARASHTRA,Kolhapur,4419,AJARA,178268,SULGAON,1.9979668889904718,2,area_weighted,
2022-07-10,MAHARASHTRA,Kolhapur,4419,AJARA,178269,UTTUR,1.347231149673462,1,direct_grid,
2022-07-10,MAHARASHTRA,Kolhapur,4419,AJARA,178270,VADAKSHIVALE,1.8631900579642062,2,area_weighted,
2022-07-10,MAHARASHTRA,Kolhapur,4419,AJARA,178271,VATANGI,1.294927716255188,1,direct_grid,
2022-07-10,MAHARASHTRA,Kolhapur,4419,AJARA,178272,VAZARE,2.041414668989744,3,area_weighted,
2022-07-10,MAHARASHTRA,Kolhapur,4419,AJARA,178273,VELAVATTI,2.983435477405513,4,area_weighted,
2022-07-10,MAHARASHTRA,Kolhapur,4419,AJARA,178274,ZULPEWADI,1.7200506925582886,1,area_weighted,
2022-07-10,MAHARASHTRA,Kolhapur,4421,BHUDARGAD,178305,ADAMAPUR,5.539952049564423,2,area_weighted,
2022-07-10,MAHARASHTRA,Kolhapur,4421,BHUDARGAD,178306,AKURDE,4.229450225830078,1,area_weighted,
2022-07-10,MAHARASHTRA,Kolhapur,4421,BHUDARGAD,178307,AMBAVANE,4.432748680050503,4,area_weighted,
2022-07-10,MAHARASHTRA,Kolhapur,4421,BHUDARGAD,178304,ARALGUNDI,2.2628535927721734,2,area_weighted,
2022-07-10,MAHARASHTRA,Kolhapur,4421,BHUDARGAD,178311,BAMANE,1.9717829126263617,4,area_weighted,
2022-07-10,MAHARASHTRA,Kolhapur,4421,BHUDARGAD,178312,BARAVE,2.5502743177324048,4,area_weighted,
2022-07-10,MAHARASHTRA,Kolhapur,4421,BHUDARGAD,178314,BEDIV,3.7244656085968018,1,direct_grid,
2022-07-10,MAHARASHTRA,Kolhapur,4421,BHUDARGAD,178315,BEGAVADE,2.086518424218571,4,area_weighted,
2022-07-10,MAHARASHTRA,Kolhapur,4421,BHUDARGAD,178318,BHENDAWADE,2.6286825298932146,2,area_weighted,
2022-07-10,MAHARASHTRA,Kolhapur,4421,BHUDARGAD,178319,BIDRI/ PETH SHIVAPUR,3.5335514545440674,1,area_weighted,
2022-07-10,MAHARASHTRA,Kolhapur,4421,BHUDARGAD,178321,DARWAD,4.85213041305542,1,area_weighted,
2022-07-10,MAHARASHTRA,Kolhapur,4421,BHUDARGAD,178326,DINDEWADI,1.8647003110127547,3,area_weighted,
2022-07-10,MAHARASHTRA,Kolhapur,4421,BHUDARGAD,178329,GANGAPUR,2.954116637116282,2,area_weighted,
2022-07-10,MAHARASHTRA,Kolhapur,4421,BHUDARGAD,178330,GARGOTI,4.271786325777073,2,area_weighted,
2022-07-10,MAHARASHTRA,Kolhapur,4421,BHUDARGAD,178331,HANBARWADI,4.185153667736308,2,area_weighted,
2022-07-10,MAHARASHTRA,Kolhapur,4421,BHUDARGAD,178333,HELEWADI,2.3089599609375,1,area_weighted,
2022-07-10,MAHARASHTRA,Kolhapur,4421,BHUDARGAD,178335,KALNAKWADI,4.85213041305542,1,area_weighted,
2022-07-10,MAHARASHTRA,Kolhapur,4421,BHUDARGAD,178338,KHANAPUR,4.2899899638403,4,area_weighted,
2022-07-10,MAHARASHTRA,Kolhapur,4421,BHUDARGAD,178340,KONWADE,5.186329351512542,2,area_weighted,
2022-07-10,MAHARASHTRA,Kolhapur,4421,BHUDARGAD,178342,KOOR,5.476242699607067,2,area_weighted,
2022-07-10,MAHARASHTRA,Kolhapur,4421,BHUDARGAD,178345,MADILGE KHURD,4.85213041305542,1,direct_grid,
2022-07-10,MAHARASHTRA,Kolhapur,4421,BHUDARGAD,178346,MADUR,3.5335514545440674,1,area_weighted,
2022-07-10,MAHARASHTRA,Kolhapur,4421,BHUDARGAD,178349,MANAVALE,3.5335514545440674,1,direct_grid,
2022-07-10,MAHARASHTRA,Kolhapur,4421,BHUDARGAD,178351,MEGHOLI,3.733939328618269,2,area_weighted,
2022-07-10,MAHARASHTRA,Kolhapur,4421,BHUDARGAD,178353,MHASAVE,4.850685196109628,2,area_weighted,
2022-07-10,MAHARASHTRA,Kolhapur,4421,BHUDARGAD,178357,MUDAL,5.482056617736816,1,direct_grid,
2022-07-10,MAHARASHTRA,Kolhapur,4421,BHUDARGAD,178358,Murukte,3.5076160427152456,3,area_weighted,
2022-07-10,MAHARASHTRA,Kolhapur,4421,BHUDARGAD,178359,NADHAWADE,5.290632929666771,2,area_weighted,
2022-07-10,MAHARASHTRA,Kolhapur,4421,BHUDARGAD,178360,NAGANWADI,2.286291296403602,2,area_weighted,
2022-07-10,MAHARASHTRA,Kolhapur,4421,BHUDARGAD,178362,NANGARGAON,2.3461677318274603,2,area_weighted,
2022-07-10,MAHARASHTRA,Kolhapur,4421,BHUDARGAD,178366,NILPAN,4.85213041305542,1,area_weighted,
2022-07-10,MAHARASHTRA,Kolhapur,4421,BHUDARGAD,178370,PACHWADE,4.85213041305542,1,area_weighted,
2022-07-10,MAHARASHTRA,Kolhapur,4421,BHUDARGAD,178371,PADKHAMBE,3.6994136445816364,2,area_weighted,
2022-07-10,MAHARASHTRA,Kolhapur,4421,BHUDARGAD,178372,PAL,3.784887416056856,2,area_weighted,
2022-07-10,MAHARASHTRA,Kolhapur,4421,BHUDARGAD,178373,PALASHIVANE,2.7219995999868245,2,area_weighted,
2022-07-10,MAHARASHTRA,Kolhapur,4421,BHUDARGAD,178376,PANGIRE,2.082522548223991,2,area_weighted,
2022-07-10,MAHARASHTRA,Kolhapur,4421,BHUDARGAD,178379,PHANASWADI,4.229450225830078,1,area_weighted,
2022-07-10,MAHARASHTRA,Kolhapur,4421,BHUDARGAD,178381,PIMPALGAON,1.7200506925582886,1,direct_grid,
2022-07-10,MAHARASHTRA,Kolhapur,4421,BHUDARGAD,178382,PUSHPANAGAR,4.090574904758701,2,area_weighted,
2022-07-10,MAHARASHTRA,Kolhapur,4421,BHUDARGAD,178383,RANEWADI,3.5335514545440674,1,area_weighted,
2022-07-10,MAHARASHTRA,Kolhapur,4421,BHUDARGAD,178384,SALAPEWADI,4.229450225830078,1,direct_grid,
2022-07-10,MAHARASHTRA,Kolhapur,4421,BHUDARGAD,178387,SHINDEWADI,4.229450225830078,1,area_weighted,
2022-07-10,MAHARASHTRA,Kolhapur,4421,BHUDARGAD,178389,SONARWADI,3.602011350706545,2,area_weighted,
2022-07-10,MAHARASHTRA,Kolhapur,4421,BHUDARGAD,178390,SONURLI,3.7244656085968018,1,area_weighted,
2022-07-10,MAHARASHTRA,Kolhapur,4421,BHUDARGAD,178399,VANGUTTI,5.116504531807688,2,area_weighted,
2022-07-10,MAHARASHTRA,Kolhapur,4421,BHUDARGAD,178395,VARAPEWADI,3.5335514545440674,1,area_weighted,
2022-07-10,MAHARASHTRA,Kolhapur,4421,BHUDARGAD,178400,WAGHAPUR,4.4967477545291645,4,area_weighted,
2022-07-10,MAHARASHTRA,Kolhapur,4422,CHANDGAD,178401,ADKUR,1.1461318256375561,4,area_weighted,
2022-07-10,MAHARASHTRA,Kolhapur,4422,CHANDGAD,178402,ALABADEVI,1.2246834690787005,4,area_weighted,
2022-07-10,MAHARASHTRA,Kolhapur,4422,CHANDGAD,178404,AMAROLI,1.116341484556082,4,area_weighted,
2022-07-10,MAHARASHTRA,Kolhapur,4422,CHANDGAD,178403,AMBEWADI,1.1056454632269375,2,area_weighted,
2022-07-10,MAHARASHTRA,Kolhapur,4422,CHANDGAD,178406,ASAGAON,1.8263320536745462,4,area_weighted,
2022-07-10,MAHARASHTRA,Kolhapur,4422,CHANDGAD,178405,ASAGOLI,0.972293817352867,2,area_weighted,
2022-07-10,MAHARASHTRA,Kolhapur,4422,CHANDGAD,178407,BAGILAGE,1.4480511913651477,2,area_weighted,
2022-07-10,MAHARASHTRA,Kolhapur,4422,CHANDGAD,178408,BASARGE,1.7663669856341995,4,area_weighted,
2022-07-10,MAHARASHTRA,Kolhapur,4422,CHANDGAD,178409,BHOGOLI,4.224707472915141,2,area_weighted,
2022-07-10,MAHARASHTRA,Kolhapur,4422,CHANDGAD,178410,BONJURDI MOREWADI,1.3144518303418855,4,area_weighted,
2022-07-10,MAHARASHTRA,Kolhapur,4422,CHANDGAD,178411,BUJAVADE,3.7792343551767953,2,area_weighted,
2022-07-10,MAHARASHTRA,Kolhapur,4422,CHANDGAD,178412,BUKKIHAL,2.5323357582092285,1,direct_grid,
2022-07-10,MAHARASHTRA,Kolhapur,4422,CHANDGAD,178414,CHINCHANE,2.7123942558641305,2,area_weighted,
2022-07-10,MAHARASHTRA,Kolhapur,4422,CHANDGAD,178415,DATE,1.0528490543365479,1,direct_grid,
2022-07-10,MAHARASHTRA,Kolhapur,4422,CHANDGAD,178416,DEVARWADI,2.32260476161239,2,area_weighted,
2022-07-10,MAHARASHTRA,Kolhapur,4422,CHANDGAD,178417,DHEKOLI,1.8665904887589675,3,area_weighted,
2022-07-10,MAHARASHTRA,Kolhapur,4422,CHANDGAD,178418,DHOLGARWADI,2.104646682739258,1,area_weighted,
2022-07-10,MAHARASHTRA,Kolhapur,4422,CHANDGAD,178419,DHUMADEWADI,1.3707504272460938,1,area_weighted,
2022-07-10,MAHARASHTRA,Kolhapur,4422,CHANDGAD,178420,DINDALKOP,3.0082317725146064,2,area_weighted,
2022-07-10,MAHARASHTRA,Kolhapur,4422,CHANDGAD,178421,DUKKARWADI,1.4550514221191406,1,direct_grid,
2022-07-10,MAHARASHTRA,Kolhapur,4422,CHANDGAD,178422,DUNDAGE,2.773130416870117,1,area_weighted,
2022-07-10,MAHARASHTRA,Kolhapur,4422,CHANDGAD,178423,GAVASE,2.656767366129853,2,area_weighted,
2022-07-10,MAHARASHTRA,Kolhapur,4422,CHANDGAD,178424,GHULLEWADI,2.2199608650511196,2,area_weighted,
2022-07-10,MAHARASHTRA,Kolhapur,4422,CHANDGAD,178426,GUDAVALE KHALSA,5.035013198852539,1,direct_grid,
2022-07-10,MAHARASHTRA,Kolhapur,4422,CHANDGAD,178425,GUDEWADI,1.4115969644314288,2,area_weighted,
2022-07-10,MAHARASHTRA,Kolhapur,4422,CHANDGAD,245303,Ganuchiwadi,1.3535747378428735,2,area_weighted,
2022-07-10,MAHARASHTRA,Kolhapur,4422,CHANDGAD,178427,HAJAGOLI,1.3532113317275423,4,area_weighted,
2022-07-10,MAHARASHTRA,Kolhapur,4422,CHANDGAD,178428,HALKARNI,1.3259625053052444,2,area_weighted,
2022-07-10,MAHARASHTRA,Kolhapur,4422,CHANDGAD,178429,HALLARWADI,1.1379824913058985,4,area_weighted,
2022-07-10,MAHARASHTRA,Kolhapur,4422,CHANDGAD,178430,HERE,2.318603148996737,3,area_weighted,
2022-07-10,MAHARASHTRA,Kolhapur,4422,CHANDGAD,178431,HINDGAON,1.6363589192747603,2,area_weighted,
2022-07-10,MAHARASHTRA,Kolhapur,4422,CHANDGAD,178432,HOSUR,2.5545588259540306,2,area_weighted,
2022-07-10,MAHARASHTRA,Kolhapur,4422,CHANDGAD,178433,IBRAHIMPUR,1.551013469696045,1,direct_grid,
2022-07-10,MAHARASHTRA,Kolhapur,4422,CHANDGAD,178436,JANGAMHATTI,1.2740180492401123,1,direct_grid,
2022-07-10,MAHARASHTRA,Kolhapur,4422,CHANDGAD,178437,JATTEWADI,1.4550514221191406,1,area_weighted,
2022-07-10,MAHARASHTRA,Kolhapur,4422,CHANDGAD,178438,JELUGADE,1.3554826818549093,2,area_weighted,
2022-07-10,MAHARASHTRA,Kolhapur,4422,CHANDGAD,178439,KADALGE BUDRUK,2.104646682739258,1,direct_grid,
2022-07-10,MAHARASHTRA,Kolhapur,4422,CHANDGAD,178440,KADALGE KHURD,2.104646682739258,1,area_weighted,
2022-07-10,MAHARASHTRA,Kolhapur,4422,CHANDGAD,178441,KAGANI,2.626037783534713,2,area_weighted,
2022-07-10,MAHARASHTRA,Kolhapur,4422,CHANDGAD,178443,KALIWADE,1.1163949966430664,1,direct_grid,
2022-07-10,MAHARASHTRA,Kolhapur,4422,CHANDGAD,178444,KALKUNDRI,2.699275018638266,2,area_weighted,
2022-07-10,MAHARASHTRA,Kolhapur,4422,CHANDGAD,178446,KANADI POVACHIWADI,1.471044342113033,2,area_weighted,
2022-07-10,MAHARASHTRA,Kolhapur,4422,CHANDGAD,178449,KARANJGAON,1.092037558555603,1,direct_grid,
2022-07-10,MAHARASHTRA,Kolhapur,4422,CHANDGAD,178450,KAREKUNDI,2.2953064615978507,2,area_weighted,
2022-07-10,MAHARASHTRA,Kolhapur,4422,CHANDGAD,178461,KAULAGE,2.5102452946235254,2,area_weighted,
2022-07-10,MAHARASHTRA,Kolhapur,4422,CHANDGAD,178447,KENCHEWADI,0.940753161907196,1,direct_grid,
2022-07-10,MAHARASHTRA,Kolhapur,4422,CHANDGAD,178451,KERAVADE/ VALAKOLI,1.1850105870761136,2,area_weighted,
2022-07-10,MAHARASHTRA,Kolhapur,4422,CHANDGAD,178454,KINI,2.411674953562957,4,area_weighted,
2022-07-10,MAHARASHTRA,Kolhapur,4422,CHANDGAD,178455,KITWAD,2.800840723813246,4,area_weighted,
2022-07-10,MAHARASHTRA,Kolhapur,4422,CHANDGAD,178456,KODALI,1.7748725414276123,2,direct_grid,
2022-07-10,MAHARASHTRA,Kolhapur,4422,CHANDGAD,178457,KOKARE / ADURE,4.383400322676688,4,area_weighted,
2022-07-10,MAHARASHTRA,Kolhapur,4422,CHANDGAD,178458,KOLIK,1.6531004905700684,1,direct_grid,
2022-07-10,MAHARASHTRA,Kolhapur,4422,CHANDGAD,178452,KOLINDRE KHALASA,1.923141598701477,1,direct_grid,
2022-07-10,MAHARASHTRA,Kolhapur,4422,CHANDGAD,178459,KONEWADI,1.0866665808143308,2,area_weighted,
2022-07-10,MAHARASHTRA,Kolhapur,4422,CHANDGAD,178460,KORAJ,1.0650926278568233,3,area_weighted,
2022-07-10,MAHARASHTRA,Kolhapur,4422,CHANDGAD,178462,KOWAD,2.5741694524500454,2,area_weighted,
2022-07-10,MAHARASHTRA,Kolhapur,4422,CHANDGAD,178463,KUDNOOR,2.773130416870117,1,direct_grid,
2022-07-10,MAHARASHTRA,Kolhapur,4422,CHANDGAD,178464,KURANI,3.7618093490600586,1,direct_grid,
2022-07-10,MAHARASHTRA,Kolhapur,4422,CHANDGAD,236885,Kajirne,3.6329316714745636,4,area_weighted,
2022-07-10,MAHARASHTRA,Kolhapur,4422,CHANDGAD,178465,LAKIKATTE,1.995449199318435,4,area_weighted,
2022-07-10,MAHARASHTRA,Kolhapur,4422,CHANDGAD,178466,LAKURWADI,1.4550514221191406,1,area_weighted,
2022-07-10,MAHARASHTRA,Kolhapur,4422,CHANDGAD,178467,MADAVALE,1.378671379076333,3,area_weighted,
2022-07-10,MAHARASHTRA,Kolhapur,4422,CHANDGAD,178469,MAHIPALGAD,2.414066984123331,2,area_weighted,
2022-07-10,MAHARASHTRA,Kolhapur,4422,CHANDGAD,178470,MAJARE KARVE,1.6268279036346793,2,area_weighted,
2022-07-10,MAHARASHTRA,Kolhapur,4422,CHANDGAD,178471,MALATWADI,2.1803161126306345,2,area_weighted,
2022-07-10,MAHARASHTRA,Kolhapur,4422,CHANDGAD,178472,MANDEDURG,1.985606407482511,2,area_weighted,
2022-07-10,MAHARASHTRA,Kolhapur,4422,CHANDGAD,178473,MANGAON,1.6451136955581112,3,area_weighted,
2022-07-10,MAHARASHTRA,Kolhapur,4422,CHANDGAD,178468,MHALEWADI,2.1114886569268383,2,area_weighted,
2022-07-10,MAHARASHTRA,Kolhapur,4422,CHANDGAD,178453,MHALUNGE KHALASA,1.5119351148605347,1,direct_grid,
2022-07-10,MAHARASHTRA,Kolhapur,4422,CHANDGAD,178476,MOTANWADI,2.036890966687527,2,area_weighted,
2022-07-10,MAHARASHTRA,Kolhapur,4422,CHANDGAD,178478,MUGALI SONARWADI,1.486284413274571,2,area_weighted,
2022-07-10,MAHARASHTRA,Kolhapur,4422,CHANDGAD,178479,MURKUTEWADI,1.3707504272460938,1,area_weighted,
2022-07-10,MAHARASHTRA,Kolhapur,4422,CHANDGAD,178480,NAGANWADI,1.5479194776947043,3,area_weighted,
2022-07-10,MAHARASHTRA,Kolhapur,4422,CHANDGAD,178481,NAGARDALE,2.3615206908110267,2,area_weighted,
2022-07-10,MAHARASHTRA,Kolhapur,4422,CHANDGAD,178482,NAGAVE/ INAM KOLINDRE,4.626712799072266,1,direct_grid,
2022-07-10,MAHARASHTRA,Kolhapur,4422,CHANDGAD,178483,NANDAVADE,1.367794640996602,3,area_weighted,
2022-07-10,MAHARASHTRA,Kolhapur,4422,CHANDGAD,178484,NITTUR,2.2293217182159424,1,direct_grid,
2022-07-10,MAHARASHTRA,Kolhapur,4422,CHANDGAD,178485,PARLE,2.0482144355773926,1,direct_grid,
2022-07-10,MAHARASHTRA,Kolhapur,4422,CHANDGAD,178486,PATANE,1.576621646949099,4,area_weighted,
2022-07-10,MAHARASHTRA,Kolhapur,4422,CHANDGAD,178487,PUNDRA GROUP,3.9193352726130293,2,area_weighted,
2022-07-10,MAHARASHTRA,Kolhapur,4422,CHANDGAD,178488,RAJGOLI BUDRUK,2.956479072570801,1,direct_grid,
2022-07-10,MAHARASHTRA,Kolhapur,4422,CHANDGAD,178489,RAJGOLI KHURD,2.960943004802693,4,area_weighted,
2022-07-10,MAHARASHTRA,Kolhapur,4422,CHANDGAD,178491,SAROLI,1.8525228936082425,2,area_weighted,
2022-07-10,MAHARASHTRA,Kolhapur,4422,CHANDGAD,178492,SATAWANE,0.9842890368683619,4,area_weighted,
2022-07-10,MAHARASHTRA,Kolhapur,4422,CHANDGAD,178493,SHINOLI BUDRUK,2.3089126268720337,2,area_weighted,
2022-07-10,MAHARASHTRA,Kolhapur,4422,CHANDGAD,178494,SHINOLI KHURD,2.312956980984815,2,area_weighted,
2022-07-10,MAHARASHTRA,Kolhapur,4422,CHANDGAD,178474,SHIRAGAON,1.7595198154449463,1,direct_grid,
2022-07-10,MAHARASHTRA,Kolhapur,4422,CHANDGAD,178495,SHIROLI,1.444859240847042,3,area_weighted,
2022-07-10,MAHARASHTRA,Kolhapur,4422,CHANDGAD,178496,SHIVANGE,2.104646682739258,1,area_weighted,
2022-07-10,MAHARASHTRA,Kolhapur,4422,CHANDGAD,178497,SUNDI,2.125133322068883,4,area_weighted,
2022-07-10,MAHARASHTRA,Kolhapur,4422,CHANDGAD,178498,SURUTE,1.8692940473556519,1,direct_grid,
2022-07-10,MAHARASHTRA,Kolhapur,4422,CHANDGAD,178499,TADSHINHAL,1.9376750585930282,2,area_weighted,
2022-07-10,MAHARASHTRA,Kolhapur,4422,CHANDGAD,178500,TAMBULWADI,1.4043734140347466,2,area_weighted,
2022-07-10,MAHARASHTRA,Kolhapur,4422,CHANDGAD,178501,TAVAREWADI,1.3745035109780726,2,area_weighted,
2022-07-10,MAHARASHTRA,Kolhapur,4422,CHANDGAD,178502,TEURWADI,2.3746466346310746,4,area_weighted,
2022-07-10,MAHARASHTRA,Kolhapur,4422,CHANDGAD,178503,TUDIYE,1.8412516117095947,1,direct_grid,
2022-07-10,MAHARASHTRA,Kolhapur,4422,CHANDGAD,178504,TURKEWADI,1.8614707139058826,4,area_weighted,
2022-07-10,MAHARASHTRA,Kolhapur,4422,CHANDGAD,178505,UMGAON,4.696389613533515,3,area_weighted,
2022-07-10,MAHARASHTRA,Kolhapur,4422,CHANDGAD,178506,UTSALI,0.940753161907196,1,area_weighted,
2022-07-10,MAHARASHTRA,Kolhapur,4422,CHANDGAD,178508,VINJANE,1.2949271919801744,2,area_weighted,
2022-07-10,MAHARASHTRA,Kolhapur,4422,CHANDGAD,178507,WAGHOTRE,5.035013198852539,1,area_weighted,
2022-07-10,MAHARASHTRA,Kolhapur,4423,GADHINGLAJ,178509,AINAPUR,1.7082673675699334,3,area_weighted,
2022-07-10,MAHARASHTRA,Kolhapur,4423,GADHINGLAJ,178510,ARALGUNDI,1.9751872415950384,2,area_weighted,
2022-07-10,MAHARASHTRA,Kolhapur,4423,GADHINGLAJ,178511,ARJUNWADI,1.690359682293531,2,area_weighted,
2022-07-10,MAHARASHTRA,Kolhapur,4423,GADHINGLAJ,178512,ATYAL,1.6580105246064738,2,area_weighted,
2022-07-10,MAHARASHTRA,Kolhapur,4423,GADHINGLAJ,178513,AURNAL,1.3521468993680876,2,area_weighted,
2022-07-10,MAHARASHTRA,Kolhapur,4423,GADHINGLAJ,178515,BASARGE BUDRUK,2.178971859949856,3,area_weighted,
2022-07-10,MAHARASHTRA,Kolhapur,4423,GADHINGLAJ,178516,BATKANAGALE,2.2871952056884766,1,direct_grid,
2022-07-10,MAHARASHTRA,Kolhapur,4423,GADHINGLAJ,178517,BEKANAL,1.2111811927025198,2,area_weighted,
2022-07-10,MAHARASHTRA,Kolhapur,4423,GADHINGLAJ,178518,BELAGUNDI,1.8378175718143008,2,area_weighted,
2022-07-10,MAHARASHTRA,Kolhapur,4423,GADHINGLAJ,178519,BHADGAON,1.8979307413101196,1,direct_grid,
2022-07-10,MAHARASHTRA,Kolhapur,4423,GADHINGLAJ,178520,BIDREWADI,2.2832494017579403,2,area_weighted,
2022-07-10,MAHARASHTRA,Kolhapur,4423,GADHINGLAJ,178521,BUGADIKATTI,2.751041329598574,4,area_weighted,
2022-07-10,MAHARASHTRA,Kolhapur,4423,GADHINGLAJ,178522,CHANDANKUD,2.3704034002170387,3,area_weighted,
2022-07-10,MAHARASHTRA,Kolhapur,4423,GADHINGLAJ,178523,CHANNEKUPPI,2.067401203937959,2,area_weighted,
2022-07-10,MAHARASHTRA,Kolhapur,4423,GADHINGLAJ,178524,CHINCHEWADI,2.269137021192174,3,area_weighted,
2022-07-10,MAHARASHTRA,Kolhapur,4423,GADHINGLAJ,178525,DONEWADI,2.2778543056395337,2,area_weighted,
2022-07-10,MAHARASHTRA,Kolhapur,4423,GADHINGLAJ,178526,DUGUNWADI,2.580535436094518,2,area_weighted,
2022-07-10,MAHARASHTRA,Kolhapur,4423,GADHINGLAJ,178527,DUNDAGE,1.3783931732177734,1,direct_grid,
2022-07-10,MAHARASHTRA,Kolhapur,4423,GADHINGLAJ,178528,GIJAVANE,1.7888610018690794,4,area_weighted,
2022-07-10,MAHARASHTRA,Kolhapur,4423,GADHINGLAJ,178529,HADALGE,2.2799221776970513,3,area_weighted,
2022-07-10,MAHARASHTRA,Kolhapur,4423,GADHINGLAJ,178530,HALKARNI,2.5693803101124497,4,area_weighted,
2022-07-10,MAHARASHTRA,Kolhapur,4423,GADHINGLAJ,178532,HANMANTWADI,2.0681324005126953,1,area_weighted,
2022-07-10,MAHARASHTRA,Kolhapur,4423,GADHINGLAJ,178533,HARALI BUDRUK,2.071471716533011,2,area_weighted,
2022-07-10,MAHARASHTRA,Kolhapur,4423,GADHINGLAJ,178534,HARALI KHURD,2.178856181607024,2,area_weighted,
2022-07-10,MAHARASHTRA,Kolhapur,4423,GADHINGLAJ,178535,HASUR SASGIRI,2.429605722427368,1,area_weighted,
2022-07-10,MAHARASHTRA,Kolhapur,4423,GADHINGLAJ,178536,HASURCHAMPU,1.4871961831665128,2,area_weighted,
2022-07-10,MAHARASHTRA,Kolhapur,4423,GADHINGLAJ,178537,HASURWADI,2.3774702799706486,2,area_weighted,
2022-07-10,MAHARASHTRA,Kolhapur,4423,GADHINGLAJ,178539,HEBBAL JALADYAL,2.498679692407128,2,area_weighted,
2022-07-10,MAHARASHTRA,Kolhapur,4423,GADHINGLAJ,178538,HEBBAL KASABA NOOL,1.3783859312395574,2,area_weighted,
2022-07-10,MAHARASHTRA,Kolhapur,4423,GADHINGLAJ,178540,HIDADUGI,2.429605722427368,1,direct_grid,
2022-07-10,MAHARASHTRA,Kolhapur,4423,GADHINGLAJ,178541,HIRALAGE,1.686920582112542,4,area_weighted,
2022-07-10,MAHARASHTRA,Kolhapur,4423,GADHINGLAJ,178542,HITANI,1.4935050592654087,2,area_weighted,
2022-07-10,MAHARASHTRA,Kolhapur,4423,GADHINGLAJ,178543,HUNGINHAL,1.9845820795536957,2,area_weighted,
2022-07-10,MAHARASHTRA,Kolhapur,4423,GADHINGLAJ,178544,IDARGUCHCHI,2.044780213316809,2,area_weighted,
2022-07-10,MAHARASHTRA,Kolhapur,4423,GADHINGLAJ,178545,INCHNAL,1.8080284383226661,4,area_weighted,
2022-07-10,MAHARASHTRA,Kolhapur,4423,GADHINGLAJ,178546,JAKHEWADI,1.2409408987905872,2,area_weighted,
2022-07-10,MAHARASHTRA,Kolhapur,4423,GADHINGLAJ,178547,JAMBULWADI,2.609694004058838,1,area_weighted,
2022-07-10,MAHARASHTRA,Kolhapur,4423,GADHINGLAJ,178548,JARALI,1.8173425294427834,4,area_weighted,
2022-07-10,MAHARASHTRA,Kolhapur,4423,GADHINGLAJ,178550,KADAL,2.429605722427368,1,area_weighted,
2022-07-10,MAHARASHTRA,Kolhapur,4423,GADHINGLAJ,178551,KADALAGE,2.043134927749634,1,direct_grid,
2022-07-10,MAHARASHTRA,Kolhapur,4423,GADHINGLAJ,178552,KADGAON,1.207862377166748,1,direct_grid,
2022-07-10,MAHARASHTRA,Kolhapur,4423,GADHINGLAJ,178553,KALAMMAWADI,1.73688699949205,2,area_weighted,
2022-07-10,MAHARASHTRA,Kolhapur,4423,GADHINGLAJ,178554,KANADEWADI,1.694592833518982,1,direct_grid,
2022-07-10,MAHARASHTRA,Kolhapur,4423,GADHINGLAJ,178555,KARAMBALI,1.6247689723968506,1,direct_grid,
2022-07-10,MAHARASHTRA,Kolhapur,4423,GADHINGLAJ,178576,KASABA NESARI,1.9947023133779374,4,area_weighted,
2022-07-10,MAHARASHTRA,Kolhapur,4423,GADHINGLAJ,178549,KASABA NOOL,2.13191819190979,1,direct_grid,
2022-07-10,MAHARASHTRA,Kolhapur,4423,GADHINGLAJ,178556,KAVALIKATTI,2.839993822268873,2,area_weighted,
2022-07-10,MAHARASHTRA,Kolhapur,4423,GADHINGLAJ,178557,KHAMALEHATTI,2.0681324005126953,1,direct_grid,
2022-07-10,MAHARASHTRA,Kolhapur,4423,GADHINGLAJ,178558,KHANADAL,1.9555896196035292,4,area_weighted,
2022-07-10,MAHARASHTRA,Kolhapur,4423,GADHINGLAJ,178559,KOULAGE,1.640217519924696,2,area_weighted,
2022-07-10,MAHARASHTRA,Kolhapur,4423,GADHINGLAJ,178560,KUMARI,1.4967352151870728,1,direct_grid,
2022-07-10,MAHARASHTRA,Kolhapur,4423,GADHINGLAJ,178561,KUMBALHAL,2.594940662384033,1,area_weighted,
2022-07-10,MAHARASHTRA,Kolhapur,4423,GADHINGLAJ,178563,LINGNUR KASABA NESARI,2.609694004058838,1,direct_grid,
2022-07-10,MAHARASHTRA,Kolhapur,4423,GADHINGLAJ,178562,LINGNUR KASABA NOOL,1.5508955835697087,3,area_weighted,
2022-07-10,MAHARASHTRA,Kolhapur,4423,GADHINGLAJ,178564,MADYAL KASABA NOOL,1.4052492803305814,3,area_weighted,
2022-07-10,MAHARASHTRA,Kolhapur,4423,GADHINGLAJ,178565,MAHAGAON,2.1838161945343018,1,direct_grid,
2022-07-10,MAHARASHTRA,Kolhapur,4423,GADHINGLAJ,178566,MANGNUR TARF SAVATWADI,2.3471043698422163,2,area_weighted,
2022-07-10,MAHARASHTRA,Kolhapur,4423,GADHINGLAJ,178567,MANWAD,2.594940662384033,1,area_weighted,
2022-07-10,MAHARASHTRA,Kolhapur,4423,GADHINGLAJ,178568,MASEWADI,2.4770670452457337,4,area_weighted,
2022-07-10,MAHARASHTRA,Kolhapur,4423,GADHINGLAJ,178569,MUGALI,1.8545800001259545,2,area_weighted,
2022-07-10,MAHARASHTRA,Kolhapur,4423,GADHINGLAJ,178570,MUNGURWADI,2.6006814136060505,2,area_weighted,
2022-07-10,MAHARASHTRA,Kolhapur,4423,GADHINGLAJ,178571,MUTNAL,1.3406836986541748,1,direct_grid,
2022-07-10,MAHARASHTRA,Kolhapur,4423,GADHINGLAJ,178573,NAGNOOR,1.1446423665920369,3,area_weighted,
2022-07-10,MAHARASHTRA,Kolhapur,4423,GADHINGLAJ,178572,NANDANWAD,2.594940662384033,1,direct_grid,
2022-07-10,MAHARASHTRA,Kolhapur,4423,GADHINGLAJ,178574,NAREWADI,2.512299052535746,2,area_weighted,
2022-07-10,MAHARASHTRA,Kolhapur,4423,GADHINGLAJ,178577,NILAJI,1.3434144914672168,2,area_weighted,
2022-07-10,MAHARASHTRA,Kolhapur,4423,GADHINGLAJ,178575,NOUKUD,2.4126049834239,3,area_weighted,
2022-07-10,MAHARASHTRA,Kolhapur,4423,GADHINGLAJ,178578,SAMBARE,1.9758876654431563,4,area_weighted,
2022-07-10,MAHARASHTRA,Kolhapur,4423,GADHINGLAJ,178579,SAROLI,1.525674463879812,2,area_weighted,
2022-07-10,MAHARASHTRA,Kolhapur,4423,GADHINGLAJ,178580,SAVATWADI TARF NESARI,1.747813511214859,2,area_weighted,
2022-07-10,MAHARASHTRA,Kolhapur,4423,GADHINGLAJ,178581,SHENDRI,1.5690197212292598,2,area_weighted,
2022-07-10,MAHARASHTRA,Kolhapur,4423,GADHINGLAJ,178582,SHINDEWADI,2.0681324005126953,1,area_weighted,
2022-07-10,MAHARASHTRA,Kolhapur,4423,GADHINGLAJ,178583,SHIPPUR TARF AJARA,1.5153888710177874,4,area_weighted,
2022-07-10,MAHARASHTRA,Kolhapur,4423,GADHINGLAJ,236886,SHIPPUR TARF NESARI,2.2437462848737084,4,area_weighted,
2022-07-10,MAHARASHTRA,Kolhapur,4423,GADHINGLAJ,178584,TALEWADI,1.694592833518982,1,area_weighted,
2022-07-10,MAHARASHTRA,Kolhapur,4423,GADHINGLAJ,178585,TANAWADI,2.0681324005126953,1,area_weighted,
2022-07-10,MAHARASHTRA,Kolhapur,4423,GADHINGLAJ,178586,TAREWADI,2.280581474304199,1,direct_grid,
2022-07-10,MAHARASHTRA,Kolhapur,4423,GADHINGLAJ,178587,TAVAREWADI,1.7107118959822754,3,area_weighted,
2022-07-10,MAHARASHTRA,Kolhapur,4423,GADHINGLAJ,178588,TEGINHAL,2.6037115051440867,3,area_weighted,
2022-07-10,MAHARASHTRA,Kolhapur,4423,GADHINGLAJ,178589,TERANI,2.6615658382335505,4,area_weighted,
2022-07-10,MAHARASHTRA,Kolhapur,4423,GADHINGLAJ,178590,TUPURWADI,2.429605722427368,1,area_weighted,
2022-07-10,MAHARASHTRA,Kolhapur,4423,GADHINGLAJ,178591,UMBARWADI,2.225523442042921,2,area_weighted,
2022-07-10,MAHARASHTRA,Kolhapur,4423,GADHINGLAJ,178594,VAIRAGWADI,2.1838161945343018,1,area_weighted,
2022-07-10,MAHARASHTRA,Kolhapur,4423,GADHINGLAJ,178593,WAGHARALI,2.2871952056884766,1,area_weighted,
2022-07-10,MAHARASHTRA,Kolhapur,4423,GADHINGLAJ,178595,YAMEHATTI,1.4928489061789816,2,area_weighted,
2022-07-10,MAHARASHTRA,Kolhapur,4423,GADHINGLAJ,178596,YENECHAVANDI,2.2217275631974247,4,area_weighted,
2022-07-10,MAHARASHTRA,Kolhapur,4424,HATKANANGALE,178597,ALATE,1.9586313980894836,6,area_weighted,
2022-07-10,MAHARASHTRA,Kolhapur,4424,HATKANANGALE,178598,AMBAP,4.150990962982178,1,direct_grid,
2022-07-10,MAHARASHTRA,Kolhapur,4424,HATKANANGALE,178599,AMBAPWADI,3.0852047481652174,2,area_weighted,
2022-07-10,MAHARASHTRA,Kolhapur,4424,HATKANANGALE,178600,ATIGRE,1.573212239055328,2,area_weighted,
2022-07-10,MAHARASHTRA,Kolhapur,4424,HATKANANGALE,178601,BHADOLE,3.4663845371841795,2,area_weighted,
2022-07-10,MAHARASHTRA,Kolhapur,4424,HATKANANGALE,178602,BHENDAWADE,3.399280385637062,2,area_weighted,
2022-07-10,MAHARASHTRA,Kolhapur,4424,HATKANANGALE,178603,BIRDEVWADI,2.5443950844945578,2,area_weighted,
2022-07-10,MAHARASHTRA,Kolhapur,4424,HATKANANGALE,178604,CHANDUR,2.1687498640065193,3,area_weighted,
2022-07-10,MAHARASHTRA,Kolhapur,4424,HATKANANGALE,178605,CHAVARE,5.271237373352051,1,area_weighted,
2022-07-10,MAHARASHTRA,Kolhapur,4424,HATKANANGALE,178606,CHOKAK,1.5437297821044922,1,area_weighted,
2022-07-10,MAHARASHTRA,Kolhapur,4424,HATKANANGALE,178608,GHUNAKI,4.5651811655785055,4,area_weighted,
2022-07-10,MAHARASHTRA,Kolhapur,4424,HATKANANGALE,178609,HALONDI,1.4763250494828815,2,area_weighted,
2022-07-10,MAHARASHTRA,Kolhapur,4424,HATKANANGALE,178611,HERLE,1.7141934402541135,4,area_weighted,
2022-07-10,MAHARASHTRA,Kolhapur,4424,HATKANANGALE,178612,HINGANGAON,3.0049392552523773,2,area_weighted,
2022-07-10,MAHARASHTRA,Kolhapur,4424,HATKANANGALE,178614,INGALI,2.2225990295410156,1,direct_grid,
2022-07-10,MAHARASHTRA,Kolhapur,4424,HATKANANGALE,178615,JANGAMWADI,2.152473211288452,1,area_weighted,
2022-07-10,MAHARASHTRA,Kolhapur,4424,HATKANANGALE,178616,JUNE PARGAON,5.448950692111694,4,area_weighted,
2022-07-10,MAHARASHTRA,Kolhapur,4424,HATKANANGALE,178617,KABNUR,2.07092547416687,1,direct_grid,
2022-07-10,MAHARASHTRA,Kolhapur,4424,HATKANANGALE,178618,KAPURWADI,2.5383718013763428,1,area_weighted,
2022-07-10,MAHARASHTRA,Kolhapur,4424,HATKANANGALE,178619,KASARWADI,3.0436606407165527,1,direct_grid,
2022-07-10,MAHARASHTRA,Kolhapur,4424,HATKANANGALE,178620,KHOCHI,3.4589717618681064,2,area_weighted,
2022-07-10,MAHARASHTRA,Kolhapur,4424,HATKANANGALE,178621,KHOTWADI,1.807802229125354,4,area_weighted,
2022-07-10,MAHARASHTRA,Kolhapur,4424,HATKANANGALE,178622,KINI,3.936547249844107,4,area_weighted,
2022-07-10,MAHARASHTRA,Kolhapur,4424,HATKANANGALE,178623,KOROCHI,1.9098240440838254,4,area_weighted,
2022-07-10,MAHARASHTRA,Kolhapur,4424,HATKANANGALE,178624,KUMBHOJ,2.9186837673187256,2,direct_grid,
2022-07-10,MAHARASHTRA,Kolhapur,4424,HATKANANGALE,178625,LATAVADE,3.424651861190796,1,direct_grid,
2022-07-10,MAHARASHTRA,Kolhapur,4424,HATKANANGALE,178626,LAXMIWADI,2.5185120126310476,3,area_weighted,
2022-07-10,MAHARASHTRA,Kolhapur,4424,HATKANANGALE,178627,MAJALE,1.9699781672219918,2,area_weighted,
2022-07-10,MAHARASHTRA,Kolhapur,4424,HATKANANGALE,178628,MALE,1.862364535234732,2,area_weighted,
2022-07-10,MAHARASHTRA,Kolhapur,4424,HATKANANGALE,178629,MANGAON,2.0412654508718964,3,area_weighted,
2022-07-10,MAHARASHTRA,Kolhapur,4424,HATKANANGALE,178630,MANGAONWADI,1.6479053863550654,2,area_weighted,
2022-07-10,MAHARASHTRA,Kolhapur,4424,HATKANANGALE,178631,MANPADALE,3.801114122755464,4,area_weighted,
2022-07-10,MAHARASHTRA,Kolhapur,4424,HATKANANGALE,178633,MAUJE VADGAON,1.8938826812295217,2,area_weighted,
2022-07-10,MAHARASHTRA,Kolhapur,4424,HATKANANGALE,178632,MINACHE,2.6879110879136463,4,area_weighted,
2022-07-10,MAHARASHTRA,Kolhapur,4424,HATKANANGALE,178634,MUDSHINGI,1.5437297821044922,1,direct_grid,
2022-07-10,MAHARASHTRA,Kolhapur,4424,HATKANANGALE,178635,NAGAON,1.4429404735565186,1,direct_grid,
2022-07-10,MAHARASHTRA,Kolhapur,4424,HATKANANGALE,178636,NARANDE,2.544874668121338,1,direct_grid,
2022-07-10,MAHARASHTRA,Kolhapur,4424,HATKANANGALE,178638,NEJ,2.5488500865866808,2,area_weighted,
2022-07-10,MAHARASHTRA,Kolhapur,4424,HATKANANGALE,178640,PADALI,4.243770835883034,2,area_weighted,
2022-07-10,MAHARASHTRA,Kolhapur,4424,HATKANANGALE,178641,PATTAN KODOLI,2.232550859451294,1,direct_grid,
2022-07-10,MAHARASHTRA,Kolhapur,4424,HATKANANGALE,178721,RANDEVEWADI,2.245699644088745,1,direct_grid,
2022-07-10,MAHARASHTRA,Kolhapur,4424,HATKANANGALE,178642,RANGOLI,2.1737887859344482,1,direct_grid,
2022-07-10,MAHARASHTRA,Kolhapur,4424,HATKANANGALE,178643,RENDAL,2.2011558811600884,4,area_weighted,
2022-07-10,MAHARASHTRA,Kolhapur,4424,HATKANANGALE,178644,RUI,2.0612478256225586,1,direct_grid,
2022-07-10,MAHARASHTRA,Kolhapur,4424,HATKANANGALE,178645,RUKADI,2.029411554336548,1,direct_grid,
2022-07-10,MAHARASHTRA,Kolhapur,4424,HATKANANGALE,178646,SAJANI,2.0205051661069566,2,area_weighted,
2022-07-10,MAHARASHTRA,Kolhapur,4424,HATKANANGALE,178647,SAMBHAPUR,2.530306577682495,1,direct_grid,
2022-07-10,MAHARASHTRA,Kolhapur,4424,HATKANANGALE,178648,SAVARDE,2.5383718013763428,1,direct_grid,
2022-07-10,MAHARASHTRA,Kolhapur,4424,HATKANANGALE,178649,SHIROLI PULACHI,1.73245509208776,4,area_weighted,
2022-07-10,MAHARASHTRA,Kolhapur,4424,HATKANANGALE,178650,TALANDAGE,2.2598251005550534,4,area_weighted,
2022-07-10,MAHARASHTRA,Kolhapur,4424,HATKANANGALE,178651,TALASANDE,4.355113316445874,3,area_weighted,
2022-07-10,MAHARASHTRA,Kolhapur,4424,HATKANANGALE,178652,TARDAL,1.7356059181172325,3,area_weighted,
2022-07-10,MAHARASHTRA,Kolhapur,4424,HATKANANGALE,178653,TASGAON,2.531312054466956,2,area_weighted,
2022-07-10,MAHARASHTRA,Kolhapur,4424,HATKANANGALE,178654,TILAVANI,2.0037246388594885,2,area_weighted,
2022-07-10,MAHARASHTRA,Kolhapur,4424,HATKANANGALE,178655,TOP,2.743543147263054,3,area_weighted,
2022-07-10,MAHARASHTRA,Kolhapur,4424,HATKANANGALE,178656,VATHAR TARF UDGAON,3.3544912338256836,1,direct_grid,
2022-07-10,MAHARASHTRA,Kolhapur,4424,HATKANANGALE,178657,Vathar Tarf Vadgaon,3.4932174682617188,1,direct_grid,
2022-07-10,MAHARASHTRA,Kolhapur,4425,KAGAL,178659,ALABAD,2.1189735929973126,4,area_weighted,
2022-07-10,MAHARASHTRA,Kolhapur,4425,KAGAL,178660,ANUR,2.6853886446912347,2,area_weighted,
2022-07-10,MAHARASHTRA,Kolhapur,4425,KAGAL,178661,ARJUNI,2.094914674758911,1,direct_grid,
2022-07-10,MAHARASHTRA,Kolhapur,4425,KAGAL,178662,ARJUNWADA,2.1461181995214114,4,area_weighted,
2022-07-10,MAHARASHTRA,Kolhapur,4425,KAGAL,178663,AVACHITWADI,2.753953218460083,1,direct_grid,
2022-07-10,MAHARASHTRA,Kolhapur,4425,KAGAL,178664,BACHANI,4.100433055938672,2,area_weighted,
2022-07-10,MAHARASHTRA,Kolhapur,4425,KAGAL,178665,BALEGHOL,1.6785862818593165,3,area_weighted,
2022-07-10,MAHARASHTRA,Kolhapur,4425,KAGAL,178666,BAMANI,2.992534660561549,2,area_weighted,
2022-07-10,MAHARASHTRA,Kolhapur,4425,KAGAL,178667,BANAGE,2.792616844177246,1,direct_grid,
2022-07-10,MAHARASHTRA,Kolhapur,4425,KAGAL,178668,BASTAVADE,2.4046270549032855,4,area_weighted,
2022-07-10,MAHARASHTRA,Kolhapur,4425,KAGAL,178669,BELAVALE BUDRUK,6.289857851457509,2,area_weighted,
2022-07-10,MAHARASHTRA,Kolhapur,4425,KAGAL,178670,BELAVALE KHURD,4.873736271214393,2,area_weighted,
2022-07-10,MAHARASHTRA,Kolhapur,4425,KAGAL,178671,BELEWADI KALAMMA,1.8500738143920898,1,direct_grid,
2022-07-10,MAHARASHTRA,Kolhapur,4425,KAGAL,178672,BELEWADI MASA,2.181450605392456,1,direct_grid,
2022-07-10,MAHARASHTRA,Kolhapur,4425,KAGAL,178673,BENIKRE,2.470107316970825,1,direct_grid,
2022-07-10,MAHARASHTRA,Kolhapur,4425,KAGAL,178674,BHADGAON,3.3149001824137865,2,area_weighted,
2022-07-10,MAHARASHTRA,Kolhapur,4425,KAGAL,178675,BIDRI,6.119274869515151,2,area_weighted,
2022-07-10,MAHARASHTRA,Kolhapur,4425,KAGAL,178676,BOLAVI,2.6272458238073395,4,area_weighted,
2022-07-10,MAHARASHTRA,Kolhapur,4425,KAGAL,178677,BOLAVIWADI,2.193691650001153,2,area_weighted,
2022-07-10,MAHARASHTRA,Kolhapur,4425,KAGAL,178678,BORAVADE,5.595183664159204,2,area_weighted,
2022-07-10,MAHARASHTRA,Kolhapur,4425,KAGAL,178679,CHIKHALI,2.3051633834838867,1,direct_grid,
2022-07-10,MAHARASHTRA,Kolhapur,4425,KAGAL,178680,CHIMGAON,2.882148069302173,2,area_weighted,
2022-07-10,MAHARASHTRA,Kolhapur,4425,KAGAL,178681,CHOUNDAL,3.6521453857421875,1,area_weighted,
2022-07-10,MAHARASHTRA,Kolhapur,4425,KAGAL,178682,DOULATWADI,2.9105243163698553,4,area_weighted,
2022-07-10,MAHARASHTRA,Kolhapur,4425,KAGAL,178683,EKONDI,3.1201075356232617,2,area_weighted,
2022-07-10,MAHARASHTRA,Kolhapur,4425,KAGAL,178684,GALGALE,2.0840983390808105,1,direct_grid,
2022-07-10,MAHARASHTRA,Kolhapur,4425,KAGAL,178685,GORAMBE,3.1373421274752618,2,area_weighted,
2022-07-10,MAHARASHTRA,Kolhapur,4425,KAGAL,178686,HALADI,2.338332433550958,2,area_weighted,
2022-07-10,MAHARASHTRA,Kolhapur,4425,KAGAL,178687,HALADWADE,2.181450605392456,1,area_weighted,
2022-07-10,MAHARASHTRA,Kolhapur,4425,KAGAL,178688,HAMIDWADA,2.186378333846543,3,area_weighted,
2022-07-10,MAHARASHTRA,Kolhapur,4425,KAGAL,178689,HANBARWADI,1.7348637199416632,2,area_weighted,
2022-07-10,MAHARASHTRA,Kolhapur,4425,KAGAL,178690,HASUR BUDRUK,2.335711256528778,3,area_weighted,
2022-07-10,MAHARASHTRA,Kolhapur,4425,KAGAL,178691,HASUR KHURD,1.9162049645260903,3,area_weighted,
2022-07-10,MAHARASHTRA,Kolhapur,4425,KAGAL,178692,JAINYAL,1.9158552489747094,2,area_weighted,
2022-07-10,MAHARASHTRA,Kolhapur,4425,KAGAL,178693,KAPASHI BALIKRE,1.900486707687378,1,direct_grid,
2022-07-10,MAHARASHTRA,Kolhapur,4425,KAGAL,178695,KARDYAL,2.034188213891281,2,area_weighted,
2022-07-10,MAHARASHTRA,Kolhapur,4425,KAGAL,178694,KARNJIVANE,2.398251706145026,2,area_weighted,
2022-07-10,MAHARASHTRA,Kolhapur,4425,KAGAL,178696,KARNOOR,2.404169797897339,1,direct_grid,
2022-07-10,MAHARASHTRA,Kolhapur,4425,KAGAL,178697,KASABA SANGAON,2.286252498626709,1,direct_grid,
2022-07-10,MAHARASHTRA,Kolhapur,4425,KAGAL,178698,KASARI,1.8496644030272023,3,area_weighted,
2022-07-10,MAHARASHTRA,Kolhapur,4425,KAGAL,178699,KEMBALI,4.380669623217109,4,area_weighted,
2022-07-10,MAHARASHTRA,Kolhapur,4425,KAGAL,178700,KENAVADE,3.4295859720792903,4,area_weighted,
2022-07-10,MAHARASHTRA,Kolhapur,4425,KAGAL,178701,KHADKEWADA,2.148896354791426,4,area_weighted,
2022-07-10,MAHARASHTRA,Kolhapur,4425,KAGAL,178702,KOULAGE,2.3051633834838867,1,area_weighted,
2022-07-10,MAHARASHTRA,Kolhapur,4425,KAGAL,178703,KURNI,3.3092450350082805,2,area_weighted,
2022-07-10,MAHARASHTRA,Kolhapur,4425,KAGAL,178704,KURUKALI,2.5197513413871975,2,area_weighted,
2022-07-10,MAHARASHTRA,Kolhapur,4425,KAGAL,178706,LINGNOOR (KAPASHI),2.090123094058344,2,area_weighted,
2022-07-10,MAHARASHTRA,Kolhapur,4425,KAGAL,178705,LINGNOOR DUMALA,2.3368374161609453,2,area_weighted,
2022-07-10,MAHARASHTRA,Kolhapur,4425,KAGAL,178708,MALAGE BUDRUK,3.2241624476299324,4,area_weighted,
2022-07-10,MAHARASHTRA,Kolhapur,4425,KAGAL,178709,MALAGE KHURD,2.903046886615912,3,area_weighted,
2022-07-10,MAHARASHTRA,Kolhapur,4425,KAGAL,178710,MANGNOOR,2.3089599609375,1,direct_grid,
2022-07-10,MAHARASHTRA,Kolhapur,4425,KAGAL,178711,METAKE,2.0840983390808105,1,area_weighted,
2022-07-10,MAHARASHTRA,Kolhapur,4425,KAGAL,178712,MHAKAVE,2.6759119728184846,4,area_weighted,
2022-07-10,MAHARASHTRA,Kolhapur,4425,KAGAL,178713,MOUJE SANGAON,2.324161574972827,2,area_weighted,
2022-07-10,MAHARASHTRA,Kolhapur,4425,KAGAL,178714,MUGALI,1.900486707687378,1,area_weighted,
2022-07-10,MAHARASHTRA,Kolhapur,4425,KAGAL,178707,Madyal,1.6863711285093352,4,area_weighted,
2022-07-10,MAHARASHTRA,Kolhapur,4425,KAGAL,178715,NANDYAL,2.0783588509526374,2,area_weighted,
2022-07-10,MAHARASHTRA,Kolhapur,4425,KAGAL,178716,NIDHORI,4.897950820292874,4,area_weighted,
2022-07-10,MAHARASHTRA,Kolhapur,4425,KAGAL,178717,PHARAKTEWADI,6.121602535247803,1,area_weighted,
2022-07-10,MAHARASHTRA,Kolhapur,4425,KAGAL,178718,PIMPALGAON BUDRUK,3.0228979240905414,2,area_weighted,
2022-07-10,MAHARASHTRA,Kolhapur,4425,KAGAL,178719,PIMPALGAON KHURD,2.3490059939964816,2,area_weighted,
2022-07-10,MAHARASHTRA,Kolhapur,4425,KAGAL,178720,PIRACHIWADI,3.6652830752175185,2,area_weighted,
2022-07-10,MAHARASHTRA,Kolhapur,4425,KAGAL,178722,SAKE,4.216225624084473,1,direct_grid,
2022-07-10,MAHARASHTRA,Kolhapur,4425,KAGAL,178724,SAVARDE BUDRUK,3.6521453857421875,1,direct_grid,
2022-07-10,MAHARASHTRA,Kolhapur,4425,KAGAL,178723,SAVARDE KHURD,3.86854699783507,2,area_weighted,
2022-07-10,MAHARASHTRA,Kolhapur,4425,KAGAL,178725,SHANKARWADI,2.9572014805577336,2,area_weighted,
2022-07-10,MAHARASHTRA,Kolhapur,4425,KAGAL,178726,SHENDUR,3.242483615875244,1,direct_grid,
2022-07-10,MAHARASHTRA,Kolhapur,4425,KAGAL,178727,SHINDEWADI,3.1993136405944824,1,direct_grid,
2022-07-10,MAHARASHTRA,Kolhapur,4425,KAGAL,178728,SIDHANERLI,2.934838056564331,1,direct_grid,
2022-07-10,MAHARASHTRA,Kolhapur,4425,KAGAL,178729,SONAGE,2.6444101278105285,4,area_weighted,
2022-07-10,MAHARASHTRA,Kolhapur,4425,KAGAL,178730,SONALI,4.8150719021184205,2,area_weighted,
2022-07-10,MAHARASHTRA,Kolhapur,4425,KAGAL,178731,SULKUD,2.299223916341565,2,area_weighted,
2022-07-10,MAHARASHTRA,Kolhapur,4425,KAGAL,178732,SURUPALI,2.472844434938792,3,area_weighted,
2022-07-10,MAHARASHTRA,Kolhapur,4425,KAGAL,178733,TAMNAKWADA,1.6540706157684326,1,direct_grid,
2022-07-10,MAHARASHTRA,Kolhapur,4425,KAGAL,178734,THANEWADI,2.753953218460083,1,area_weighted,
2022-07-10,MAHARASHTRA,Kolhapur,4425,KAGAL,178736,VADGAON,1.7389355179104407,2,area_weighted,
2022-07-10,MAHARASHTRA,Kolhapur,4425,KAGAL,178740,VALAVE KH.,6.121602535247803,1,direct_grid,
2022-07-10,MAHARASHTRA,Kolhapur,4425,KAGAL,178737,VANDUR,2.4254208791655336,3,area_weighted,
2022-07-10,MAHARASHTRA,Kolhapur,4425,KAGAL,178738,VHANALI,3.87052210491957,2,area_weighted,
2022-07-10,MAHARASHTRA,Kolhapur,4425,KAGAL,178739,VHANNUR,2.7888399732539275,4,area_weighted,
2022-07-10,MAHARASHTRA,Kolhapur,4425,KAGAL,178741,YAMAGE,3.045869971850303,2,area_weighted,
2022-07-10,MAHARASHTRA,Kolhapur,4426,KARVEER,178745,AMBEWADI,3.529209613800049,1,area_weighted,
2022-07-10,MAHARASHTRA,Kolhapur,4426,KARVEER,178743,ARE,6.4881667242238725,2,area_weighted,
2022-07-10,MAHARASHTRA,Kolhapur,4426,KARVEER,178746,BACHANI,6.54742632792059,2,area_weighted,
2022-07-10,MAHARASHTRA,Kolhapur,4426,KARVEER,178748,BALINGE,4.346363712547472,2,area_weighted,
2022-07-10,MAHARASHTRA,Kolhapur,4426,KARVEER,178749,BEED,6.4611053466796875,1,area_weighted,
2022-07-10,MAHARASHTRA,Kolhapur,4426,KARVEER,178750,BELE,6.647785186767578,1,area_weighted,
2022-07-10,MAHARASHTRA,Kolhapur,4426,KARVEER,178753,BHUYE,2.468842868430559,4,area_weighted,
2022-07-10,MAHARASHTRA,Kolhapur,4426,KARVEER,178754,BHUYEWADI,3.5794896141485513,3,area_weighted,
2022-07-10,MAHARASHTRA,Kolhapur,4426,KARVEER,178757,CHIKHALI,3.329018843796225,2,area_weighted,
2022-07-10,MAHARASHTRA,Kolhapur,4426,KARVEER,178759,CHINCHAWAD,2.0135964191626217,2,area_weighted,
2022-07-10,MAHARASHTRA,Kolhapur,4426,KARVEER,178760,CHUYE,6.124021373741148,3,area_weighted,
2022-07-10,MAHARASHTRA,Kolhapur,4426,KARVEER,178761,DARYACHE VADGAON,3.199764269959244,4,area_weighted,
2022-07-10,MAHARASHTRA,Kolhapur,4426,KARVEER,178762,DEWALE,6.06345362008887,2,area_weighted,
2022-07-10,MAHARASHTRA,Kolhapur,4426,KARVEER,178764,DINDANERLI,3.8591907024383545,1,direct_grid,
2022-07-10,MAHARASHTRA,Kolhapur,4426,KARVEER,178765,DONAWADE,6.302359738152554,2,area_weighted,
2022-07-10,MAHARASHTRA,Kolhapur,4426,KARVEER,178766,GADEGONDWADI,6.517875372010694,2,area_weighted,
2022-07-10,MAHARASHTRA,Kolhapur,4426,KARVEER,178767,GANDHINAGAR,1.9246903503002266,4,area_weighted,
2022-07-10,MAHARASHTRA,Kolhapur,4426,KARVEER,178771,GIRGAON,3.083232001042751,4,area_weighted,
2022-07-10,MAHARASHTRA,Kolhapur,4426,KARVEER,178772,GOKUL SHIRGAON,2.4845736051042584,2,area_weighted,
2022-07-10,MAHARASHTRA,Kolhapur,4426,KARVEER,178773,HALADI,6.416719469209409,2,area_weighted,
2022-07-10,MAHARASHTRA,Kolhapur,4426,KARVEER,178774,HALASAWADE,2.263556946475625,4,area_weighted,
2022-07-10,MAHARASHTRA,Kolhapur,4426,KARVEER,178775,HANBARWADI,3.8591907024383545,1,area_weighted,
2022-07-10,MAHARASHTRA,Kolhapur,4426,KARVEER,178776,HANMANTWADI,5.481507426381765,4,area_weighted,
2022-07-10,MAHARASHTRA,Kolhapur,4426,KARVEER,178779,HIRAWADE KHALASA,6.547565937042236,1,area_weighted,
2022-07-10,MAHARASHTRA,Kolhapur,4426,KARVEER,178780,ISPURLI,4.701853596232475,4,area_weighted,
2022-07-10,MAHARASHTRA,Kolhapur,4426,KARVEER,178781,JAITYAL,3.8591907024383545,1,area_weighted,
2022-07-10,MAHARASHTRA,Kolhapur,4426,KARVEER,178782,JATHARWADI,2.9282954459980033,2,area_weighted,
2022-07-10,MAHARASHTRA,Kolhapur,4426,KARVEER,178785,KALAMBE TARF THANE,3.7383675575256348,1,direct_grid,
2022-07-10,MAHARASHTRA,Kolhapur,4426,KARVEER,178788,KANDALGAON,2.65690541267395,1,direct_grid,
2022-07-10,MAHARASHTRA,Kolhapur,4426,KARVEER,178787,KANDGAON,6.126751779918939,3,area_weighted,
2022-07-10,MAHARASHTRA,Kolhapur,4426,KARVEER,178789,KANERI,2.557362219773992,4,area_weighted,
2022-07-10,MAHARASHTRA,Kolhapur,4426,KARVEER,178790,KANERIWADI,2.263385118070993,2,area_weighted,
2022-07-10,MAHARASHTRA,Kolhapur,4426,KARVEER,178791,KAVANE,6.751128638466739,2,area_weighted,
2022-07-10,MAHARASHTRA,Kolhapur,4426,KARVEER,178793,KERLE,6.4260791169545,3,area_weighted,
2022-07-10,MAHARASHTRA,Kolhapur,4426,KARVEER,178794,KERLI,3.4455818718818474,4,area_weighted,
2022-07-10,MAHARASHTRA,Kolhapur,4426,KARVEER,178796,KHEBAVADE,3.8047879265927564,4,area_weighted,
2022-07-10,MAHARASHTRA,Kolhapur,4426,KARVEER,178797,KHUPIRE,6.302311420440674,1,direct_grid,
2022-07-10,MAHARASHTRA,Kolhapur,4426,KARVEER,178798,KOGE,6.4611053466796875,1,area_weighted,
2022-07-10,MAHARASHTRA,Kolhapur,4426,KARVEER,178799,KOGIL BUDRUK,2.7909085750579834,1,direct_grid,
2022-07-10,MAHARASHTRA,Kolhapur,4426,KARVEER,178800,KOGIL KHURD,2.7909085750579834,1,area_weighted,
2022-07-10,MAHARASHTRA,Kolhapur,4426,KARVEER,178801,KOPARDE,6.302311420440674,1,area_weighted,
2022-07-10,MAHARASHTRA,Kolhapur,4426,KARVEER,178802,KOTHALI,6.581694265661093,2,area_weighted,
2022-07-10,MAHARASHTRA,Kolhapur,4426,KARVEER,178803,KUDITRE,6.394862314449802,2,area_weighted,
2022-07-10,MAHARASHTRA,Kolhapur,4426,KARVEER,178804,KURDU,6.555972391308043,3,area_weighted,
2022-07-10,MAHARASHTRA,Kolhapur,4426,KARVEER,178805,KURUKALI,6.647785186767578,1,area_weighted,
2022-07-10,MAHARASHTRA,Kolhapur,4426,KARVEER,178806,MAHE,6.4611053466796875,1,direct_grid,
2022-07-10,MAHARASHTRA,Kolhapur,4426,KARVEER,178809,MHALUNGE,6.647785186767578,1,direct_grid,
2022-07-10,MAHARASHTRA,Kolhapur,4426,KARVEER,178811,MOREWADI,2.65690541267395,1,area_weighted,
2022-07-10,MAHARASHTRA,Kolhapur,4426,KARVEER,178812,MUDASHINGI,1.9818693399429321,1,direct_grid,
2022-07-10,MAHARASHTRA,Kolhapur,4426,KARVEER,178814,NAGAON,3.9648354053497314,1,direct_grid,
2022-07-10,MAHARASHTRA,Kolhapur,4426,KARVEER,178813,NAGDEOWADI,4.824188436031127,2,area_weighted,
2022-07-10,MAHARASHTRA,Kolhapur,4426,KARVEER,178816,NANDAWAL,3.9550046694528938,4,area_weighted,
2022-07-10,MAHARASHTRA,Kolhapur,4426,KARVEER,178815,NANDGAON,3.9648354053497314,1,area_weighted,
2022-07-10,MAHARASHTRA,Kolhapur,4426,KARVEER,178817,NERLI,2.2519863986940862,2,area_weighted,
2022-07-10,MAHARASHTRA,Kolhapur,4426,KARVEER,178818,NIGAVE DUMALA,3.0952236652374268,1,direct_grid,
2022-07-10,MAHARASHTRA,Kolhapur,4426,KARVEER,178819,NIGAVE KHALASA,6.809024333953857,1,direct_grid,
2022-07-10,MAHARASHTRA,Kolhapur,4426,KARVEER,178820,NITAWADE,6.045816421508789,1,direct_grid,
2022-07-10,MAHARASHTRA,Kolhapur,4426,KARVEER,178821,PADALI BUDRUK,5.822911726878303,2,area_weighted,
2022-07-10,MAHARASHTRA,Kolhapur,4426,KARVEER,178822,PADALI KHALASA,5.588835156185746,4,area_weighted,
2022-07-10,MAHARASHTRA,Kolhapur,4426,KARVEER,178823,PADVALWADI,7.6639933586120605,1,direct_grid,
2022-07-10,MAHARASHTRA,Kolhapur,4426,KARVEER,178824,PANCHGAON,2.7849987718801823,2,area_weighted,
2022-07-10,MAHARASHTRA,Kolhapur,4426,KARVEER,178825,PARITE,6.648200246870905,2,area_weighted,
2022-07-10,MAHARASHTRA,Kolhapur,4426,KARVEER,178828,RAJAPUTWADI,3.0989981784276455,2,area_weighted,
2022-07-10,MAHARASHTRA,Kolhapur,4426,KARVEER,178829,SABALEWADI,6.302311420440674,1,area_weighted,
2022-07-10,MAHARASHTRA,Kolhapur,4426,KARVEER,178830,SADALE MADALE,3.6832507643269716,2,area_weighted,
2022-07-10,MAHARASHTRA,Kolhapur,4426,KARVEER,178832,SADOLI KHALASA,6.547565937042236,1,direct_grid,
2022-07-10,MAHARASHTRA,Kolhapur,4426,KARVEER,178834,SANGAWADE,2.2309146687741594,2,area_weighted,
2022-07-10,MAHARASHTRA,Kolhapur,4426,KARVEER,178833,SANGAWADEWADI,2.2318248265645084,2,area_weighted,
2022-07-10,MAHARASHTRA,Kolhapur,4426,KARVEER,178836,SARNOBATWADI,2.1981450094662516,4,area_weighted,
2022-07-10,MAHARASHTRA,Kolhapur,4426,KARVEER,178837,SAVARWADI,6.4611053466796875,1,area_weighted,
2022-07-10,MAHARASHTRA,Kolhapur,4426,KARVEER,178839,SHELAKEWADI,6.4611053466796875,1,area_weighted,
2022-07-10,MAHARASHTRA,Kolhapur,4426,KARVEER,178840,SHINDEWADI,6.252305945664601,2,area_weighted,
2022-07-10,MAHARASHTRA,Kolhapur,4426,KARVEER,178841,SHINGANAPUR,4.249431296372641,2,area_weighted,
2022-07-10,MAHARASHTRA,Kolhapur,4426,KARVEER,178843,SHIYE,2.4839651674547,2,area_weighted,
2022-07-10,MAHARASHTRA,Kolhapur,4426,KARVEER,178845,TAMGAON,2.2254109382629395,1,direct_grid,
2022-07-10,MAHARASHTRA,Kolhapur,4426,KARVEER,178847,UCHGAON,2.0670421579095737,3,area_weighted,
2022-07-10,MAHARASHTRA,Kolhapur,4426,KARVEER,178848,UJALAIWADI,2.4706545317523996,4,area_weighted,
2022-07-10,MAHARASHTRA,Kolhapur,4426,KARVEER,178850,VADAKSHIVALE,4.344581448427156,2,area_weighted,
2022-07-10,MAHARASHTRA,Kolhapur,4426,KARVEER,178853,VADANAGE,3.025030432358902,4,area_weighted,
2022-07-10,MAHARASHTRA,Kolhapur,4426,KARVEER,178855,VAKARE,6.330511267903654,2,area_weighted,
2022-07-10,MAHARASHTRA,Kolhapur,4426,KARVEER,178851,VARANAGE,5.776447529546131,2,area_weighted,
2022-07-10,MAHARASHTRA,Kolhapur,4426,KARVEER,178852,VASAGADE,2.0833546005484394,4,area_weighted,
2022-07-10,MAHARASHTRA,Kolhapur,4426,KARVEER,178854,WADIPEER,3.772280198934305,2,area_weighted,
2022-07-10,MAHARASHTRA,Kolhapur,4426,KARVEER,178857,WASHI,5.490433773804329,2,area_weighted,
2022-07-10,MAHARASHTRA,Kolhapur,4426,KARVEER,178858,YEVATI,6.647785186767578,1,area_weighted,
2022-07-10,MAHARASHTRA,Kolhapur,4427,PANHALA,178862,AMBAVADE,7.772336949441345,2,area_weighted,
2022-07-10,MAHARASHTRA,Kolhapur,4427,PANHALA,178864,ARALE,9.331318198393657,2,area_weighted,
2022-07-10,MAHARASHTRA,Kolhapur,4427,PANHALA,178866,ASURLE,6.510071813956037,2,area_weighted,
2022-07-10,MAHARASHTRA,Kolhapur,4427,PANHALA,178871,BAHIREWADI,5.769838333129883,1,area_weighted,
2022-07-10,MAHARASHTRA,Kolhapur,4427,PANHALA,178874,BORPADALE,9.246119499206543,1,area_weighted,
2022-07-10,MAHARASHTRA,Kolhapur,4427,PANHALA,178877,DAREWADI,7.6539270239642665,2,area_weighted,
2022-07-10,MAHARASHTRA,Kolhapur,4427,PANHALA,178880,DHABDHABEWADI,7.6639933586120605,1,area_weighted,
2022-07-10,MAHARASHTRA,Kolhapur,4427,PANHALA,178884,GIROLI,4.497612476348877,1,direct_grid,
2022-07-10,MAHARASHTRA,Kolhapur,4427,PANHALA,178889,JAKHALE,5.379810066218861,2,area_weighted,
2022-07-10,MAHARASHTRA,Kolhapur,4427,PANHALA,178890,JAPHALE,7.564866946389074,2,area_weighted,
2022-07-10,MAHARASHTRA,Kolhapur,4427,PANHALA,178894,KAKHE,10.760760061460559,2,area_weighted,
2022-07-10,MAHARASHTRA,Kolhapur,4427,PANHALA,178892,KEKHALE,5.137902480069398,4,area_weighted,
2022-07-10,MAHARASHTRA,Kolhapur,4427,PANHALA,178905,KODOLI,7.200045987280932,4,area_weighted,
2022-07-10,MAHARASHTRA,Kolhapur,4427,PANHALA,178943,KUSHIRE TARF THANE,3.2072077072650496,2,area_weighted,
2022-07-10,MAHARASHTRA,Kolhapur,4427,PANHALA,178915,MALE,8.866841618515192,3,area_weighted,
2022-07-10,MAHARASHTRA,Kolhapur,4427,PANHALA,178920,MITHARWADI,8.664299789980062,2,area_weighted,
2022-07-10,MAHARASHTRA,Kolhapur,4427,PANHALA,178921,MOHARE,9.610327708550557,2,area_weighted,
2022-07-10,MAHARASHTRA,Kolhapur,4427,PANHALA,178926,NIKAMWADI,7.6639933586120605,1,area_weighted,
2022-07-10,MAHARASHTRA,Kolhapur,4427,PANHALA,178928,PADAL,6.045816421508789,1,area_weighted,
2022-07-10,MAHARASHTRA,Kolhapur,4427,PANHALA,236887,PIMPALE TARF SATAVE,7.6639933586120605,1,area_weighted,
2022-07-10,MAHARASHTRA,Kolhapur,4427,PANHALA,178937,POHALE TARF ALATE,4.350872808740702,2,area_weighted,
2022-07-10,MAHARASHTRA,Kolhapur,4427,PANHALA,178940,POKHALE,5.769838333129883,1,direct_grid,
2022-07-10,MAHARASHTRA,Kolhapur,4427,PANHALA,178942,PORLE TARF BORGAON,6.147247960514354,2,area_weighted,
2022-07-10,MAHARASHTRA,Kolhapur,4427,PANHALA,178946,RAKSHI,7.6639933586120605,1,area_weighted,
2022-07-10,MAHARASHTRA,Kolhapur,4427,PANHALA,178893,SATAVE,10.72749572714106,2,area_weighted,
2022-07-10,MAHARASHTRA,Kolhapur,4427,PANHALA,178951,SAVARDE TARF SATAVE,10.808245658874512,1,area_weighted,
2022-07-10,MAHARASHTRA,Kolhapur,4427,PANHALA,178947,SHAHAPUR,9.246119499206543,1,direct_grid,
2022-07-10,MAHARASHTRA,Kolhapur,4427,PANHALA,178959,UTRE,7.6639933586120605,1,area_weighted,
2022-07-10,MAHARASHTRA,Kolhapur,4427,PANHALA,178965,WADI RATNAGIRI,6.075806810232255,2,area_weighted,
2022-07-10,MAHARASHTRA,Kolhapur,4427,PANHALA,178968,YAVLUJ,6.124058204461695,2,area_weighted,
2022-07-10,MAHARASHTRA,Kolhapur,4428,RADHANAGARI,178975,ARJUNWADA,6.277071047542162,2,area_weighted,
2022-07-10,MAHARASHTRA,Kolhapur,4428,RADHANAGARI,178986,CHANDEKARWADI,6.808853037769618,2,area_weighted,
2022-07-10,MAHARASHTRA,Kolhapur,4428,RADHANAGARI,178987,CHANDRE,6.809024333953857,1,area_weighted,
2022-07-10,MAHARASHTRA,Kolhapur,4428,RADHANAGARI,179006,KASABA VALAVE,5.970355017335172,4,area_weighted,
2022-07-10,MAHARASHTRA,Kolhapur,4428,RADHANAGARI,179018,MAJARE KASARWADA,6.121602535247803,1,area_weighted,
2022-07-10,MAHARASHTRA,Kolhapur,4428,RADHANAGARI,179035,PALAKARWADI,6.121602535247803,1,area_weighted,
2022-07-10,MAHARASHTRA,Kolhapur,4428,RADHANAGARI,179052,SHELEWADI,6.809024333953857,1,area_weighted,
2022-07-10,MAHARASHTRA,Kolhapur,4428,RADHANAGARI,179062,THIKPURALI,6.809024333953857,1,area_weighted,
2022-07-10,MAHARASHTRA,Kolhapur,4428,RADHANAGARI,179063,TITAVE,6.121602535247803,1,area_weighted,
2022-07-10,MAHARASHTRA,Kolhapur,4428,RADHANAGARI,179064,TURAMBE,6.121602535247803,1,area_weighted,
2022-07-10,MAHARASHTRA,Kolhapur,4430,SHIROL,179172,ABDUL LAT,2.0288608074188232,1,direct_grid,
2022-07-10,MAHARASHTRA,Kolhapur,4430,SHIROL,179173,AGAR,1.885638845487204,4,area_weighted,
2022-07-10,MAHARASHTRA,Kolhapur,4430,SHIROL,179174,AKIWAT,2.229037306231234,3,area_weighted,
2022-07-10,MAHARASHTRA,Kolhapur,4430,SHIROL,179175,ALAS,2.2169177532196045,1,direct_grid,
2022-07-10,MAHARASHTRA,Kolhapur,4430,SHIROL,179176,ARJUNWAD,2.180345885674989,4,area_weighted,
2022-07-10,MAHARASHTRA,Kolhapur,4430,SHIROL,179177,AURWAD,2.192648298367537,2,area_weighted,
2022-07-10,MAHARASHTRA,Kolhapur,4430,SHIROL,179178,BASTWAD,2.2373486176052197,3,area_weighted,
2022-07-10,MAHARASHTRA,Kolhapur,4430,SHIROL,179179,BUBNAL,2.198738161789251,4,area_weighted,
2022-07-10,MAHARASHTRA,Kolhapur,4430,SHIROL,179180,CHINCHWAD,2.329042990490568,2,area_weighted,
2022-07-10,MAHARASHTRA,Kolhapur,4430,SHIROL,179181,CHIPRI,1.9563217993464457,4,area_weighted,
2022-07-10,MAHARASHTRA,Kolhapur,4430,SHIROL,179182,DANOLI,2.4918994903564453,1,direct_grid,
2022-07-10,MAHARASHTRA,Kolhapur,4430,SHIROL,179183,DATTAWAD,2.1355328290784676,4,area_weighted,
2022-07-10,MAHARASHTRA,Kolhapur,4430,SHIROL,179184,DHARANGUTTI,1.8396967249160647,3,area_weighted,
2022-07-10,MAHARASHTRA,Kolhapur,4430,SHIROL,179185,GANESHWADI,2.171721633973886,2,area_weighted,
2022-07-10,MAHARASHTRA,Kolhapur,4430,SHIROL,179188,GAURWAD,2.1850699819505044,2,area_weighted,
2022-07-10,MAHARASHTRA,Kolhapur,4430,SHIROL,179186,GHALWAD,1.868575096130371,1,direct_grid,
2022-07-10,MAHARASHTRA,Kolhapur,4430,SHIROL,179187,GHOSARWAD,2.127824068069458,1,direct_grid,
2022-07-10,MAHARASHTRA,Kolhapur,4430,SHIROL,179189,HAROLI,1.9694727529060496,4,area_weighted,
2022-07-10,MAHARASHTRA,Kolhapur,4430,SHIROL,179190,HASUR,2.077605460884135,4,area_weighted,
2022-07-10,MAHARASHTRA,Kolhapur,4430,SHIROL,179191,HERWAD,2.1948580741882324,1,direct_grid,
2022-07-10,MAHARASHTRA,Kolhapur,4430,SHIROL,179192,JAINAPUR,2.5049728428081917,2,area_weighted,
2022-07-10,MAHARASHTRA,Kolhapur,4430,SHIROL,179193,JAMBHALI,1.8818654357596576,3,area_weighted,
2022-07-10,MAHARASHTRA,Kolhapur,4430,SHIROL,179194,JUNE DANWAD,2.1788783073425293,1,direct_grid,
2022-07-10,MAHARASHTRA,Kolhapur,4430,SHIROL,179195,KANWAD,1.9782130630243329,3,area_weighted,
2022-07-10,MAHARASHTRA,Kolhapur,4430,SHIROL,179196,KAVATESAR,3.2031134229687113,2,area_weighted,
2022-07-10,MAHARASHTRA,Kolhapur,4430,SHIROL,179197,KAVATHE GULAND,2.180053234100342,1,direct_grid,
2022-07-10,MAHARASHTRA,Kolhapur,4430,SHIROL,179198,KHIDRAPUR,2.1730489960351056,3,area_weighted,
2022-07-10,MAHARASHTRA,Kolhapur,4430,SHIROL,179199,KONDIGRE,1.7147653102874756,1,direct_grid,
2022-07-10,MAHARASHTRA,Kolhapur,4430,SHIROL,179200,KOTHALI,2.832018668301769,4,area_weighted,
2022-07-10,MAHARASHTRA,Kolhapur,4430,SHIROL,179201,KUTWAD,1.8707344863557098,2,area_weighted,
2022-07-10,MAHARASHTRA,Kolhapur,4430,SHIROL,179202,LATWADI,2.117170330426596,2,area_weighted,
2022-07-10,MAHARASHTRA,Kolhapur,4430,SHIROL,179203,MAJAREWADI,2.237851142883301,1,area_weighted,
2022-07-10,MAHARASHTRA,Kolhapur,4430,SHIROL,179204,NANDANI,1.840744972229004,1,direct_grid,
2022-07-10,MAHARASHTRA,Kolhapur,4430,SHIROL,179207,NARSINHWADI,2.192094087600708,1,direct_grid,
2022-07-10,MAHARASHTRA,Kolhapur,4430,SHIROL,179206,NIMSHIRGAON,2.1512163197420278,4,area_weighted,
2022-07-10,MAHARASHTRA,Kolhapur,4430,SHIROL,179208,RAJAPUR,2.1908331184919274,2,area_weighted,
2022-07-10,MAHARASHTRA,Kolhapur,4430,SHIROL,179209,RAJAPURWADI,2.171441078186035,1,area_weighted,
2022-07-10,MAHARASHTRA,Kolhapur,4430,SHIROL,179210,SHEDSHAL,2.184289988521578,4,area_weighted,
2022-07-10,MAHARASHTRA,Kolhapur,4430,SHIROL,179213,SHIRADHON,2.155921220779419,1,direct_grid,
2022-07-10,MAHARASHTRA,Kolhapur,4430,SHIROL,179211,SHIRADWAD,2.0338133272730907,3,area_weighted,
2022-07-10,MAHARASHTRA,Kolhapur,4430,SHIROL,179212,SHIRATI,2.0410984628625233,4,area_weighted,
2022-07-10,MAHARASHTRA,Kolhapur,4430,SHIROL,179215,SHIVNAKWADI,2.0288608074188232,1,area_weighted,
2022-07-10,MAHARASHTRA,Kolhapur,4430,SHIROL,179216,TAKALI,2.1807851571580694,4,area_weighted,
2022-07-10,MAHARASHTRA,Kolhapur,4430,SHIROL,179217,TAKALIWADI,2.175159928289711,4,area_weighted,
2022-07-10,MAHARASHTRA,Kolhapur,4430,SHIROL,179218,TAKAWADE,2.0023934841156006,1,direct_grid,
2022-07-10,MAHARASHTRA,Kolhapur,4430,SHIROL,179219,TAMDALAGE,2.2163299916331445,3,area_weighted,
2022-07-10,MAHARASHTRA,Kolhapur,4430,SHIROL,179220,TERWAD,2.237851142883301,1,direct_grid,
2022-07-10,MAHARASHTRA,Kolhapur,4430,SHIROL,179221,UDAGAON,2.4681785106658936,1,direct_grid,
2022-07-10,MAHARASHTRA,Kolhapur,4430,SHIROL,179222,UMALWAD,2.5256500244140625,1,direct_grid,
2022-07-10,MAHARASHTRA,Kolhapur,4430,SHIROL,179223,YADRAV,1.9443548197761733,2,area_weighted,
2022-07-10,MAHARASHTRA,Sangli,4550,JATH,188358,ACHAKANHALLI,2.068047523498535,1,direct_grid,
2022-07-10,MAHARASHTRA,Sangli,4550,JATH,188359,AKKALWADI,3.8722079347221308,2,area_weighted,
2022-07-10,MAHARASHTRA,Sangli,4550,JATH,188360,AMRUTWADI,2.0249876908078317,4,area_weighted,
2022-07-10,MAHARASHTRA,Sangli,4550,JATH,188362,ANKALE,1.11104334997808,6,area_weighted,
2022-07-10,MAHARASHTRA,Sangli,4550,JATH,188361,ANKALGI,1.3415380617090498,3,area_weighted,
2022-07-10,MAHARASHTRA,Sangli,4550,JATH,188364,ASANGI (JAT),1.8823120594024658,1,direct_grid,
2022-07-10,MAHARASHTRA,Sangli,4550,JATH,188365,ASANGI TURK,1.2055933475494385,1,direct_grid,
2022-07-10,MAHARASHTRA,Sangli,4550,JATH,188368,BAGEWADI,1.6905740215059253,4,area_weighted,
2022-07-10,MAHARASHTRA,Sangli,4550,JATH,188371,BANALI,1.8787990056487955,2,area_weighted,
2022-07-10,MAHARASHTRA,Sangli,4550,JATH,188372,BASARAGI,1.6078747510910034,1,direct_grid,
2022-07-10,MAHARASHTRA,Sangli,4550,JATH,188369,BAZ,1.3882167339324951,1,direct_grid,
2022-07-10,MAHARASHTRA,Sangli,4550,JATH,188374,BELUNKHI,1.673505425453186,1,direct_grid,
2022-07-10,MAHARASHTRA,Sangli,4550,JATH,188376,BHIWARGI,2.3278422355651855,1,direct_grid,
2022-07-10,MAHARASHTRA,Sangli,4550,JATH,188377,BILLUR,1.6341341733932495,2,direct_grid,
2022-07-10,MAHARASHTRA,Sangli,4550,JATH,188378,BIRANAL,1.7095134258270264,1,direct_grid,
2022-07-10,MAHARASHTRA,Sangli,4550,JATH,188380,BORGI KH.,3.054713487625122,1,area_weighted,
2022-07-10,MAHARASHTRA,Sangli,4550,JATH,188382,DAFALAPUR,1.440382719039917,2,direct_grid,
2022-07-10,MAHARASHTRA,Sangli,4550,JATH,188384,DARIBIDACHI,2.021762896568015,4,area_weighted,
2022-07-10,MAHARASHTRA,Sangli,4550,JATH,188383,DARIKONUR,2.0521294580125606,4,area_weighted,
2022-07-10,MAHARASHTRA,Sangli,4550,JATH,188385,DEONAL,2.105096390321333,2,area_weighted,
2022-07-10,MAHARASHTRA,Sangli,4550,JATH,188386,DHAWADWADI,1.5231461480006236,2,area_weighted,
2022-07-10,MAHARASHTRA,Sangli,4550,JATH,188387,DHULAKARWADI,1.27290940284729,1,direct_grid,
2022-07-10,MAHARASHTRA,Sangli,4550,JATH,188388,DORLI,0.6248682025747534,3,area_weighted,
2022-07-10,MAHARASHTRA,Sangli,4550,JATH,188389,EKUNDI,1.6357091246567572,3,area_weighted,
2022-07-10,MAHARASHTRA,Sangli,4550,JATH,188391,GIRGAON,3.8962066173553467,1,direct_grid,
2022-07-10,MAHARASHTRA,Sangli,4550,JATH,188392,GONDHALEWADI,1.813061481936045,4,area_weighted,
2022-07-10,MAHARASHTRA,Sangli,4550,JATH,188393,GUDDAPUR,2.0465645081265436,3,area_weighted,
2022-07-10,MAHARASHTRA,Sangli,4550,JATH,188394,GUGWAD,1.613579273223877,1,direct_grid,
2022-07-10,MAHARASHTRA,Sangli,4550,JATH,188396,GULGUNGAL,4.2600725539345685,2,area_weighted,
2022-07-10,MAHARASHTRA,Sangli,4550,JATH,188398,HIWARE,1.4414459466934204,1,direct_grid,
2022-07-10,MAHARASHTRA,Sangli,4550,JATH,188400,JALIHALL B.K,3.2075047492980957,1,direct_grid,
2022-07-10,MAHARASHTRA,Sangli,4550,JATH,188403,JIRAGYAL,1.6311200857162476,1,direct_grid,
2022-07-10,MAHARASHTRA,Sangli,4550,JATH,188401,JYALIHAL K.D,1.945491909980774,1,direct_grid,
2022-07-10,MAHARASHTRA,Sangli,4550,JATH,188404,KAGANARI,2.560966730117798,1,direct_grid,
2022-07-10,MAHARASHTRA,Sangli,4550,JATH,188407,KARAJANAGI,1.8797788619995117,1,direct_grid,
2022-07-10,MAHARASHTRA,Sangli,4550,JATH,188406,KARAJANGI,2.6556468120247425,2,area_weighted,
2022-07-10,MAHARASHTRA,Sangli,4550,JATH,188408,KAREWADI,3.8537550619943493,4,area_weighted,
2022-07-10,MAHARASHTRA,Sangli,4550,JATH,188409,KAREWADI (KO),2.4933374548790814,2,area_weighted,
2022-07-10,MAHARASHTRA,Sangli,4550,JATH,188411,KHALATI,1.6453258991241455,1,direct_grid,
2022-07-10,MAHARASHTRA,Sangli,4550,JATH,188412,KHANDNAL,1.4121293484802138,4,area_weighted,
2022-07-10,MAHARASHTRA,Sangli,4550,JATH,188405,KHANTI,1.6717891693115234,1,direct_grid,
2022-07-10,MAHARASHTRA,Sangli,4550,JATH,188413,KHILARWADI,1.6217843927325803,2,area_weighted,
2022-07-10,MAHARASHTRA,Sangli,4550,JATH,188415,KHOJANAWADI,1.930905818939209,1,direct_grid,
2022-07-10,MAHARASHTRA,Sangli,4550,JATH,188419,KO-BOBLAD,4.4067702293396,1,direct_grid,
2022-07-10,MAHARASHTRA,Sangli,4550,JATH,188416,KOLAGIRI,1.9637398719787598,1,direct_grid,
2022-07-10,MAHARASHTRA,Sangli,4550,JATH,188417,KONABAGI,3.5700866400505338,4,area_weighted,
2022-07-10,MAHARASHTRA,Sangli,4550,JATH,188420,KOSARI,1.7098396871353896,2,area_weighted,
2022-07-10,MAHARASHTRA,Sangli,4550,JATH,188421,KUDNUR,1.3491318435699005,5,area_weighted,
2022-07-10,MAHARASHTRA,Sangli,4550,JATH,188422,KULALWADI,1.8449059368126464,2,area_weighted,
2022-07-10,MAHARASHTRA,Sangli,4550,JATH,188423,KUMBHARI,1.7277730703353882,1,direct_grid,
2022-07-10,MAHARASHTRA,Sangli,4550,JATH,188381,LAMANATANDA,1.9544973373413086,1,direct_grid,
2022-07-10,MAHARASHTRA,Sangli,4550,JATH,188426,LAWANGA,3.975018761500333,2,area_weighted,
2022-07-10,MAHARASHTRA,Sangli,4550,JATH,188428,MADGYAL,2.015369253651054,2,area_weighted,
2022-07-10,MAHARASHTRA,Sangli,4550,JATH,188429,MANIKNAL,3.4600711635503165,2,area_weighted,
2022-07-10,MAHARASHTRA,Sangli,4550,JATH,188430,MENDHIGIRI,2.116959810256958,1,direct_grid,
2022-07-10,MAHARASHTRA,Sangli,4550,JATH,188431,MIRAWAD,1.6193563640139752,4,area_weighted,
2022-07-10,MAHARASHTRA,Sangli,4550,JATH,188433,MORBAGI,3.054713487625122,1,direct_grid,
2022-07-10,MAHARASHTRA,Sangli,4550,JATH,188434,MOTEWADI,1.5979150536621902,2,area_weighted,
2022-07-10,MAHARASHTRA,Sangli,4550,JATH,188435,MUCHANDI,2.021252393722534,1,direct_grid,
2022-07-10,MAHARASHTRA,Sangli,4550,JATH,188437,NIGDE KH.,2.0150894416902947,2,area_weighted,
2022-07-10,MAHARASHTRA,Sangli,4550,JATH,188445,PACHAPUR(SALEGIRI),1.8798738718032837,1,direct_grid,
2022-07-10,MAHARASHTRA,Sangli,4550,JATH,188439,PANDHAREWADI,1.4450550010194896,2,area_weighted,
2022-07-10,MAHARASHTRA,Sangli,4550,JATH,188440,PANDOZARI,1.6875355291615075,4,area_weighted,
2022-07-10,MAHARASHTRA,Sangli,4550,JATH,188441,PRAPATPUR,1.7277730703353882,1,area_weighted,
2022-07-10,MAHARASHTRA,Sangli,4550,JATH,188442,RAMPUR,1.7249504292038753,5,area_weighted,
2022-07-10,MAHARASHTRA,Sangli,4550,JATH,188444,RAVNAL,1.7318315505981445,1,direct_grid,
2022-07-10,MAHARASHTRA,Sangli,4550,JATH,188443,RAWALGUNDWADI,1.9424561262130737,1,direct_grid,
2022-07-10,MAHARASHTRA,Sangli,4550,JATH,188446,SALAMALAGEWADI,1.6323139177833546,4,area_weighted,
2022-07-10,MAHARASHTRA,Sangli,4550,JATH,188447,SANAMADI,1.9461811785156584,2,area_weighted,
2022-07-10,MAHARASHTRA,Sangli,4550,JATH,188448,SANKH,1.5675605535507202,3,direct_grid,
2022-07-10,MAHARASHTRA,Sangli,4550,JATH,188449,SHEDYAL,1.9975643157958984,1,direct_grid,
2022-07-10,MAHARASHTRA,Sangli,4550,JATH,188452,SHIDHANATH,2.1014695167541504,1,direct_grid,
2022-07-10,MAHARASHTRA,Sangli,4550,JATH,188451,SHINGANAPUR,1.4052678346633911,1,direct_grid,
2022-07-10,MAHARASHTRA,Sangli,4550,JATH,188457,SORDI,2.0841550827026367,1,direct_grid,
2022-07-10,MAHARASHTRA,Sangli,4550,JATH,188453,SUNDUR,1.5852481126785278,1,direct_grid,
2022-07-10,MAHARASHTRA,Sangli,4550,JATH,188459,TIKONDI,3.0766585229758787,4,area_weighted,
2022-07-10,MAHARASHTRA,Sangli,4550,JATH,188460,TILYAL,2.0111180274933678,3,area_weighted,
2022-07-10,MAHARASHTRA,Sangli,4550,JATH,188461,TIPPHALLI,1.7225995287686722,2,area_weighted,
2022-07-10,MAHARASHTRA,Sangli,4550,JATH,188464,UMRANI,1.7834537029266357,1,direct_grid,
2022-07-10,MAHARASHTRA,Sangli,4550,JATH,188465,UNTWADI,2.0533945376089946,4,area_weighted,
2022-07-10,MAHARASHTRA,Sangli,4550,JATH,188467,VAJRAWAD,1.6236453698665636,4,area_weighted,
2022-07-10,MAHARASHTRA,Sangli,4550,JATH,188469,VHASPETH,2.0506057739257812,1,direct_grid,
2022-07-10,MAHARASHTRA,Sangli,4550,JATH,188472,WALASANG,1.9244964708709205,4,area_weighted,
2022-07-10,MAHARASHTRA,Sangli,4550,JATH,188468,WASHAN,1.6717877977238926,2,area_weighted,
2022-07-10,MAHARASHTRA,Sangli,4550,JATH,188473,YELDRI,1.7371044158935547,1,direct_grid,
2022-07-10,MAHARASHTRA,Sangli,4552,KAVATHEMAHANKAL,188529,AGALGAON,2.2656243995052314,4,area_weighted,
2022-07-10,MAHARASHTRA,Sangli,4552,KAVATHEMAHANKAL,188541,AGRAN DHULAGAON,0.6168239116668701,1,direct_grid,
2022-07-10,MAHARASHTRA,Sangli,4552,KAVATHEMAHANKAL,188531,ALKUD M,4.017359575689641,3,area_weighted,
2022-07-10,MAHARASHTRA,Sangli,4552,KAVATHEMAHANKAL,188532,ALKUD S,1.676618461847603,4,area_weighted,
2022-07-10,MAHARASHTRA,Sangli,4552,KAVATHEMAHANKAL,188533,AREWADI,1.8796552419662476,1,direct_grid,
2022-07-10,MAHARASHTRA,Sangli,4552,KAVATHEMAHANKAL,188534,BANEWADI,2.8340444564819336,1,direct_grid,
2022-07-10,MAHARASHTRA,Sangli,4552,KAVATHEMAHANKAL,188535,BASSAPPACHI WADI,0.5050097270096587,3,area_weighted,
2022-07-10,MAHARASHTRA,Sangli,4552,KAVATHEMAHANKAL,188536,BORGAON,4.188223361968994,1,direct_grid,
2022-07-10,MAHARASHTRA,Sangli,4552,KAVATHEMAHANKAL,188537,CHOROCHI,0.6168239116668701,1,area_weighted,
2022-07-10,MAHARASHTRA,Sangli,4552,KAVATHEMAHANKAL,188538,CHUDEKHINDI,1.2223979478942226,2,area_weighted,
2022-07-10,MAHARASHTRA,Sangli,4552,KAVATHEMAHANKAL,188539,DESHING,3.2509684562683105,1,direct_grid,
2022-07-10,MAHARASHTRA,Sangli,4552,KAVATHEMAHANKAL,188540,DHALEWADI,1.3877264297753815,4,area_weighted,
2022-07-10,MAHARASHTRA,Sangli,4552,KAVATHEMAHANKAL,188530,DHULGAON,2.213868369180917,4,area_weighted,
2022-07-10,MAHARASHTRA,Sangli,4552,KAVATHEMAHANKAL,188544,GARJEWADI,2.5494692294145476,2,area_weighted,
2022-07-10,MAHARASHTRA,Sangli,4552,KAVATHEMAHANKAL,188547,HAROLI,3.114435398574363,4,area_weighted,
2022-07-10,MAHARASHTRA,Sangli,4552,KAVATHEMAHANKAL,188548,HINGANGAON,2.534225467523888,4,area_weighted,
2022-07-10,MAHARASHTRA,Sangli,4552,KAVATHEMAHANKAL,188549,IRALI,1.2120558619499207,2,direct_grid,
2022-07-10,MAHARASHTRA,Sangli,4552,KAVATHEMAHANKAL,188550,JADHAVWADI,2.645123893979333,2,area_weighted,
2022-07-10,MAHARASHTRA,Sangli,4552,KAVATHEMAHANKAL,188552,JAKHAPUR,2.5864696820285253,2,area_weighted,
2022-07-10,MAHARASHTRA,Sangli,4552,KAVATHEMAHANKAL,188551,JAYGAVHAN,2.9486538111635676,2,area_weighted,
2022-07-10,MAHARASHTRA,Sangli,4552,KAVATHEMAHANKAL,188556,KARALHUTTI,0.7364791035652161,1,direct_grid,
2022-07-10,MAHARASHTRA,Sangli,4552,KAVATHEMAHANKAL,188557,KAROLI T,2.293835163116455,1,direct_grid,
2022-07-10,MAHARASHTRA,Sangli,4552,KAVATHEMAHANKAL,188558,KEREWADI,2.1226589197125794,2,area_weighted,
2022-07-10,MAHARASHTRA,Sangli,4552,KAVATHEMAHANKAL,188559,KHARSHING,3.223330239103705,4,area_weighted,
2022-07-10,MAHARASHTRA,Sangli,4552,KAVATHEMAHANKAL,188560,KOKALE,0.46755316853523254,1,direct_grid,
2022-07-10,MAHARASHTRA,Sangli,4552,KAVATHEMAHANKAL,188561,KONGNOLI,2.1349366927512117,5,area_weighted,
2022-07-10,MAHARASHTRA,Sangli,4552,KAVATHEMAHANKAL,188562,KUCHI,2.6810572147369385,1,direct_grid,
2022-07-10,MAHARASHTRA,Sangli,4552,KAVATHEMAHANKAL,188563,KUKTOLI,2.458264366253891,4,area_weighted,
2022-07-10,MAHARASHTRA,Sangli,4552,KAVATHEMAHANKAL,188564,KUNDLAPUR,2.5676583659307197,2,area_weighted,
2022-07-10,MAHARASHTRA,Sangli,4552,KAVATHEMAHANKAL,188565,LANDGEWADI,2.773411645320934,4,area_weighted,
2022-07-10,MAHARASHTRA,Sangli,4552,KAVATHEMAHANKAL,188566,LANGARPETH,1.8657343433110785,2,area_weighted,
2022-07-10,MAHARASHTRA,Sangli,4552,KAVATHEMAHANKAL,188567,LONARWADI,1.827279806137085,1,direct_grid,
2022-07-10,MAHARASHTRA,Sangli,4552,KAVATHEMAHANKAL,188568,MALANGAON,3.049100875854492,1,direct_grid,
2022-07-10,MAHARASHTRA,Sangli,4552,KAVATHEMAHANKAL,188569,MHAISHAL M,2.500574015434212,2,area_weighted,
2022-07-10,MAHARASHTRA,Sangli,4552,KAVATHEMAHANKAL,188570,MOGHAMWADI,0.5639249327779265,3,area_weighted,
2022-07-10,MAHARASHTRA,Sangli,4552,KAVATHEMAHANKAL,188571,MORGAON,2.945361008627308,2,area_weighted,
2022-07-10,MAHARASHTRA,Sangli,4552,KAVATHEMAHANKAL,188572,NAGAJ,2.4057836532592773,1,area_weighted,
2022-07-10,MAHARASHTRA,Sangli,4552,KAVATHEMAHANKAL,188573,NANGOLE,2.0902225954446276,4,area_weighted,
2022-07-10,MAHARASHTRA,Sangli,4552,KAVATHEMAHANKAL,188575,PIMPALWADI,2.2326546979571917,2,area_weighted,
2022-07-10,MAHARASHTRA,Sangli,4552,KAVATHEMAHANKAL,188576,RAMPURWADI,2.293835163116455,1,area_weighted,
2022-07-10,MAHARASHTRA,Sangli,4552,KAVATHEMAHANKAL,188577,RANJANI,1.796586036682129,1,direct_grid,
2022-07-10,MAHARASHTRA,Sangli,4552,KAVATHEMAHANKAL,188579,SARATI,2.266997882307863,4,area_weighted,
2022-07-10,MAHARASHTRA,Sangli,4552,KAVATHEMAHANKAL,188580,SHELKEWADI,2.4057836532592773,1,direct_grid,
2022-07-10,MAHARASHTRA,Sangli,4552,KAVATHEMAHANKAL,188582,SHINDEWADI H,2.5224499702453613,1,direct_grid,
2022-07-10,MAHARASHTRA,Sangli,4552,KAVATHEMAHANKAL,188583,SHIRDHON,3.139990613053063,2,area_weighted,
2022-07-10,MAHARASHTRA,Sangli,4552,KAVATHEMAHANKAL,188584,THABADEWADI,2.4044506549835205,1,direct_grid,
2022-07-10,MAHARASHTRA,Sangli,4552,KAVATHEMAHANKAL,188586,VITHURAYACHI WADI,2.4239561557769775,1,direct_grid,
2022-07-10,MAHARASHTRA,Sangli,4552,KAVATHEMAHANKAL,188587,WAGHOLI,2.4057836532592773,1,area_weighted,
2022-07-10,MAHARASHTRA,Sangli,4552,KAVATHEMAHANKAL,188588,ZUREWADI,2.684756043169438,2,area_weighted,
2022-07-10,MAHARASHTRA,Sangli,4554,MIRAJ,188654,ANKALI,2.540533390706075,4,area_weighted,
2022-07-10,MAHARASHTRA,Sangli,4554,MIRAJ,188655,ARAG,2.197288990020752,1,direct_grid,
2022-07-10,MAHARASHTRA,Sangli,4554,MIRAJ,188656,BAMNOLI,3.2461284343942705,3,area_weighted,
2022-07-10,MAHARASHTRA,Sangli,4554,MIRAJ,188657,BEDAG,2.4549492597579956,2,direct_grid,
2022-07-10,MAHARASHTRA,Sangli,4554,MIRAJ,188658,BELANKI,2.2218472957611084,1,direct_grid,
2022-07-10,MAHARASHTRA,Sangli,4554,MIRAJ,188659,BHOSE,3.551618814468384,1,direct_grid,
2022-07-10,MAHARASHTRA,Sangli,4554,MIRAJ,188662,BHUDHGOAN,3.4120545387268066,1,direct_grid,
2022-07-10,MAHARASHTRA,Sangli,4554,MIRAJ,188660,BISUR,3.9855124059806553,4,area_weighted,
2022-07-10,MAHARASHTRA,Sangli,4554,MIRAJ,188661,BOLWAD,2.3848598725686587,2,area_weighted,
2022-07-10,MAHARASHTRA,Sangli,4554,MIRAJ,188663,CHABUKSWARWADI,1.8525831699371338,1,direct_grid,
2022-07-10,MAHARASHTRA,Sangli,4554,MIRAJ,188664,DHAWALI,1.9189647135989039,2,area_weighted,
2022-07-10,MAHARASHTRA,Sangli,4554,MIRAJ,188666,DHUDHGOAN,4.0261860904966476,4,area_weighted,
2022-07-10,MAHARASHTRA,Sangli,4554,MIRAJ,188665,DONGARWADI,2.352353096008301,1,direct_grid,
2022-07-10,MAHARASHTRA,Sangli,4554,MIRAJ,188667,EARNDOLI,2.392432928085327,1,direct_grid,
2022-07-10,MAHARASHTRA,Sangli,4554,MIRAJ,188668,GUNDEWADI,3.1386771202087402,1,direct_grid,
2022-07-10,MAHARASHTRA,Sangli,4554,MIRAJ,188669,HARIPUR,3.066195487976074,1,direct_grid,
2022-07-10,MAHARASHTRA,Sangli,4554,MIRAJ,188670,INAM DHAMNI,2.5392241087363425,2,area_weighted,
2022-07-10,MAHARASHTRA,Sangli,4554,MIRAJ,188671,JANARAOWADI,2.117349624633789,1,direct_grid,
2022-07-10,MAHARASHTRA,Sangli,4554,MIRAJ,188679,K.DIGRAJ,3.9179816246032715,1,direct_grid,
2022-07-10,MAHARASHTRA,Sangli,4554,MIRAJ,188682,K.PIRAN,4.126131534576416,1,direct_grid,
2022-07-10,MAHARASHTRA,Sangli,4554,MIRAJ,188673,KADAMWADI,2.3189222689749873,2,area_weighted,
2022-07-10,MAHARASHTRA,Sangli,4554,MIRAJ,188674,KAKADWADI,3.711843490600586,1,area_weighted,
2022-07-10,MAHARASHTRA,Sangli,4554,MIRAJ,188675,KALAMBI,2.9796838760375977,1,direct_grid,
2022-07-10,MAHARASHTRA,Sangli,4554,MIRAJ,188676,KANADWADI,3.152925491333008,1,direct_grid,
2022-07-10,MAHARASHTRA,Sangli,4554,MIRAJ,188677,KARNAL,3.7094502449035645,1,direct_grid,
2022-07-10,MAHARASHTRA,Sangli,4554,MIRAJ,188678,KAROLI M.,4.1541570400828975,4,area_weighted,
2022-07-10,MAHARASHTRA,Sangli,4554,MIRAJ,188680,KAVJIKHOTWADI,4.218055668530793,3,area_weighted,
2022-07-10,MAHARASHTRA,Sangli,4554,MIRAJ,188681,KAVLAPUR,4.111110210418701,1,direct_grid,
2022-07-10,MAHARASHTRA,Sangli,4554,MIRAJ,188683,KHANDERAJURI,2.5673017501831055,1,direct_grid,
2022-07-10,MAHARASHTRA,Sangli,4554,MIRAJ,188684,KHARAKATWADI,3.129130952553419,3,area_weighted,
2022-07-10,MAHARASHTRA,Sangli,4554,MIRAJ,188685,KHATAV,2.044647216796875,1,direct_grid,
2022-07-10,MAHARASHTRA,Sangli,4554,MIRAJ,188686,LAXMIWADI,1.8590022325515747,1,area_weighted,
2022-07-10,MAHARASHTRA,Sangli,4554,MIRAJ,188687,LINGNUR,2.097097873687744,1,direct_grid,
2022-07-10,MAHARASHTRA,Sangli,4554,MIRAJ,188694,M.DIGRAJ,3.9598073331488877,4,area_weighted,
2022-07-10,MAHARASHTRA,Sangli,4554,MIRAJ,188688,MADHAVANAGAR,3.4120545387268066,1,area_weighted,
2022-07-10,MAHARASHTRA,Sangli,4554,MIRAJ,188689,MALEWADI,3.3137365401648586,2,area_weighted,
2022-07-10,MAHARASHTRA,Sangli,4554,MIRAJ,188690,MALGOAN,2.6781811714172363,1,direct_grid,
2022-07-10,MAHARASHTRA,Sangli,4554,MIRAJ,188691,MALLEWADI,2.8334624767303467,1,direct_grid,
2022-07-10,MAHARASHTRA,Sangli,4554,MIRAJ,188692,MANMODI,3.1426128815566114,2,area_weighted,
2022-07-10,MAHARASHTRA,Sangli,4554,MIRAJ,188693,MHAISHAL,1.8860481977462769,1,direct_grid,
2022-07-10,MAHARASHTRA,Sangli,4554,MIRAJ,188695,NANDRE,4.535089492797852,1,direct_grid,
2022-07-10,MAHARASHTRA,Sangli,4554,MIRAJ,188696,NARWAD,2.0335099697113037,1,direct_grid,
2022-07-10,MAHARASHTRA,Sangli,4554,MIRAJ,188697,NILZI,2.516038999043126,2,area_weighted,
2022-07-10,MAHARASHTRA,Sangli,4554,MIRAJ,188698,PADMALE,3.7094502449035645,1,area_weighted,
2022-07-10,MAHARASHTRA,Sangli,4554,MIRAJ,188699,PATGOAN,3.3126729317944976,2,area_weighted,
2022-07-10,MAHARASHTRA,Sangli,4554,MIRAJ,188700,PAYAPPACHIWADI,2.4535460284969637,2,area_weighted,
2022-07-10,MAHARASHTRA,Sangli,4554,MIRAJ,188701,RASULWADI,3.1570832934079793,2,area_weighted,
2022-07-10,MAHARASHTRA,Sangli,4554,MIRAJ,188702,SALGARE,2.1954345703125,1,direct_grid,
2022-07-10,MAHARASHTRA,Sangli,4554,MIRAJ,188704,SAMDOLI,3.1584956645965576,1,direct_grid,
2022-07-10,MAHARASHTRA,Sangli,4554,MIRAJ,188705,SANTOSHWADI,2.1659338632924756,3,area_weighted,
2022-07-10,MAHARASHTRA,Sangli,4554,MIRAJ,188706,SAVALI,2.9336765723800324,2,area_weighted,
2022-07-10,MAHARASHTRA,Sangli,4554,MIRAJ,188707,SAWALWADI,3.349145049457854,2,area_weighted,
2022-07-10,MAHARASHTRA,Sangli,4554,MIRAJ,188708,SHINDEWADI,1.9377064854549921,3,area_weighted,
2022-07-10,MAHARASHTRA,Sangli,4554,MIRAJ,188709,SHIPUR,2.3093785917041445,4,area_weighted,
2022-07-10,MAHARASHTRA,Sangli,4554,MIRAJ,188710,SIDHEWADI,3.1364473721093264,3,area_weighted,
2022-07-10,MAHARASHTRA,Sangli,4554,MIRAJ,188711,SONI,3.4419796466827393,1,direct_grid,
2022-07-10,MAHARASHTRA,Sangli,4554,MIRAJ,188712,TAKLI,2.602693541089896,4,area_weighted,
2022-07-10,MAHARASHTRA,Sangli,4554,MIRAJ,188713,TANANG,2.9825054737910537,4,area_weighted,
2022-07-10,MAHARASHTRA,Sangli,4554,MIRAJ,188714,TUNG,4.5328879900133,4,area_weighted,
2022-07-10,MAHARASHTRA,Sangli,4554,MIRAJ,188717,VIJAYNAGAR,2.2176727737175295,2,area_weighted,
2022-07-10,MAHARASHTRA,Sangli,4554,MIRAJ,188715,WADDI,2.3773300285998085,3,area_weighted,
2022-07-10,MAHARASHTRA,Sangli,4555,PALUS,188718,AMNAPUR,6.132647514343262,1,direct_grid,
2022-07-10,MAHARASHTRA,Sangli,4555,PALUS,188719,ANDHALI,5.85815954807714,2,area_weighted,
2022-07-10,MAHARASHTRA,Sangli,4555,PALUS,188720,ANKALKHOP,6.391003131866455,1,direct_grid,
2022-07-10,MAHARASHTRA,Sangli,4555,PALUS,188721,BAMBAVADE,5.749927520751953,1,direct_grid,
2022-07-10,MAHARASHTRA,Sangli,4555,PALUS,188722,BHILAVADI,5.919155901329152,4,area_weighted,
2022-07-10,MAHARASHTRA,Sangli,4555,PALUS,188724,BRAMNAL,4.874443054199219,1,area_weighted,
2022-07-10,MAHARASHTRA,Sangli,4555,PALUS,188725,BURLI,6.2993128794792215,4,area_weighted,
2022-07-10,MAHARASHTRA,Sangli,4555,PALUS,188726,BURUNGWADI,6.04849100112915,1,area_weighted,
2022-07-10,MAHARASHTRA,Sangli,4555,PALUS,188727,CHOPADEWADI,4.954486521799262,2,area_weighted,
2022-07-10,MAHARASHTRA,Sangli,4555,PALUS,188728,DHAYARI,6.538209438323975,1,area_weighted,
2022-07-10,MAHARASHTRA,Sangli,4555,PALUS,188729,DUDHANDI,6.341151237487793,1,direct_grid,
2022-07-10,MAHARASHTRA,Sangli,4555,PALUS,188730,GHOGAON,6.411924569332063,2,area_weighted,
2022-07-10,MAHARASHTRA,Sangli,4555,PALUS,188731,HAZARWADI,5.866681532205466,2,area_weighted,
2022-07-10,MAHARASHTRA,Sangli,4555,PALUS,188866,JULEWADI,6.047145171443033,2,area_weighted,
2022-07-10,MAHARASHTRA,Sangli,4555,PALUS,188732,KHANDOBACHIWADI,6.04849100112915,1,direct_grid,
2022-07-10,MAHARASHTRA,Sangli,4555,PALUS,188733,KHATAV,4.810237466271914,2,area_weighted,
2022-07-10,MAHARASHTRA,Sangli,4555,PALUS,188735,KUNDAL,6.267138202318325,2,area_weighted,
2022-07-10,MAHARASHTRA,Sangli,4555,PALUS,188736,MALWADI,5.874124433806223,3,area_weighted,
2022-07-10,MAHARASHTRA,Sangli,4555,PALUS,188737,MORALE R,5.749927520751953,1,area_weighted,
2022-07-10,MAHARASHTRA,Sangli,4555,PALUS,188738,NAGARALE,6.351481914520264,1,direct_grid,
2022-07-10,MAHARASHTRA,Sangli,4555,PALUS,188739,NAGTHANE,6.61245584487915,1,direct_grid,
2022-07-10,MAHARASHTRA,Sangli,4555,PALUS,188741,PUNDI TARF WALWA,6.429402181096307,4,area_weighted,
2022-07-10,MAHARASHTRA,Sangli,4555,PALUS,188742,PUNDI WADI,6.40425529634379,2,area_weighted,
2022-07-10,MAHARASHTRA,Sangli,4555,PALUS,188743,RADEWADI,6.194868734179384,2,area_weighted,
2022-07-10,MAHARASHTRA,Sangli,4555,PALUS,188891,RAJAPUR,5.49663698590684,2,area_weighted,
2022-07-10,MAHARASHTRA,Sangli,4555,PALUS,188745,SANDAGEWADI,5.884960820319986,2,area_weighted,
2022-07-10,MAHARASHTRA,Sangli,4555,PALUS,188746,SAVANTPUR,6.130673439961928,3,area_weighted,
2022-07-10,MAHARASHTRA,Sangli,4555,PALUS,188747,SUKHWADI,4.874443054199219,1,direct_grid,
2022-07-10,MAHARASHTRA,Sangli,4555,PALUS,188734,SURYAGAON,6.2220233001307514,4,area_weighted,
2022-07-10,MAHARASHTRA,Sangli,4555,PALUS,188748,TAVDARWADI,6.098657051165601,4,area_weighted,
2022-07-10,MAHARASHTRA,Sangli,4555,PALUS,188897,TURCHI,5.330793380737305,1,direct_grid,
2022-07-10,MAHARASHTRA,Sangli,4555,PALUS,188750,VASGADE,5.461995124754523,4,area_weighted,
2022-07-10,MAHARASHTRA,Sangli,4555,PALUS,188751,VITTHALWADI,6.132647514343262,1,area_weighted,
2022-07-10,MAHARASHTRA,Sangli,4555,PALUS,188908,YELAVI,5.779311656951904,1,direct_grid,
2022-07-10,MAHARASHTRA,Sangli,4556,SHIRALA,188757,AUNDHI,14.004493110220805,2,area_weighted,
2022-07-10,MAHARASHTRA,Sangli,4556,SHIRALA,188758,BAMBAVADE,13.963188836290396,2,area_weighted,
2022-07-10,MAHARASHTRA,Sangli,4556,SHIRALA,188759,BELADARWADI,14.065534773594603,2,area_weighted,
2022-07-10,MAHARASHTRA,Sangli,4556,SHIRALA,188763,BHAT-SHIRAGAON,12.42617416381836,1,area_weighted,
2022-07-10,MAHARASHTRA,Sangli,4556,SHIRALA,188762,BHATWADI,14.049275158682995,2,area_weighted,
2022-07-10,MAHARASHTRA,Sangli,4556,SHIRALA,188767,CHIKHALWADI,12.42617416381836,1,area_weighted,
2022-07-10,MAHARASHTRA,Sangli,4556,SHIRALA,188771,DEOWADI,10.808245658874512,1,area_weighted,
2022-07-10,MAHARASHTRA,Sangli,4556,SHIRALA,188774,FAKIRWADI,12.42617416381836,1,area_weighted,
2022-07-10,MAHARASHTRA,Sangli,4556,SHIRALA,188780,INGRUL,12.42617416381836,1,direct_grid,
2022-07-10,MAHARASHTRA,Sangli,4556,SHIRALA,188781,JAMBLEWADI,12.42617416381836,1,area_weighted,
2022-07-10,MAHARASHTRA,Sangli,4556,SHIRALA,188786,KAPARI,13.419558059317271,2,area_weighted,
2022-07-10,MAHARASHTRA,Sangli,4556,SHIRALA,188787,KARAMALE,13.976125717163086,1,direct_grid,
2022-07-10,MAHARASHTRA,Sangli,4556,SHIRALA,188790,KHED,14.098723411560059,1,area_weighted,
2022-07-10,MAHARASHTRA,Sangli,4556,SHIRALA,188799,LADEWADI,11.655763457424143,2,area_weighted,
2022-07-10,MAHARASHTRA,Sangli,4556,SHIRALA,188804,MANGLE,10.808245658874512,1,direct_grid,
2022-07-10,MAHARASHTRA,Sangli,4556,SHIRALA,188816,Pachumbri,13.955780982971191,1,area_weighted,
2022-07-10,MAHARASHTRA,Sangli,4556,SHIRALA,188823,RED,14.098723411560059,1,direct_grid,
2022-07-10,MAHARASHTRA,Sangli,4556,SHIRALA,188836,TAKAVE,13.965439080540595,2,area_weighted,
2022-07-10,MAHARASHTRA,Sangli,4557,TASGAON,188844,AARAWADE,4.211435317993164,1,direct_grid,
2022-07-10,MAHARASHTRA,Sangli,4557,TASGAON,188843,ANJANI,3.2753043783541633,4,area_weighted,
2022-07-10,MAHARASHTRA,Sangli,4557,TASGAON,188845,BALGAVDE,3.8177735805511475,1,direct_grid,
2022-07-10,MAHARASHTRA,Sangli,4557,TASGAON,188846,BASTAWADE,3.8650565080617314,2,area_weighted,
2022-07-10,MAHARASHTRA,Sangli,4557,TASGAON,188847,BENDRI,5.201439805356965,2,area_weighted,
2022-07-10,MAHARASHTRA,Sangli,4557,TASGAON,188848,BHAIRAVWADI,4.229719734397281,2,area_weighted,
2022-07-10,MAHARASHTRA,Sangli,4557,TASGAON,188850,BORGAON,5.352742981887662,2,area_weighted,
2022-07-10,MAHARASHTRA,Sangli,4557,TASGAON,188852,CHINCHNI,4.252852439880371,1,direct_grid,
2022-07-10,MAHARASHTRA,Sangli,4557,TASGAON,188855,DHAVALI,5.175406273348256,4,area_weighted,
2022-07-10,MAHARASHTRA,Sangli,4557,TASGAON,188857,DHULGAON,3.6199411799136088,4,area_weighted,
2022-07-10,MAHARASHTRA,Sangli,4557,TASGAON,188858,DONGARSONI,3.0213050842285156,1,direct_grid,
2022-07-10,MAHARASHTRA,Sangli,4557,TASGAON,188859,DORLI,3.828720018427572,2,area_weighted,
2022-07-10,MAHARASHTRA,Sangli,4557,TASGAON,188861,GAVHAN,3.924725294113159,1,direct_grid,
2022-07-10,MAHARASHTRA,Sangli,4557,TASGAON,188862,GOTEWADI,4.295518185768219,2,area_weighted,
2022-07-10,MAHARASHTRA,Sangli,4557,TASGAON,188868,KAULGE,3.8177735805511475,1,area_weighted,
2022-07-10,MAHARASHTRA,Sangli,4557,TASGAON,188869,KAVATHE AKAND,5.04710578918457,1,direct_grid,
2022-07-10,MAHARASHTRA,Sangli,4557,TASGAON,188870,KHUJGOAN,3.8345566832499918,2,area_weighted,
2022-07-10,MAHARASHTRA,Sangli,4557,TASGAON,188872,KUMTHE,3.711843490600586,1,direct_grid,
2022-07-10,MAHARASHTRA,Sangli,4557,TASGAON,188875,LOKAREWADI,2.672464370727539,1,direct_grid,
2022-07-10,MAHARASHTRA,Sangli,4557,TASGAON,188874,LONDHE,4.08225596757897,2,area_weighted,
2022-07-10,MAHARASHTRA,Sangli,4557,TASGAON,188876,MANERAJURI,4.138538837432861,1,direct_grid,
2022-07-10,MAHARASHTRA,Sangli,4557,TASGAON,188877,MANJHARDE,3.8177735805511475,1,area_weighted,
2022-07-10,MAHARASHTRA,Sangli,4557,TASGAON,188878,MATKUNKI,4.533932209014893,1,direct_grid,
2022-07-10,MAHARASHTRA,Sangli,4557,TASGAON,188880,NAGAON KAVATE,4.228429738457734,3,area_weighted,
2022-07-10,MAHARASHTRA,Sangli,4557,TASGAON,188881,NAGAON NIMANI,5.602837562561035,1,direct_grid,
2022-07-10,MAHARASHTRA,Sangli,4557,TASGAON,188882,NAGEWADI,3.0414663076122217,2,area_weighted,
2022-07-10,MAHARASHTRA,Sangli,4557,TASGAON,188884,NEHARUNAGAR,5.5274760318825615,2,area_weighted,
2022-07-10,MAHARASHTRA,Sangli,4557,TASGAON,188886,NIMANI,5.410772905996158,2,area_weighted,
2022-07-10,MAHARASHTRA,Sangli,4557,TASGAON,188885,NIMBLAK,5.749927520751953,1,area_weighted,
2022-07-10,MAHARASHTRA,Sangli,4557,TASGAON,188888,PANMALEWADI,5.293070316314697,1,area_weighted,
2022-07-10,MAHARASHTRA,Sangli,4557,TASGAON,188890,PUNDI,4.354150556714223,4,area_weighted,
2022-07-10,MAHARASHTRA,Sangli,4557,TASGAON,188703,SAMBARAWADI,3.711742326612664,2,area_weighted,
2022-07-10,MAHARASHTRA,Sangli,4557,TASGAON,188892,SAWALAJ,3.8928403854370117,1,direct_grid,
2022-07-10,MAHARASHTRA,Sangli,4557,TASGAON,188893,SAWARDE,3.8596324920654297,1,direct_grid,
2022-07-10,MAHARASHTRA,Sangli,4557,TASGAON,188894,SHIRAGAON KAWATE,5.3459036760396845,3,area_weighted,
2022-07-10,MAHARASHTRA,Sangli,4557,TASGAON,188895,SHIRAGAON V,5.293070316314697,1,direct_grid,
2022-07-10,MAHARASHTRA,Sangli,4557,TASGAON,188896,SIDHEWADI,3.0213050842285156,1,area_weighted,
2022-07-10,MAHARASHTRA,Sangli,4557,TASGAON,188898,UPLAVI,4.216092229794186,4,area_weighted,
2022-07-10,MAHARASHTRA,Sangli,4557,TASGAON,188899,VAJRACHOUNDE,3.9238799431068907,2,area_weighted,
2022-07-10,MAHARASHTRA,Sangli,4557,TASGAON,188904,VANJARWADI,4.746171472704438,2,area_weighted,
2022-07-10,MAHARASHTRA,Sangli,4557,TASGAON,188905,VASUMBE,4.758366838828936,4,area_weighted,
2022-07-10,MAHARASHTRA,Sangli,4557,TASGAON,188901,VISAPUR,4.729302406311035,1,direct_grid,
2022-07-10,MAHARASHTRA,Sangli,4557,TASGAON,188902,WADGOAN,2.9474607749809323,4,area_weighted,
2022-07-10,MAHARASHTRA,Sangli,4557,TASGAON,188903,WAGHAPUR,3.8192809717103406,2,area_weighted,
2022-07-10,MAHARASHTRA,Sangli,4557,TASGAON,188909,YOGEWADI,4.174714325141032,2,area_weighted,
2022-07-10,MAHARASHTRA,Sangli,4558,VALVA-ISLAMPUR,188911,AITAWADE B.K,8.40956974029541,1,direct_grid,
2022-07-10,MAHARASHTRA,Sangli,4558,VALVA-ISLAMPUR,188912,AITAWADE K.H,5.271237373352051,1,direct_grid,
2022-07-10,MAHARASHTRA,Sangli,4558,VALVA-ISLAMPUR,188913,BAGANI,4.249078750610352,1,direct_grid,
2022-07-10,MAHARASHTRA,Sangli,4558,VALVA-ISLAMPUR,188919,BAHADURWADI,4.676031993280985,2,area_weighted,
2022-07-10,MAHARASHTRA,Sangli,4558,VALVA-ISLAMPUR,188914,BAHE,6.6759138107299805,1,direct_grid,
2022-07-10,MAHARASHTRA,Sangli,4558,VALVA-ISLAMPUR,188915,BANEWADI,6.538209438323975,1,area_weighted,
2022-07-10,MAHARASHTRA,Sangli,4558,VALVA-ISLAMPUR,188916,BAVACHI,5.4932637214660645,1,direct_grid,
2022-07-10,MAHARASHTRA,Sangli,4558,VALVA-ISLAMPUR,188918,BHADKIMBE,4.99527573181218,4,area_weighted,
2022-07-10,MAHARASHTRA,Sangli,4558,VALVA-ISLAMPUR,188920,BHARATWADI,4.5074381828308105,1,area_weighted,
2022-07-10,MAHARASHTRA,Sangli,4558,VALVA-ISLAMPUR,188921,BHATWADI,12.120902211448769,4,area_weighted,
2022-07-10,MAHARASHTRA,Sangli,4558,VALVA-ISLAMPUR,188924,BORGAON,6.590766519877469,4,area_weighted,
2022-07-10,MAHARASHTRA,Sangli,4558,VALVA-ISLAMPUR,188925,CHIKURDE,7.067982196807861,1,direct_grid,
2022-07-10,MAHARASHTRA,Sangli,4558,VALVA-ISLAMPUR,188926,DEVARDE,7.067982196807861,1,area_weighted,
2022-07-10,MAHARASHTRA,Sangli,4558,VALVA-ISLAMPUR,188927,DHAGEWADI,9.681839056020165,3,area_weighted,
2022-07-10,MAHARASHTRA,Sangli,4558,VALVA-ISLAMPUR,188928,DHAVALI,4.375960826873779,1,direct_grid,
2022-07-10,MAHARASHTRA,Sangli,4558,VALVA-ISLAMPUR,188929,DHOTREWADI,9.630660057067871,1,area_weighted,
2022-07-10,MAHARASHTRA,Sangli,4558,VALVA-ISLAMPUR,188930,DONGARWADI,9.568994092039098,4,area_weighted,
2022-07-10,MAHARASHTRA,Sangli,4558,VALVA-ISLAMPUR,188932,FARNEWADI B,6.6759138107299805,1,area_weighted,
2022-07-10,MAHARASHTRA,Sangli,4558,VALVA-ISLAMPUR,188933,GATADWADI,6.949399644259057,2,area_weighted,
2022-07-10,MAHARASHTRA,Sangli,4558,VALVA-ISLAMPUR,188936,GAUNDWADI,6.538209438323975,1,area_weighted,
2022-07-10,MAHARASHTRA,Sangli,4558,VALVA-ISLAMPUR,188934,GHABAKWADI,9.651543617248535,1,area_weighted,
2022-07-10,MAHARASHTRA,Sangli,4558,VALVA-ISLAMPUR,188935,GOTHKHINDI,6.068532107830675,4,area_weighted,
2022-07-10,MAHARASHTRA,Sangli,4558,VALVA-ISLAMPUR,188937,HUBALWADI,6.947415264690573,2,area_weighted,
2022-07-10,MAHARASHTRA,Sangli,4558,VALVA-ISLAMPUR,188938,ITKARE,6.751875690834154,3,area_weighted,
2022-07-10,MAHARASHTRA,Sangli,4558,VALVA-ISLAMPUR,188939,JAKRAIWADI,9.643385004209454,3,area_weighted,
2022-07-10,MAHARASHTRA,Sangli,4558,VALVA-ISLAMPUR,188941,JUNEKHED,6.550766742208108,2,area_weighted,
2022-07-10,MAHARASHTRA,Sangli,4558,VALVA-ISLAMPUR,188942,KAKACHIWADI,4.323049915683502,2,area_weighted,
2022-07-10,MAHARASHTRA,Sangli,4558,VALVA-ISLAMPUR,188943,KALAMWADI,9.630660057067871,1,direct_grid,
2022-07-10,MAHARASHTRA,Sangli,4558,VALVA-ISLAMPUR,188944,KAMERI,7.905066967010498,1,direct_grid,
2022-07-10,MAHARASHTRA,Sangli,4558,VALVA-ISLAMPUR,188945,KANEGAON,4.5074381828308105,1,direct_grid,
2022-07-10,MAHARASHTRA,Sangli,4558,VALVA-ISLAMPUR,188946,KAPUSKHED,7.594193785716869,2,area_weighted,
2022-07-10,MAHARASHTRA,Sangli,4558,VALVA-ISLAMPUR,188948,KARANDWADI,5.1477179527282715,1,direct_grid,
2022-07-10,MAHARASHTRA,Sangli,4558,VALVA-ISLAMPUR,188947,KARANJAWADE,8.380286171954554,2,area_weighted,
2022-07-10,MAHARASHTRA,Sangli,4558,VALVA-ISLAMPUR,188949,KARVE,10.325877502520065,4,area_weighted,
2022-07-10,MAHARASHTRA,Sangli,4558,VALVA-ISLAMPUR,188950,KASEGAON,11.08756551604559,2,area_weighted,
2022-07-10,MAHARASHTRA,Sangli,4558,VALVA-ISLAMPUR,188951,KEDARWADI,9.630660057067871,1,area_weighted,
2022-07-10,MAHARASHTRA,Sangli,4558,VALVA-ISLAMPUR,188952,KHARATWADI,6.6759138107299805,1,area_weighted,
2022-07-10,MAHARASHTRA,Sangli,4558,VALVA-ISLAMPUR,188955,KOREGAON,4.395473272289205,2,area_weighted,
2022-07-10,MAHARASHTRA,Sangli,4558,VALVA-ISLAMPUR,188956,KUNDALWADI,5.36317518854902,3,area_weighted,
2022-07-10,MAHARASHTRA,Sangli,4558,VALVA-ISLAMPUR,188957,KURLAP,6.41042922534333,3,area_weighted,
2022-07-10,MAHARASHTRA,Sangli,4558,VALVA-ISLAMPUR,188958,LADEGAON,8.121502189538468,4,area_weighted,
2022-07-10,MAHARASHTRA,Sangli,4558,VALVA-ISLAMPUR,188960,MAHADEVWADI,9.651543617248535,1,area_weighted,
2022-07-10,MAHARASHTRA,Sangli,4558,VALVA-ISLAMPUR,188961,MALEWADI,5.644956111907959,1,direct_grid,
2022-07-10,MAHARASHTRA,Sangli,4558,VALVA-ISLAMPUR,188962,MANIKWADI,9.649425659900936,2,area_weighted,
2022-07-10,MAHARASHTRA,Sangli,4558,VALVA-ISLAMPUR,188963,MARALNATHPUR,9.915593147277832,1,direct_grid,
2022-07-10,MAHARASHTRA,Sangli,4558,VALVA-ISLAMPUR,188964,MARDWADI,5.6332091164705105,2,area_weighted,
2022-07-10,MAHARASHTRA,Sangli,4558,VALVA-ISLAMPUR,188965,MASUCHIWADI,6.538209438323975,1,direct_grid,
2022-07-10,MAHARASHTRA,Sangli,4558,VALVA-ISLAMPUR,188966,MIRAJWADI,5.1477179527282715,1,area_weighted,
2022-07-10,MAHARASHTRA,Sangli,4558,VALVA-ISLAMPUR,188967,NAGAON,4.62660305948188,2,area_weighted,
2022-07-10,MAHARASHTRA,Sangli,4558,VALVA-ISLAMPUR,188968,NARSINHPUR,7.570623397827148,1,area_weighted,
2022-07-10,MAHARASHTRA,Sangli,4558,VALVA-ISLAMPUR,188970,NAYKALWADI,9.651543617248535,1,direct_grid,
2022-07-10,MAHARASHTRA,Sangli,4558,VALVA-ISLAMPUR,188971,NERLE,7.570623397827148,1,direct_grid,
2022-07-10,MAHARASHTRA,Sangli,4558,VALVA-ISLAMPUR,188972,OZARDE,10.313820833875747,4,area_weighted,
2022-07-10,MAHARASHTRA,Sangli,4558,VALVA-ISLAMPUR,188973,PADAWALWADI,6.820361137390137,1,area_weighted,
2022-07-10,MAHARASHTRA,Sangli,4558,VALVA-ISLAMPUR,188974,PETH,8.212148175862652,2,area_weighted,
2022-07-10,MAHARASHTRA,Sangli,4558,VALVA-ISLAMPUR,188975,PHALKEWADI,4.802427907810749,4,area_weighted,
2022-07-10,MAHARASHTRA,Sangli,4558,VALVA-ISLAMPUR,188976,PHARNEWADI,4.375960826873779,1,area_weighted,
2022-07-10,MAHARASHTRA,Sangli,4558,VALVA-ISLAMPUR,188977,POKHARNI,5.4932637214660645,1,area_weighted,
2022-07-10,MAHARASHTRA,Sangli,4558,VALVA-ISLAMPUR,188978,RETHARE DHARAAN,10.24223719984143,6,area_weighted,
2022-07-10,MAHARASHTRA,Sangli,4558,VALVA-ISLAMPUR,188979,RETHRE HARNAKSH,6.649409284989929,2,area_weighted,
2022-07-10,MAHARASHTRA,Sangli,4558,VALVA-ISLAMPUR,188980,ROZAWADI,4.315336291509174,2,area_weighted,
2022-07-10,MAHARASHTRA,Sangli,4558,VALVA-ISLAMPUR,188981,SAKHARALE,6.951739001230575,4,area_weighted,
2022-07-10,MAHARASHTRA,Sangli,4558,VALVA-ISLAMPUR,188982,SATAPEWADI,6.538209438323975,1,area_weighted,
2022-07-10,MAHARASHTRA,Sangli,4558,VALVA-ISLAMPUR,188984,SHEKHARWADI,8.417172891487462,2,area_weighted,
2022-07-10,MAHARASHTRA,Sangli,4558,VALVA-ISLAMPUR,188983,SHENE,9.982751179334537,2,area_weighted,
2022-07-10,MAHARASHTRA,Sangli,4558,VALVA-ISLAMPUR,188985,SHIGAON,4.009996495532111,2,area_weighted,
2022-07-10,MAHARASHTRA,Sangli,4558,VALVA-ISLAMPUR,188987,SHIRATE,6.952595512373017,2,area_weighted,
2022-07-10,MAHARASHTRA,Sangli,4558,VALVA-ISLAMPUR,188986,SHIRGAON,6.415569936500782,2,area_weighted,
2022-07-10,MAHARASHTRA,Sangli,4558,VALVA-ISLAMPUR,188988,SHIVPURI,8.292514997318056,2,area_weighted,
2022-07-10,MAHARASHTRA,Sangli,4558,VALVA-ISLAMPUR,188989,SURUL,13.580477379375923,2,area_weighted,
2022-07-10,MAHARASHTRA,Sangli,4558,VALVA-ISLAMPUR,188990,TAKARI,6.538209438323975,1,area_weighted,
2022-07-10,MAHARASHTRA,Sangli,4558,VALVA-ISLAMPUR,188991,TAMBAVE,7.573168866825277,2,area_weighted,
2022-07-10,MAHARASHTRA,Sangli,4558,VALVA-ISLAMPUR,188992,TANDULWADI,5.010735299689472,2,area_weighted,
2022-07-10,MAHARASHTRA,Sangli,4558,VALVA-ISLAMPUR,188993,THANAPUDE,9.992872775222772,3,area_weighted,
2022-07-10,MAHARASHTRA,Sangli,4558,VALVA-ISLAMPUR,188994,TUJARPUR,6.996518135070801,1,direct_grid,
2022-07-10,MAHARASHTRA,Sangli,4558,VALVA-ISLAMPUR,188749,TUPARI,6.538209438323975,1,area_weighted,
2022-07-10,MAHARASHTRA,Sangli,4558,VALVA-ISLAMPUR,188998,VASHI,6.937531000121226,2,area_weighted,
2022-07-10,MAHARASHTRA,Sangli,4558,VALVA-ISLAMPUR,188999,VATEGAON,13.955780982971191,1,direct_grid,
2022-07-10,MAHARASHTRA,Sangli,4558,VALVA-ISLAMPUR,188996,WAGHWADI,7.773412681652441,2,area_weighted,
2022-07-10,MAHARASHTRA,Sangli,4558,VALVA-ISLAMPUR,188997,WALWA,6.688236236572266,2,direct_grid,
2022-07-10,MAHARASHTRA,Sangli,4558,VALVA-ISLAMPUR,189002,YEDE NIPANI,6.463520196265988,4,area_weighted,
2022-07-10,MAHARASHTRA,Sangli,4558,VALVA-ISLAMPUR,189003,YELUR,6.503334045410156,1,direct_grid,
2022-07-10,MAHARASHTRA,Sangli,4558,VALVA-ISLAMPUR,189000,YEWALEWADI,9.481487586227717,2,area_weighted,
2022-07-10,MAHARASHTRA,Satara,4560,KARAD,189241,KASARSHIRAMBE,13.955780982971191,1,area_weighted,
2022-07-10,MAHARASHTRA,Sindhudurg,4571,DODAMARG,236924,AINODE,5.500290393829346,1,direct_grid,
2022-07-10,MAHARASHTRA,Sindhudurg,4571,DODAMARG,258059,BODAN,6.541193962097168,1,area_weighted,
2022-07-10,MAHARASHTRA,Sindhudurg,4571,DODAMARG,190546,MANGELI,6.541193962097168,1,area_weighted,
2022-07-10,MAHARASHTRA,Sindhudurg,4571,DODAMARG,263885,PATYE PUNARVASAN SASOLI KHURD,6.128231619012997,2,area_weighted,
2022-07-10,MAHARASHTRA,Sindhudurg,4571,DODAMARG,190556,TERVAN-MEDHE,3.5642871776618104,3,area_weighted,
2022-07-10,MAHARASHTRA,Sindhudurg,4571,DODAMARG,190561,ZARE - 2,6.1187005043029785,1,direct_grid,
2022-07-10,TAMIL NADU,Krishnagiri,6206,HOSUR,224820,Baliganapalli,1.0112010996231338,2,area_weighted,
2022-07-10,TELANGANA,Jogulamba Gadwal,5206,ALAMPUR,204807,BASWAPUR,4.108880320637516,3,area_weighted,
2022-07-10,TELANGANA,Jogulamba Gadwal,5206,ALAMPUR,204808,BHAIRAPUR,4.4232378005981445,1,direct_grid,
2022-07-10,TELANGANA,Jogulamba Gadwal,5206,ALAMPUR,204809,BHEEMAWARAM,4.6805858991986655,2,area_weighted,
2022-07-10,TELANGANA,Jogulamba Gadwal,5206,ALAMPUR,204810,BUKKAPUR,4.36988974350126,6,area_weighted,
2022-07-10,TELANGANA,Jogulamba Gadwal,5206,ALAMPUR,278539,Bairampalle,4.1542744636535645,1,direct_grid,
2022-07-10,TELANGANA,Jogulamba Gadwal,5206,ALAMPUR,204811,GUNDIMALLA,4.25220925441516,4,area_weighted,
2022-07-10,TELANGANA,Jogulamba Gadwal,5206,ALAMPUR,278537,Jillellapadu,3.9649699782556036,2,area_weighted,
2022-07-10,TELANGANA,Jogulamba Gadwal,5206,ALAMPUR,204813,KASIPUR,3.880225896835327,1,direct_grid,
2022-07-10,TELANGANA,Jogulamba Gadwal,5206,ALAMPUR,204814,KONAIR,4.34419059753418,1,direct_grid,
2022-07-10,TELANGANA,Jogulamba Gadwal,5206,ALAMPUR,204815,KYATHUR,4.678837060928345,2,direct_grid,
2022-07-10,TELANGANA,Jogulamba Gadwal,5206,ALAMPUR,204816,LINGANVAI,4.4981272072335665,4,area_weighted,
2022-07-10,TELANGANA,Jogulamba Gadwal,5206,ALAMPUR,204819,RYALAMPAD,3.553384368594396,3,area_weighted,
2022-07-10,TELANGANA,Jogulamba Gadwal,5206,ALAMPUR,204821,SINGAVARAM - 1,3.8470056857644046,4,area_weighted,
2022-07-10,TELANGANA,Jogulamba Gadwal,5206,ALAMPUR,278540,SINGAVARAM - 2,4.238940843499325,4,area_weighted,
2022-07-10,TELANGANA,Jogulamba Gadwal,5206,ALAMPUR,204822,SULTANPUR,3.8069242118244326,4,area_weighted,
2022-07-10,TELANGANA,Jogulamba Gadwal,5206,ALAMPUR,204823,THAKKASILA,4.121787140528224,8,area_weighted,
2022-07-10,TELANGANA,Jogulamba Gadwal,5206,ALAMPUR,204824,UTKOOR,4.557439804077148,1,direct_grid,
2022-07-10,TELANGANA,Jogulamba Gadwal,5219,DHARUR,205072,ALWALPAD,22.46680390485734,2,area_weighted,
2022-07-10,TELANGANA,Jogulamba Gadwal,5219,DHARUR,205073,BUREDDYPALLY,19.892740577645597,4,area_weighted,
2022-07-10,TELANGANA,Jogulamba Gadwal,5219,DHARUR,278568,Bheempuram,19.209115982055664,1,direct_grid,
2022-07-10,TELANGANA,Jogulamba Gadwal,5219,DHARUR,278548,Chinnipahad,19.74308811254937,4,area_weighted,
2022-07-10,TELANGANA,Jogulamba Gadwal,5219,DHARUR,205076,DYAGADODDY,20.22067642211914,2,direct_grid,
2022-07-10,TELANGANA,Jogulamba Gadwal,5219,DHARUR,278550,Dornala,22.102333068847656,1,direct_grid,
2022-07-10,TELANGANA,Jogulamba Gadwal,5219,DHARUR,205079,GARLAPAD,20.00422211839009,4,area_weighted,
2022-07-10,TELANGANA,Jogulamba Gadwal,5219,DHARUR,205085,KOTHAPALEM,21.6362920835674,4,area_weighted,
2022-07-10,TELANGANA,Jogulamba Gadwal,5219,DHARUR,205086,KOTHULAGIDDA,21.39656419324077,4,area_weighted,
2022-07-10,TELANGANA,Jogulamba Gadwal,5219,DHARUR,205087,MANAPUR,20.207361221313477,1,direct_grid,
2022-07-10,TELANGANA,Jogulamba Gadwal,5219,DHARUR,205088,MARLABEEDU,20.009477115579095,2,area_weighted,
2022-07-10,TELANGANA,Jogulamba Gadwal,5219,DHARUR,205089,NEELAHALLI,21.28972396562734,2,area_weighted,
2022-07-10,TELANGANA,Jogulamba Gadwal,5219,DHARUR,205090,NETTEMPAD,21.70781898498535,1,direct_grid,
2022-07-10,TELANGANA,Jogulamba Gadwal,5219,DHARUR,278562,Nagardoddi,20.716923602154285,4,area_weighted,
2022-07-10,TELANGANA,Jogulamba Gadwal,5219,DHARUR,278545,Obulavanipalle,19.836668014526367,1,direct_grid,
2022-07-10,TELANGANA,Jogulamba Gadwal,5222,GADWAL,205144,ANANTHAPUR,15.065154075622559,1,direct_grid,
2022-07-10,TELANGANA,Jogulamba Gadwal,5222,GADWAL,205145,ATMAKUR,18.08604093276503,5,area_weighted,
2022-07-10,TELANGANA,Jogulamba Gadwal,5222,GADWAL,205147,BEEROLE,16.45366859436035,1,direct_grid,
2022-07-10,TELANGANA,Jogulamba Gadwal,5222,GADWAL,278655,Basapur,16.40305975547556,3,area_weighted,
2022-07-10,TELANGANA,Jogulamba Gadwal,5222,GADWAL,278651,Erawalle,14.963845252990723,2,direct_grid,
2022-07-10,TELANGANA,Jogulamba Gadwal,5222,GADWAL,205150,GONPAD,18.037206649780273,1,direct_grid,
2022-07-10,TELANGANA,Jogulamba Gadwal,5222,GADWAL,205151,GUNTIPALLY,17.414695739746094,1,direct_grid,
2022-07-10,TELANGANA,Jogulamba Gadwal,5222,GADWAL,205152,GURRAMGADDA,16.40074310167225,2,area_weighted,
2022-07-10,TELANGANA,Jogulamba Gadwal,5222,GADWAL,278654,Jilladabanda,17.134142168639638,3,area_weighted,
2022-07-10,TELANGANA,Jogulamba Gadwal,5222,GADWAL,205154,KAKULAVARAM,16.652734789132815,2,area_weighted,
2022-07-10,TELANGANA,Jogulamba Gadwal,5222,GADWAL,205156,KOTHAPALLY,18.475996578063057,2,area_weighted,
2022-07-10,TELANGANA,Jogulamba Gadwal,5222,GADWAL,205159,MAILACHERUVU,16.922408166345328,2,area_weighted,
2022-07-10,TELANGANA,Jogulamba Gadwal,5222,GADWAL,205160,MOLKALPALLY,18.812965393066406,1,direct_grid,
2022-07-10,TELANGANA,Jogulamba Gadwal,5222,GADWAL,278650,Nalladevunipalle,16.92252254486084,2,direct_grid,
2022-07-10,TELANGANA,Jogulamba Gadwal,5222,GADWAL,205165,SANGALA,17.596087001837592,4,area_weighted,
2022-07-10,TELANGANA,Jogulamba Gadwal,5224,GHATTU,205187,ALOOR,20.208999787276124,6,area_weighted,
2022-07-10,TELANGANA,Jogulamba Gadwal,5224,GHATTU,205188,ARAGIDDA,17.77483866401638,4,area_weighted,
2022-07-10,TELANGANA,Jogulamba Gadwal,5224,GHATTU,278605,Ananthampalle,16.920019149780273,1,direct_grid,
2022-07-10,TELANGANA,Jogulamba Gadwal,5224,GHATTU,205189,BALGERA,18.380724121903807,4,area_weighted,
2022-07-10,TELANGANA,Jogulamba Gadwal,5224,GHATTU,205190,BOYALAGUDEM,15.28591251373291,1,direct_grid,
2022-07-10,TELANGANA,Jogulamba Gadwal,5224,GHATTU,278613,Baswapur,20.934097290039062,1,direct_grid,
2022-07-10,TELANGANA,Jogulamba Gadwal,5224,GHATTU,278611,Chamankhandoddi,17.55131410375464,3,area_weighted,
2022-07-10,TELANGANA,Jogulamba Gadwal,5224,GHATTU,205195,GORLAKHANDODDI,17.513334274291992,1,direct_grid,
2022-07-10,TELANGANA,Jogulamba Gadwal,5224,GHATTU,278609,Gangimanidoddi,19.05622223492659,4,area_weighted,
2022-07-10,TELANGANA,Jogulamba Gadwal,5224,GHATTU,205196,INDUVASI,17.751110076904297,1,direct_grid,
2022-07-10,TELANGANA,Jogulamba Gadwal,5224,GHATTU,205200,MACHERLA,18.520427703857422,1,direct_grid,
2022-07-10,TELANGANA,Jogulamba Gadwal,5224,GHATTU,205201,MALLAMPALLY,19.711414337158203,1,direct_grid,
2022-07-10,TELANGANA,Jogulamba Gadwal,5224,GHATTU,205203,MITTADODDI,16.175539016723633,1,direct_grid,
2022-07-10,TELANGANA,Jogulamba Gadwal,5224,GHATTU,205205,PENCHIKALPAHAD,19.014299392700195,1,direct_grid,
2022-07-10,TELANGANA,Jogulamba Gadwal,5224,GHATTU,205206,RAYAPURAM,20.246564865112305,1,direct_grid,
2022-07-10,TELANGANA,Jogulamba Gadwal,5224,GHATTU,205207,THAPPETLAMORSU,17.371015832939467,3,area_weighted,
2022-07-10,TELANGANA,Jogulamba Gadwal,5224,GHATTU,205210,YELLAMDODDI,19.055301971642383,4,area_weighted,
2022-07-10,TELANGANA,Jogulamba Gadwal,5205,IEEJA,204787,BHOOMPUR,14.22485876083374,2,direct_grid,
2022-07-10,TELANGANA,Jogulamba Gadwal,5205,IEEJA,204788,BINGIDODDY,15.714507102966309,1,direct_grid,
2022-07-10,TELANGANA,Jogulamba Gadwal,5205,IEEJA,278516,Boyinipalle,13.470782389441158,4,area_weighted,
2022-07-10,TELANGANA,Jogulamba Gadwal,5205,IEEJA,204789,CHINNATANDRAPAD,13.312116622924805,1,direct_grid,
2022-07-10,TELANGANA,Jogulamba Gadwal,5205,IEEJA,204790,EKLASPUR,15.913498238641061,4,area_weighted,
2022-07-10,TELANGANA,Jogulamba Gadwal,5205,IEEJA,278526,Edigampally,14.927244999136782,4,area_weighted,
2022-07-10,TELANGANA,Jogulamba Gadwal,5205,IEEJA,204791,GUDIDODI,14.62519645690918,1,direct_grid,
2022-07-10,TELANGANA,Jogulamba Gadwal,5205,IEEJA,204793,JADADODDY,14.570400666766222,3,area_weighted,
2022-07-10,TELANGANA,Jogulamba Gadwal,5205,IEEJA,204794,KESAVARAM,12.67870935525231,4,area_weighted,
2022-07-10,TELANGANA,Jogulamba Gadwal,5205,IEEJA,204795,KUTKANOOR,13.979319996395716,4,area_weighted,
2022-07-10,TELANGANA,Jogulamba Gadwal,5205,IEEJA,278514,Kistapur,14.320960879593194,3,area_weighted,
2022-07-10,TELANGANA,Jogulamba Gadwal,5205,IEEJA,278520,Kothapalle,13.99226188659668,1,direct_grid,
2022-07-10,TELANGANA,Jogulamba Gadwal,5205,IEEJA,278522,Mugonipalle,15.155581134538519,6,area_weighted,
2022-07-10,TELANGANA,Jogulamba Gadwal,5205,IEEJA,204800,THOOMKUNTA,15.06328011482872,4,area_weighted,
2022-07-10,TELANGANA,Jogulamba Gadwal,5205,IEEJA,204801,UPPAL,13.08003044128418,1,direct_grid,
2022-07-10,TELANGANA,Jogulamba Gadwal,5227,ITIKYAL,205248,BATLADINNE,10.557141988379867,2,area_weighted,
2022-07-10,TELANGANA,Jogulamba Gadwal,5227,ITIKYAL,205249,BEECHUPALLY,14.34050178527832,1,direct_grid,
2022-07-10,TELANGANA,Jogulamba Gadwal,5227,ITIKYAL,278675,Bochuveerapur,11.195947647094727,1,direct_grid,
2022-07-10,TELANGANA,Jogulamba Gadwal,5227,ITIKYAL,205250,CHAGAPOOR,11.74156665802002,1,direct_grid,
2022-07-10,TELANGANA,Jogulamba Gadwal,5227,ITIKYAL,205251,DARMAVARAM,8.650350570678711,1,direct_grid,
2022-07-10,TELANGANA,Jogulamba Gadwal,5227,ITIKYAL,205252,GOPALDINNE,14.514853330762866,4,area_weighted,
2022-07-10,TELANGANA,Jogulamba Gadwal,5227,ITIKYAL,205253,ITIKYAL,12.952971164527952,3,area_weighted,
2022-07-10,TELANGANA,Jogulamba Gadwal,5227,ITIKYAL,278672,Jinkalapalle,13.936301608064221,4,area_weighted,
2022-07-10,TELANGANA,Jogulamba Gadwal,5227,ITIKYAL,205254,KODANDAPURAM,10.250515937805176,1,direct_grid,
2022-07-10,TELANGANA,Jogulamba Gadwal,5227,ITIKYAL,205256,MUNAGALA,12.59610672081425,2,area_weighted,
2022-07-10,TELANGANA,Jogulamba Gadwal,5227,ITIKYAL,278671,Mogilravalcheruvu,14.754060425069488,2,area_weighted,
2022-07-10,TELANGANA,Jogulamba Gadwal,5227,ITIKYAL,205258,PEDDADINNE,13.43103313446045,1,direct_grid,
2022-07-10,TELANGANA,Jogulamba Gadwal,5227,ITIKYAL,205259,PUTANDODDY,12.307990074157715,1,direct_grid,
2022-07-10,TELANGANA,Jogulamba Gadwal,5227,ITIKYAL,205260,RAJASRI GARLAPAD,9.455049665804752,4,area_weighted,
2022-07-10,TELANGANA,Jogulamba Gadwal,5227,ITIKYAL,205261,SASANOOL,12.080505542254084,4,area_weighted,
2022-07-10,TELANGANA,Jogulamba Gadwal,5227,ITIKYAL,205262,SATERLA,14.347861035854809,2,area_weighted,
2022-07-10,TELANGANA,Jogulamba Gadwal,5227,ITIKYAL,278677,Senigapalle,13.23701000213623,1,direct_grid,
2022-07-10,TELANGANA,Jogulamba Gadwal,5227,ITIKYAL,205266,UDANDAPURAM,13.636118849059486,2,area_weighted,
2022-07-10,TELANGANA,Jogulamba Gadwal,5227,ITIKYAL,205267,VALLUR,8.088347434997559,1,direct_grid,
2022-07-10,TELANGANA,Jogulamba Gadwal,5227,ITIKYAL,205268,VAVILALA,14.118117057578974,4,area_weighted,
2022-07-10,TELANGANA,Jogulamba Gadwal,7286,Kaloor Thimmandoddi,205192,CHINTALAKUNTA,20.870267409023405,3,area_weighted,
2022-07-10,TELANGANA,Jogulamba Gadwal,7286,Kaloor Thimmandoddi,205077,EARLABANDA,22.95319472117185,4,area_weighted,
2022-07-10,TELANGANA,Jogulamba Gadwal,7286,Kaloor Thimmandoddi,205078,GANGANPALLY,23.596303939819336,1,direct_grid,
2022-07-10,TELANGANA,Jogulamba Gadwal,7286,Kaloor Thimmandoddi,205081,GUVVALADINNE,26.49569070264961,4,area_weighted,
2022-07-10,TELANGANA,Jogulamba Gadwal,7286,Kaloor Thimmandoddi,205082,IRKICHED,26.55937385559082,2,direct_grid,
2022-07-10,TELANGANA,Jogulamba Gadwal,7286,Kaloor Thimmandoddi,205197,KALOORTHIMMANDODDI,22.429859161376953,1,direct_grid,
2022-07-10,TELANGANA,Jogulamba Gadwal,7286,Kaloor Thimmandoddi,205084,KONDAPUR,25.246938994849522,2,area_weighted,
2022-07-10,TELANGANA,Jogulamba Gadwal,7286,Kaloor Thimmandoddi,205198,KUCHINERLA,21.76601219177246,1,direct_grid,
2022-07-10,TELANGANA,Jogulamba Gadwal,7286,Kaloor Thimmandoddi,278589,Mailagadda,22.063026571100956,4,area_weighted,
2022-07-10,TELANGANA,Jogulamba Gadwal,7286,Kaloor Thimmandoddi,205204,NANDINNE,24.265745162963867,1,direct_grid,
2022-07-10,TELANGANA,Jogulamba Gadwal,7286,Kaloor Thimmandoddi,205091,PAGUNTA,23.314907395083026,3,area_weighted,
2022-07-10,TELANGANA,Jogulamba Gadwal,7286,Kaloor Thimmandoddi,205093,PATHAPALEM,23.183363524716732,3,area_weighted,
2022-07-10,TELANGANA,Jogulamba Gadwal,7286,Kaloor Thimmandoddi,205097,VENKATAPUR,25.38795074765653,2,area_weighted,
2022-07-10,TELANGANA,Jogulamba Gadwal,5245,MALDAKAL,205633,ADIVIRAVALCHERU,17.332668107549804,2,area_weighted,
2022-07-10,TELANGANA,Jogulamba Gadwal,5245,MALDAKAL,205635,BIJJAWAR,18.431055068969727,1,direct_grid,
2022-07-10,TELANGANA,Jogulamba Gadwal,5245,MALDAKAL,278668,Cherlagarlapadu,16.06395604409591,4,area_weighted,
2022-07-10,TELANGANA,Jogulamba Gadwal,5245,MALDAKAL,205634,D.AMARAVAI,16.009836196899414,1,direct_grid,
2022-07-10,TELANGANA,Jogulamba Gadwal,5245,MALDAKAL,205636,KURTHIRAVALCHERVU,16.070293426513672,1,direct_grid,
2022-07-10,TELANGANA,Jogulamba Gadwal,5245,MALDAKAL,205637,MADDELABANDA,18.14476203918457,1,direct_grid,
2022-07-10,TELANGANA,Jogulamba Gadwal,5245,MALDAKAL,205638,MALDAKAL,16.751061300386617,4,area_weighted,
2022-07-10,TELANGANA,Jogulamba Gadwal,5245,MALDAKAL,205639,MALLAMDODDI,15.05118987795889,4,area_weighted,
2022-07-10,TELANGANA,Jogulamba Gadwal,5245,MALDAKAL,205640,NAGARDODDI,15.306041602542603,3,area_weighted,
2022-07-10,TELANGANA,Jogulamba Gadwal,5245,MALDAKAL,205642,NEETHUVANIPALLY,17.665449423699403,3,area_weighted,
2022-07-10,TELANGANA,Jogulamba Gadwal,5245,MALDAKAL,205643,PALWAI,15.656558323766156,6,area_weighted,
2022-07-10,TELANGANA,Jogulamba Gadwal,5245,MALDAKAL,205644,PEDDADODDI,16.411713304723552,2,area_weighted,
2022-07-10,TELANGANA,Jogulamba Gadwal,5245,MALDAKAL,205646,SADDALONPALLY,17.092952728271484,1,direct_grid,
2022-07-10,TELANGANA,Jogulamba Gadwal,5245,MALDAKAL,205647,THATIKUNTA,16.86171531677246,1,direct_grid,
2022-07-10,TELANGANA,Jogulamba Gadwal,5245,MALDAKAL,205648,ULIGAPALLY,17.54706158409691,2,area_weighted,
2022-07-10,TELANGANA,Jogulamba Gadwal,5245,MALDAKAL,205649,VITTALAPURAM,14.93570327758789,1,direct_grid,
2022-07-10,TELANGANA,Jogulamba Gadwal,5245,MALDAKAL,205650,YELKUR,15.431242942810059,1,direct_grid,
2022-07-10,TELANGANA,Jogulamba Gadwal,5246,MANOPADU,205651,A.BURDIPAD,7.674560070037842,1,area_weighted,
2022-07-10,TELANGANA,Jogulamba Gadwal,5246,MANOPADU,205652,AMARAVAI,6.897982301561932,4,area_weighted,
2022-07-10,TELANGANA,Jogulamba Gadwal,5246,MANOPADU,205654,BORAVELLY,6.905417646212112,4,area_weighted,
2022-07-10,TELANGANA,Jogulamba Gadwal,5246,MANOPADU,205656,CHENNIPAD,5.978572845458984,1,direct_grid,
2022-07-10,TELANGANA,Jogulamba Gadwal,5246,MANOPADU,205658,CHINNA POTHULAPADU,3.999041224848348,4,area_weighted,
2022-07-10,TELANGANA,Jogulamba Gadwal,5246,MANOPADU,205659,GOKULAPAD,5.978572845458984,1,area_weighted,
2022-07-10,TELANGANA,Jogulamba Gadwal,5246,MANOPADU,205661,JALLAPUR,3.5308871269226074,1,direct_grid,
2022-07-10,TELANGANA,Jogulamba Gadwal,5246,MANOPADU,205663,KALKUNTLA,7.674560070037842,1,direct_grid,
2022-07-10,TELANGANA,Jogulamba Gadwal,5246,MANOPADU,205665,KORVIPAD,6.365167724548362,4,area_weighted,
2022-07-10,TELANGANA,Jogulamba Gadwal,5246,MANOPADU,205666,MADDUR,7.432475325890313,4,area_weighted,
2022-07-10,TELANGANA,Jogulamba Gadwal,5246,MANOPADU,205667,MANOPAD,6.017274856567383,1,direct_grid,
2022-07-10,TELANGANA,Jogulamba Gadwal,5246,MANOPADU,205669,NARAYANAPOOR,7.0710845794824415,2,area_weighted,
2022-07-10,TELANGANA,Jogulamba Gadwal,5246,MANOPADU,205670,PALLEPAD,6.754024982452393,1,direct_grid,
2022-07-10,TELANGANA,Jogulamba Gadwal,5246,MANOPADU,205671,PEDDA AMUDYALAPAD,7.630741789575534,3,area_weighted,
2022-07-10,TELANGANA,Jogulamba Gadwal,5246,MANOPADU,205672,PEDDAPOTHULAPAD,3.975680351257324,1,direct_grid,
2022-07-10,TELANGANA,Jogulamba Gadwal,7211,Rajoli,206045,CHINNADHANWADA,11.702240943908691,1,direct_grid,
2022-07-10,TELANGANA,Jogulamba Gadwal,7211,Rajoli,206050,MANDODDI,12.407489841432906,2,area_weighted,
2022-07-10,TELANGANA,Jogulamba Gadwal,7211,Rajoli,206051,MUNDLADINNE,10.3579668285752,2,area_weighted,
2022-07-10,TELANGANA,Jogulamba Gadwal,7211,Rajoli,206053,PACHERLA,12.632346582853735,4,area_weighted,
2022-07-10,TELANGANA,Jogulamba Gadwal,7211,Rajoli,206055,PEDDA THANDRAPAD,12.364093470656982,4,area_weighted,
2022-07-10,TELANGANA,Jogulamba Gadwal,7211,Rajoli,206056,PEDDADHANWADA,11.969155311584473,1,direct_grid,
2022-07-10,TELANGANA,Jogulamba Gadwal,7211,Rajoli,278682,Padamati Garlapadu,10.015291666374347,2,area_weighted,
2022-07-10,TELANGANA,Jogulamba Gadwal,7211,Rajoli,206057,RAJOLI,9.894500732421875,1,direct_grid,
2022-07-10,TELANGANA,Jogulamba Gadwal,7211,Rajoli,206061,THUMMILLA,11.819558143615723,1,direct_grid,
2022-07-10,TELANGANA,Jogulamba Gadwal,7211,Rajoli,206059,TURPU GARLAPADU,8.424003601074219,1,direct_grid,
2022-07-10,TELANGANA,Jogulamba Gadwal,7211,Rajoli,204803,VENISOMPUR,11.99470905434903,2,area_weighted,
2022-07-10,TELANGANA,Jogulamba Gadwal,7285,Undavelly,205653,BONKUR,5.77540755880426,2,area_weighted,
2022-07-10,TELANGANA,Jogulamba Gadwal,7285,Undavelly,205657,CHINNA AMUDYALAPADU,4.532586097717285,1,direct_grid,
2022-07-10,TELANGANA,Jogulamba Gadwal,7285,Undavelly,205660,ITKYALPADU,3.822681160846255,2,area_weighted,
2022-07-10,TELANGANA,Jogulamba Gadwal,7285,Undavelly,205662,KALGOTLA,4.868689305094088,4,area_weighted,
2022-07-10,TELANGANA,Jogulamba Gadwal,7285,Undavelly,205664,KANCHUPAD,4.38957915789112,3,area_weighted,
2022-07-10,TELANGANA,Jogulamba Gadwal,7285,Undavelly,205668,MENNIPAD,5.697874069213867,1,direct_grid,
2022-07-10,TELANGANA,Jogulamba Gadwal,7285,Undavelly,278684,Maramunagala-2,5.177754199503368,4,area_weighted,
2022-07-10,TELANGANA,Jogulamba Gadwal,7285,Undavelly,204818,PRAGATOOR,4.761995729400299,2,area_weighted,
2022-07-10,TELANGANA,Jogulamba Gadwal,7285,Undavelly,205673,PULLUR,4.0139923095703125,1,direct_grid,
2022-07-10,TELANGANA,Jogulamba Gadwal,7285,Undavelly,204820,SERIPALLY,4.342360973358154,1,direct_grid,
2022-07-10,TELANGANA,Jogulamba Gadwal,7285,Undavelly,205674,UNDAVELLY,4.352334573098071,4,area_weighted,
2022-07-10,TELANGANA,Jogulamba Gadwal,5265,WADDEPALLE,206044,BUDAMARSU,8.581183254194858,2,area_weighted,
2022-07-10,TELANGANA,Jogulamba Gadwal,5265,WADDEPALLE,206046,JILLEDDINNE,9.55491453732801,2,area_weighted,
2022-07-10,TELANGANA,Jogulamba Gadwal,5265,WADDEPALLE,278678,Jakkireddypally,12.196395874023438,1,direct_grid,
2022-07-10,TELANGANA,Jogulamba Gadwal,5265,WADDEPALLE,206048,KOILDINNE,8.743808328594685,4,area_weighted,
2022-07-10,TELANGANA,Jogulamba Gadwal,5265,WADDEPALLE,206049,KONKAL,11.066508293151855,1,direct_grid,
2022-07-10,TELANGANA,Jogulamba Gadwal,5265,WADDEPALLE,206058,RAMAPURAM,10.146679878234863,1,direct_grid,
2022-07-10,TELANGANA,Jogulamba Gadwal,5265,WADDEPALLE,206060,TANAGALA,13.174605369567871,1,direct_grid,
2022-07-10,TELANGANA,Mahabubnagar,5204,ADDAKAL,204767,ADDAKAL,27.412142194847682,2,area_weighted,
2022-07-10,TELANGANA,Mahabubnagar,5204,ADDAKAL,204770,GUDIBANDA,24.260297441646063,4,area_weighted,
2022-07-10,TELANGANA,Mahabubnagar,5204,ADDAKAL,204772,KANDUR,28.470319747924805,1,direct_grid,
2022-07-10,TELANGANA,Mahabubnagar,5204,ADDAKAL,204773,KATARAM,27.145732832593495,2,area_weighted,
2022-07-10,TELANGANA,Mahabubnagar,5204,ADDAKAL,204778,PONNAKAL,24.596234330108963,4,area_weighted,
2022-07-10,TELANGANA,Mahabubnagar,5204,ADDAKAL,204779,RACHALA,23.295896530151367,1,direct_grid,
2022-07-10,TELANGANA,Mahabubnagar,5204,ADDAKAL,204781,SHAKAPUR,25.52632713317871,1,direct_grid,
2022-07-10,TELANGANA,Mahabubnagar,5204,ADDAKAL,204783,THIMMAIPALLY,28.772756920363765,3,area_weighted,
2022-07-10,TELANGANA,Mahabubnagar,5210,BALANAGAR,280140,Appajipalle,10.3106141907313,4,area_weighted,
2022-07-10,TELANGANA,Mahabubnagar,5210,BALANAGAR,204883,BALANAGAR,12.381235122680664,1,direct_grid,
2022-07-10,TELANGANA,Mahabubnagar,5210,BALANAGAR,204884,BODAJANAMPET,11.763781626053165,3,area_weighted,
2022-07-10,TELANGANA,Mahabubnagar,5210,BALANAGAR,280135,Bodagutta Tanda,9.813414471559696,3,area_weighted,
2022-07-10,TELANGANA,Mahabubnagar,5210,BALANAGAR,280142,Building Tanda,10.216207504272461,1,direct_grid,
2022-07-10,TELANGANA,Mahabubnagar,5210,BALANAGAR,204886,CHINNAREVALLY,9.51263427734375,1,direct_grid,
2022-07-10,TELANGANA,Mahabubnagar,5210,BALANAGAR,280133,Chennangula gadda Tanda,13.52512176988268,4,area_weighted,
2022-07-10,TELANGANA,Mahabubnagar,5210,BALANAGAR,279575,Chinta kunta Tanda,12.691162276828175,4,area_weighted,
2022-07-10,TELANGANA,Mahabubnagar,5210,BALANAGAR,280152,Eedamma Gadda Tanda,15.713277816772461,1,direct_grid,
2022-07-10,TELANGANA,Mahabubnagar,5210,BALANAGAR,204889,GOUTHAPOOR,12.17168971284869,2,area_weighted,
2022-07-10,TELANGANA,Mahabubnagar,5210,BALANAGAR,204890,GUNDED,14.271309719809667,2,area_weighted,
2022-07-10,TELANGANA,Mahabubnagar,5210,BALANAGAR,280111,Gangadharpally,14.554582595825195,1,direct_grid,
2022-07-10,TELANGANA,Mahabubnagar,5210,BALANAGAR,204892,HEMAJIPOOR,10.207459664911145,2,area_weighted,
2022-07-10,TELANGANA,Mahabubnagar,5210,BALANAGAR,280124,Jalugadda Tanda,14.269588470458984,1,direct_grid,
2022-07-10,TELANGANA,Mahabubnagar,5210,BALANAGAR,204898,MODAMPALLY,9.681527137756348,1,direct_grid,
2022-07-10,TELANGANA,Mahabubnagar,5210,BALANAGAR,280120,Macharam,14.29030528116423,2,area_weighted,
2022-07-10,TELANGANA,Mahabubnagar,5210,BALANAGAR,280139,Manyagudem Tanda,9.26447901481622,3,area_weighted,
2022-07-10,TELANGANA,Mahabubnagar,5210,BALANAGAR,204901,NANDARAM,13.915974153100723,2,area_weighted,
2022-07-10,TELANGANA,Mahabubnagar,5210,BALANAGAR,279568,Namya Tanda,11.75672359401518,3,area_weighted,
2022-07-10,TELANGANA,Mahabubnagar,5210,BALANAGAR,204903,PEDDAIPALLY,12.219956298848803,2,area_weighted,
2022-07-10,TELANGANA,Mahabubnagar,5210,BALANAGAR,204908,SURARAM,14.647839364920756,2,area_weighted,
2022-07-10,TELANGANA,Mahabubnagar,5212,BHOOTHPUR,204927,ANNASAGAR,23.7952070509168,2,area_weighted,
2022-07-10,TELANGANA,Mahabubnagar,5212,BHOOTHPUR,204928,BHATTUPALLY,17.84751281002467,4,area_weighted,
2022-07-10,TELANGANA,Mahabubnagar,5212,BHOOTHPUR,280422,Chowla Tanda,18.1163272857666,1,direct_grid,
2022-07-10,TELANGANA,Mahabubnagar,5212,BHOOTHPUR,204931,HASNAPOOR,21.045853753796592,3,area_weighted,
2022-07-10,TELANGANA,Mahabubnagar,5212,BHOOTHPUR,204932,IPPALAPALLY,21.57878589630127,2,direct_grid,
2022-07-10,TELANGANA,Mahabubnagar,5212,BHOOTHPUR,204933,KAPPETA,20.8040771484375,1,direct_grid,
2022-07-10,TELANGANA,Mahabubnagar,5212,BHOOTHPUR,204935,KOTHAMOLGARA,19.287302900219455,4,area_weighted,
2022-07-10,TELANGANA,Mahabubnagar,5212,BHOOTHPUR,204936,KOTHUR,15.889042854309082,1,direct_grid,
2022-07-10,TELANGANA,Mahabubnagar,5212,BHOOTHPUR,204937,MADDIGATLA,19.814624786376953,1,direct_grid,
2022-07-10,TELANGANA,Mahabubnagar,5212,BHOOTHPUR,204938,PATHAMOLGARA,19.660506405243183,3,area_weighted,
2022-07-10,TELANGANA,Mahabubnagar,5212,BHOOTHPUR,204939,POTHULAMADUGU,19.647846069252612,4,area_weighted,
2022-07-10,TELANGANA,Mahabubnagar,5212,BHOOTHPUR,280410,Ravulapally,22.18059228430296,2,area_weighted,
2022-07-10,TELANGANA,Mahabubnagar,5212,BHOOTHPUR,204940,THATIKONDA,23.82610511779785,1,direct_grid,
2022-07-10,TELANGANA,Mahabubnagar,5212,BHOOTHPUR,204941,THATIPARTHY,14.977837075533738,3,area_weighted,
2022-07-10,TELANGANA,Mahabubnagar,5215,CHINNACHINTAKUNTA,204988,ALLIPUR,18.765690675137005,2,area_weighted,
2022-07-10,TELANGANA,Mahabubnagar,5215,CHINNACHINTAKUNTA,204989,AMMAPUR,20.872097780035027,2,area_weighted,
2022-07-10,TELANGANA,Mahabubnagar,5215,CHINNACHINTAKUNTA,204990,APPAMPALLE,18.84847068786621,1,direct_grid,
2022-07-10,TELANGANA,Mahabubnagar,5215,CHINNACHINTAKUNTA,204991,BANDERPALLE,18.46414566040039,1,direct_grid,
2022-07-10,TELANGANA,Mahabubnagar,5215,CHINNACHINTAKUNTA,280405,CHINNA WADDEMANU,18.84847068786621,1,area_weighted,
2022-07-10,TELANGANA,Mahabubnagar,5215,CHINNACHINTAKUNTA,204992,CHINNACHINTAKUNTA,18.88937759399414,1,direct_grid,
2022-07-10,TELANGANA,Mahabubnagar,5215,CHINNACHINTAKUNTA,204993,DAMGANPUR,16.244239528448897,2,area_weighted,
2022-07-10,TELANGANA,Mahabubnagar,5215,CHINNACHINTAKUNTA,204994,DASARAPALLY,21.18900143626056,4,area_weighted,
2022-07-10,TELANGANA,Mahabubnagar,5215,CHINNACHINTAKUNTA,204995,DUPPALLE,20.317548751831055,1,direct_grid,
2022-07-10,TELANGANA,Mahabubnagar,5215,CHINNACHINTAKUNTA,280390,EDULAPUR,18.883977742501628,2,area_weighted,
2022-07-10,TELANGANA,Mahabubnagar,5215,CHINNACHINTAKUNTA,204996,FAREEDPUR,16.634258556016484,4,area_weighted,
2022-07-10,TELANGANA,Mahabubnagar,5215,CHINNACHINTAKUNTA,204997,GUDUR,20.423443808540753,2,area_weighted,
2022-07-10,TELANGANA,Mahabubnagar,5215,CHINNACHINTAKUNTA,204998,KURUMURTHY,19.30488912979697,4,area_weighted,
2022-07-10,TELANGANA,Mahabubnagar,5215,CHINNACHINTAKUNTA,204999,LALKOTA,18.631320530128143,2,area_weighted,
2022-07-10,TELANGANA,Mahabubnagar,5215,CHINNACHINTAKUNTA,205000,MADDUR,18.80212337055782,2,area_weighted,
2022-07-10,TELANGANA,Mahabubnagar,5215,CHINNACHINTAKUNTA,205001,MUCHINTALA,19.346646951971604,4,area_weighted,
2022-07-10,TELANGANA,Mahabubnagar,5215,CHINNACHINTAKUNTA,205002,NELLIKONDI,18.84237301040234,2,area_weighted,
2022-07-10,TELANGANA,Mahabubnagar,5215,CHINNACHINTAKUNTA,205003,PALLAMARRI,18.833698272705078,1,direct_grid,
2022-07-10,TELANGANA,Mahabubnagar,5215,CHINNACHINTAKUNTA,280393,SEETHARAMPET,16.67098899179939,2,area_weighted,
2022-07-10,TELANGANA,Mahabubnagar,5215,CHINNACHINTAKUNTA,205004,THIRUMALAPUR,21.08283233642578,1,direct_grid,
2022-07-10,TELANGANA,Mahabubnagar,5215,CHINNACHINTAKUNTA,205005,UNDIYALA,15.813141822814941,1,direct_grid,
2022-07-10,TELANGANA,Mahabubnagar,5217,DEVARAKADARA,205030,AJILAPUR,17.51233673095703,1,direct_grid,
2022-07-10,TELANGANA,Mahabubnagar,5217,DEVARAKADARA,205031,BASWAIPALLE,22.116031646728516,1,direct_grid,
2022-07-10,TELANGANA,Mahabubnagar,5217,DEVARAKADARA,205032,BASWAPUR,18.256607055664062,1,direct_grid,
2022-07-10,TELANGANA,Mahabubnagar,5217,DEVARAKADARA,205033,BOLLARAM,17.38428254673344,5,area_weighted,
2022-07-10,TELANGANA,Mahabubnagar,5217,DEVARAKADARA,280440,Balusupally,19.24476736133149,4,area_weighted,
2022-07-10,TELANGANA,Mahabubnagar,5217,DEVARAKADARA,205034,CHINNARAJAMOOR,16.88124877089271,4,area_weighted,
2022-07-10,TELANGANA,Mahabubnagar,5217,DEVARAKADARA,280439,Chowdarpally,20.27237172615824,4,area_weighted,
2022-07-10,TELANGANA,Mahabubnagar,5217,DEVARAKADARA,205035,DEVARAKADARA,20.22011671135144,2,area_weighted,
2022-07-10,TELANGANA,Mahabubnagar,5217,DEVARAKADARA,205036,DOKUR,20.42485237121582,1,direct_grid,
2022-07-10,TELANGANA,Mahabubnagar,5217,DEVARAKADARA,205037,GADDEGUDEM,18.746719492434693,3,area_weighted,
2022-07-10,TELANGANA,Mahabubnagar,5217,DEVARAKADARA,205038,GOPANPALLE,21.230474329119282,2,area_weighted,
2022-07-10,TELANGANA,Mahabubnagar,5217,DEVARAKADARA,205039,GUDIBANDA,19.206501212241577,4,area_weighted,
2022-07-10,TELANGANA,Mahabubnagar,5217,DEVARAKADARA,205040,GURAKONDA,18.312351422361992,2,area_weighted,
2022-07-10,TELANGANA,Mahabubnagar,5217,DEVARAKADARA,205041,HAJILAPUR,21.27614684592851,2,area_weighted,
2022-07-10,TELANGANA,Mahabubnagar,5217,DEVARAKADARA,205042,ISRAMPALLE,23.140919648305477,4,area_weighted,
2022-07-10,TELANGANA,Mahabubnagar,5217,DEVARAKADARA,205043,JEENUGURALA,21.735593507194757,4,area_weighted,
2022-07-10,TELANGANA,Mahabubnagar,5217,DEVARAKADARA,205044,KOUKUNTLA,21.68586471650235,2,area_weighted,
2022-07-10,TELANGANA,Mahabubnagar,5217,DEVARAKADARA,205045,LAXMIPALLE,21.51868496472178,3,area_weighted,
2022-07-10,TELANGANA,Mahabubnagar,5217,DEVARAKADARA,280435,Meenugonipally,18.79778161727238,2,area_weighted,
2022-07-10,TELANGANA,Mahabubnagar,5217,DEVARAKADARA,280462,Muthyalampally,22.06315080763957,2,area_weighted,
2022-07-10,TELANGANA,Mahabubnagar,5217,DEVARAKADARA,205046,NAGARAM,18.201319755723873,3,area_weighted,
2022-07-10,TELANGANA,Mahabubnagar,5217,DEVARAKADARA,205047,PEDDARAJAMOOR,17.723285786767374,3,area_weighted,
2022-07-10,TELANGANA,Mahabubnagar,5217,DEVARAKADARA,205048,PERUR,22.754505615724803,4,area_weighted,
2022-07-10,TELANGANA,Mahabubnagar,5217,DEVARAKADARA,205049,PUTTAPALLE,21.261655807495117,1,direct_grid,
2022-07-10,TELANGANA,Mahabubnagar,5217,DEVARAKADARA,280432,Pedda Goplapur,18.890084984863798,2,area_weighted,
2022-07-10,TELANGANA,Mahabubnagar,5217,DEVARAKADARA,205050,REKULAMPALLY,21.99456024169922,1,direct_grid,
2022-07-10,TELANGANA,Mahabubnagar,5217,DEVARAKADARA,205051,VARNE,22.851160049438477,1,direct_grid,
2022-07-10,TELANGANA,Mahabubnagar,5217,DEVARAKADARA,205052,VENKATAIPALLE,19.6033992767334,1,direct_grid,
2022-07-10,TELANGANA,Mahabubnagar,5515,GANDEED,280368,Amudalagadda Tanda,20.59053611755371,1,direct_grid,
2022-07-10,TELANGANA,Mahabubnagar,5515,GANDEED,280377,Anchanpally,20.50320787223322,2,area_weighted,
2022-07-10,TELANGANA,Mahabubnagar,5515,GANDEED,280349,Annareddypally,19.702108722107376,2,area_weighted,
2022-07-10,TELANGANA,Mahabubnagar,5515,GANDEED,280332,Ashireddypally,20.195963185822013,2,area_weighted,
2022-07-10,TELANGANA,Mahabubnagar,5515,GANDEED,210013,BALSULGONDA,20.41256514513707,3,area_weighted,
2022-07-10,TELANGANA,Mahabubnagar,5515,GANDEED,210014,CHINNAWARVAL,20.960231546834432,4,area_weighted,
2022-07-10,TELANGANA,Mahabubnagar,5515,GANDEED,280361,Chennaipally Tanda,20.40313720703125,1,direct_grid,
2022-07-10,TELANGANA,Mahabubnagar,5515,GANDEED,280406,Chinaipally,19.56743812561035,1,direct_grid,
2022-07-10,TELANGANA,Mahabubnagar,5515,GANDEED,280402,Chowdar pally Pedda Tanda,19.81159596993518,4,area_weighted,
2022-07-10,TELANGANA,Mahabubnagar,5515,GANDEED,280352,Desaipally,20.06575584411621,1,direct_grid,
2022-07-10,TELANGANA,Mahabubnagar,5515,GANDEED,280373,Govindpally Tanda,20.998163555372887,2,area_weighted,
2022-07-10,TELANGANA,Mahabubnagar,5515,GANDEED,210018,JAKKALAPALLE,21.336329403888307,4,area_weighted,
2022-07-10,TELANGANA,Mahabubnagar,5515,GANDEED,210020,JANNARAM,21.69821116435005,2,area_weighted,
2022-07-10,TELANGANA,Mahabubnagar,5515,GANDEED,210021,JULAPALLY,19.853520164991355,4,area_weighted,
2022-07-10,TELANGANA,Mahabubnagar,5515,GANDEED,210023,KONDAPUR,20.45136037212408,2,area_weighted,
2022-07-10,TELANGANA,Mahabubnagar,5515,GANDEED,280357,Kaplapur,21.424610137939453,1,direct_grid,
2022-07-10,TELANGANA,Mahabubnagar,5515,GANDEED,280385,Lingaipally,20.674448714558665,4,area_weighted,
2022-07-10,TELANGANA,Mahabubnagar,5515,GANDEED,210024,MANGAMPET,19.903172665518458,2,area_weighted,
2022-07-10,TELANGANA,Mahabubnagar,5515,GANDEED,210026,MUKARLABAD,20.065465931570934,2,area_weighted,
2022-07-10,TELANGANA,Mahabubnagar,5515,GANDEED,280340,Mansurpally,20.57945630133724,4,area_weighted,
2022-07-10,TELANGANA,Mahabubnagar,5515,GANDEED,280416,Mundali Tanda,19.351483221053495,2,area_weighted,
2022-07-10,TELANGANA,Mahabubnagar,5515,GANDEED,210028,PAGADIYAL,20.648448944091797,1,direct_grid,
2022-07-10,TELANGANA,Mahabubnagar,5515,GANDEED,210029,PEDDAVARVAL,21.00052516100039,2,area_weighted,
2022-07-10,TELANGANA,Mahabubnagar,5515,GANDEED,210030,RANGAREDDY PALLE,20.957597732543945,1,direct_grid,
2022-07-10,TELANGANA,Mahabubnagar,5515,GANDEED,210032,RUSUMPALLY,20.675718725400735,2,area_weighted,
2022-07-10,TELANGANA,Mahabubnagar,5515,GANDEED,210033,SALKERPET,21.26490305173497,3,area_weighted,
2022-07-10,TELANGANA,Mahabubnagar,5515,GANDEED,280399,Salarnagar,21.454142828822132,3,area_weighted,
2022-07-10,TELANGANA,Mahabubnagar,5515,GANDEED,280364,Sangaipally,19.150513172616485,2,area_weighted,
2022-07-10,TELANGANA,Mahabubnagar,5226,HANWADA,280520,AMMAPUR THANDA,18.41325426557373,4,area_weighted,
2022-07-10,TELANGANA,Mahabubnagar,5226,HANWADA,280511,ATHYAKUNTA TANDA,19.742414474487305,1,direct_grid,
2022-07-10,TELANGANA,Mahabubnagar,5226,HANWADA,205228,AYODHYANAGAR,19.742414474487305,1,area_weighted,
2022-07-10,TELANGANA,Mahabubnagar,5226,HANWADA,205229,BUDDARAM,19.061969757080078,1,direct_grid,
2022-07-10,TELANGANA,Mahabubnagar,5226,HANWADA,205231,DACHAKPALLY,18.36820589768613,4,area_weighted,
2022-07-10,TELANGANA,Mahabubnagar,5226,HANWADA,280524,DORRI TANDA,18.26174545288086,1,direct_grid,
2022-07-10,TELANGANA,Mahabubnagar,5226,HANWADA,205232,GUDIMALAKAPUR,19.05206888833178,2,area_weighted,
2022-07-10,TELANGANA,Mahabubnagar,5226,HANWADA,205235,IBRAHIMBAD,19.21917152404785,1,direct_grid,
2022-07-10,TELANGANA,Mahabubnagar,5226,HANWADA,205237,KOHTAPETA,18.163970947265625,1,direct_grid,
2022-07-10,TELANGANA,Mahabubnagar,5226,HANWADA,205240,MUNIMOKSHAM,19.607107162475586,1,direct_grid,
2022-07-10,TELANGANA,Mahabubnagar,5226,HANWADA,280543,NAGAMBAI TANDA,19.07163419906804,2,area_weighted,
2022-07-10,TELANGANA,Mahabubnagar,5226,HANWADA,205241,NAGINONIPALLY,18.565888873633572,3,area_weighted,
2022-07-10,TELANGANA,Mahabubnagar,5226,HANWADA,280538,PALLEMONI COLONY,17.95673679496101,2,area_weighted,
2022-07-10,TELANGANA,Mahabubnagar,5226,HANWADA,280527,RAMANNAPALLY,19.513118247113038,4,area_weighted,
2022-07-10,TELANGANA,Mahabubnagar,5226,HANWADA,205244,SHAIK PALLY,20.192295192337397,2,area_weighted,
2022-07-10,TELANGANA,Mahabubnagar,5226,HANWADA,205245,TANKARA,18.518425096918023,2,area_weighted,
2022-07-10,TELANGANA,Mahabubnagar,5226,HANWADA,205247,VEPUR,19.800045110150776,2,area_weighted,
2022-07-10,TELANGANA,Mahabubnagar,5226,HANWADA,280522,YARONIPALLY,18.269054495138022,2,area_weighted,
2022-07-10,TELANGANA,Mahabubnagar,5228,JADCHERLA,205270,ALOOR,13.934565120792579,4,area_weighted,
2022-07-10,TELANGANA,Mahabubnagar,5228,JADCHERLA,205271,ALWANPALLY,9.246551170083361,2,area_weighted,
2022-07-10,TELANGANA,Mahabubnagar,5228,JADCHERLA,205273,BURUGUPALLY,13.79808235168457,1,direct_grid,
2022-07-10,TELANGANA,Mahabubnagar,5228,JADCHERLA,205274,CHERLPALLY,10.78024656017756,2,area_weighted,
2022-07-10,TELANGANA,Mahabubnagar,5228,JADCHERLA,205275,CHINNA ADIRALA,8.860427598576013,2,area_weighted,
2022-07-10,TELANGANA,Mahabubnagar,5228,JADCHERLA,280499,Chinnapally,14.288595199584961,1,direct_grid,
2022-07-10,TELANGANA,Mahabubnagar,5228,JADCHERLA,280466,Chitteboinpally,13.364918929259156,2,area_weighted,
2022-07-10,TELANGANA,Mahabubnagar,5228,JADCHERLA,205276,EARLAPALLY,11.23070271105097,2,area_weighted,
2022-07-10,TELANGANA,Mahabubnagar,5228,JADCHERLA,280471,Ekwaipally,8.965495109558105,1,direct_grid,
2022-07-10,TELANGANA,Mahabubnagar,5228,JADCHERLA,205277,GANGAPOOR,10.275358200073242,1,direct_grid,
2022-07-10,TELANGANA,Mahabubnagar,5228,JADCHERLA,205278,GOLLAPALLY,12.073405399031653,4,area_weighted,
2022-07-10,TELANGANA,Mahabubnagar,5228,JADCHERLA,205281,KISHTARAM,15.138679504394531,1,direct_grid,
2022-07-10,TELANGANA,Mahabubnagar,5228,JADCHERLA,205282,KODGAL,9.126358032226562,1,direct_grid,
2022-07-10,TELANGANA,Mahabubnagar,5228,JADCHERLA,205283,KONDED,8.035968101200277,2,area_weighted,
2022-07-10,TELANGANA,Mahabubnagar,5228,JADCHERLA,280465,Kishtampally,10.884095658427857,2,area_weighted,
2022-07-10,TELANGANA,Mahabubnagar,5228,JADCHERLA,280469,Kotha Thanda,12.964381217956543,1,direct_grid,
2022-07-10,TELANGANA,Mahabubnagar,5228,JADCHERLA,205285,MACHARAM,12.4102201461792,1,direct_grid,
2022-07-10,TELANGANA,Mahabubnagar,5228,JADCHERLA,280492,Matubanda Thanda,14.846477935875278,3,area_weighted,
2022-07-10,TELANGANA,Mahabubnagar,5228,JADCHERLA,205289,NEKKONDA,8.837697982788086,1,direct_grid,
2022-07-10,TELANGANA,Mahabubnagar,5228,JADCHERLA,289486,Shankaraiahpally Thanda,13.717522474445257,2,area_weighted,
2022-07-10,TELANGANA,Mahabubnagar,5228,JADCHERLA,205293,UDANDAPUR,16.284358978271484,1,direct_grid,
2022-07-10,TELANGANA,Mahabubnagar,5233,KOILKONDA,205370,ABHANGAPATNAM,18.226438131496735,3,area_weighted,
2022-07-10,TELANGANA,Mahabubnagar,5233,KOILKONDA,205371,ACHARYAPUR,16.80691103617848,2,area_weighted,
2022-07-10,TELANGANA,Mahabubnagar,5233,KOILKONDA,205372,ANKILLA,16.327272415161133,1,direct_grid,
2022-07-10,TELANGANA,Mahabubnagar,5233,KOILKONDA,281969,Ananthapur,17.704888020001516,4,area_weighted,
2022-07-10,TELANGANA,Mahabubnagar,5233,KOILKONDA,280657,Ayyavaripally,16.472481014792926,4,area_weighted,
2022-07-10,TELANGANA,Mahabubnagar,5233,KOILKONDA,205373,BURUGUPALLY,18.224806694988114,2,area_weighted,
2022-07-10,TELANGANA,Mahabubnagar,5233,KOILKONDA,280679,Bodonigutta Tanda,16.865314483642578,1,direct_grid,
2022-07-10,TELANGANA,Mahabubnagar,5233,KOILKONDA,205374,CHANDAPUR,16.343828201293945,1,area_weighted,
2022-07-10,TELANGANA,Mahabubnagar,5233,KOILKONDA,205375,CHANDRASPALLE,18.4012508392334,1,area_weighted,
2022-07-10,TELANGANA,Mahabubnagar,5233,KOILKONDA,280664,Chinthal Thanda,17.177694924805103,4,area_weighted,
2022-07-10,TELANGANA,Mahabubnagar,5233,KOILKONDA,205376,DAMMAIPALLY,16.973936080932617,1,direct_grid,
2022-07-10,TELANGANA,Mahabubnagar,5233,KOILKONDA,280686,Gangya Naik Tanda,18.29997444152832,1,direct_grid,
2022-07-10,TELANGANA,Mahabubnagar,5233,KOILKONDA,205378,IBRAHIMNAGAR,16.728469173967873,3,area_weighted,
2022-07-10,TELANGANA,Mahabubnagar,5233,KOILKONDA,205380,KESHAVAPOOR,16.961106777234793,3,area_weighted,
2022-07-10,TELANGANA,Mahabubnagar,5233,KOILKONDA,205381,KHAZIPUR,18.175020978470368,2,area_weighted,
2022-07-10,TELANGANA,Mahabubnagar,5233,KOILKONDA,205382,KOILKONDA,16.794658660888672,1,direct_grid,
2022-07-10,TELANGANA,Mahabubnagar,5233,KOILKONDA,205383,KOTHLABAD,19.867340087890625,1,direct_grid,
2022-07-10,TELANGANA,Mahabubnagar,5233,KOILKONDA,280693,Lingalched,18.27997229170655,2,area_weighted,
2022-07-10,TELANGANA,Mahabubnagar,5233,KOILKONDA,281968,Lingupalle,18.35911370110838,3,area_weighted,
2022-07-10,TELANGANA,Mahabubnagar,5233,KOILKONDA,205385,MANIKONDA,17.72247030824355,2,area_weighted,
2022-07-10,TELANGANA,Mahabubnagar,5233,KOILKONDA,205386,MODIPUR,18.17076873779297,1,area_weighted,
2022-07-10,TELANGANA,Mahabubnagar,5233,KOILKONDA,280675,Mallapur,19.867340087890625,1,area_weighted,
2022-07-10,TELANGANA,Mahabubnagar,5233,KOILKONDA,280660,Nallavelly,18.304697552149857,2,area_weighted,
2022-07-10,TELANGANA,Mahabubnagar,5233,KOILKONDA,205388,PERIKIVEEDU,17.414245742386008,4,area_weighted,
2022-07-10,TELANGANA,Mahabubnagar,5233,KOILKONDA,205389,RAMPUR,17.345410227943475,2,area_weighted,
2022-07-10,TELANGANA,Mahabubnagar,5233,KOILKONDA,205391,SERIVENKATAPUR,18.17076873779297,1,direct_grid,
2022-07-10,TELANGANA,Mahabubnagar,5233,KOILKONDA,205392,SURARAM,19.865511954880684,2,area_weighted,
2022-07-10,TELANGANA,Mahabubnagar,5233,KOILKONDA,258032,Sanginonipalle,16.739112854003906,1,direct_grid,
2022-07-10,TELANGANA,Mahabubnagar,5233,KOILKONDA,205393,THIRUMULAMPALLE,18.4012508392334,1,direct_grid,
2022-07-10,TELANGANA,Mahabubnagar,5233,KOILKONDA,280712,Ubbadi Tanda,18.043896581690554,2,area_weighted,
2022-07-10,TELANGANA,Mahabubnagar,5233,KOILKONDA,205394,VEERAMPALLY,18.38566427552751,2,area_weighted,
2022-07-10,TELANGANA,Mahabubnagar,5233,KOILKONDA,205396,YELLAREDDI PALLE,18.385829550532012,4,area_weighted,
2022-07-10,TELANGANA,Mahabubnagar,5243,MAHBUBNAGAR RURAL,205581,ALLIPUR,20.372077576223244,2,area_weighted,
2022-07-10,TELANGANA,Mahabubnagar,5243,MAHBUBNAGAR RURAL,205582,APPAIPALLE,20.880088806152344,1,direct_grid,
2022-07-10,TELANGANA,Mahabubnagar,5243,MAHBUBNAGAR RURAL,205585,BOKKOLONIPALLE,19.824935913085938,1,direct_grid,
2022-07-10,TELANGANA,Mahabubnagar,5243,MAHBUBNAGAR RURAL,205589,DHARAMPUR,17.82069911783133,3,area_weighted,
2022-07-10,TELANGANA,Mahabubnagar,5243,MAHBUBNAGAR RURAL,205594,KODUR,19.943390712801833,5,area_weighted,
2022-07-10,TELANGANA,Mahabubnagar,5243,MAHBUBNAGAR RURAL,205595,KOTAKADIRA,18.359474182128906,1,direct_grid,
2022-07-10,TELANGANA,Mahabubnagar,5243,MAHBUBNAGAR RURAL,205596,MACHANPALLE,19.11220932006836,1,area_weighted,
2022-07-10,TELANGANA,Mahabubnagar,5243,MAHBUBNAGAR RURAL,205598,OBLAIPALLE,20.689690182476372,3,area_weighted,
2022-07-10,TELANGANA,Mahabubnagar,5243,MAHBUBNAGAR RURAL,205601,RAMCHANDRAPUR,19.11220932006836,1,direct_grid,
2022-07-10,TELANGANA,Mahabubnagar,5243,MAHBUBNAGAR RURAL,280324,REGADIGADDA TANDA,16.98576094032218,2,area_weighted,
2022-07-10,TELANGANA,Mahabubnagar,5243,MAHBUBNAGAR RURAL,280378,TELUGU GUDEM,21.263827733861113,2,area_weighted,
2022-07-10,TELANGANA,Mahabubnagar,5247,MIDJIL,205676,BHAIRAMPALLE,7.551347024842718,3,area_weighted,
2022-07-10,TELANGANA,Mahabubnagar,5247,MIDJIL,205677,BOINPALLE,5.6491289138793945,1,direct_grid,
2022-07-10,TELANGANA,Mahabubnagar,5247,MIDJIL,205679,CHILUVERU,7.19274703493115,4,area_weighted,
2022-07-10,TELANGANA,Mahabubnagar,5247,MIDJIL,280246,Choutakunta thanda,7.835799217224121,1,direct_grid,
2022-07-10,TELANGANA,Mahabubnagar,5247,MIDJIL,280242,Edulabaithanda,7.690747692893088,3,area_weighted,
2022-07-10,TELANGANA,Mahabubnagar,5247,MIDJIL,205279,GOPULAPOOR,7.566408662446945,2,area_weighted,
2022-07-10,TELANGANA,Mahabubnagar,5247,MIDJIL,205685,KANCHANPALLE,7.936887264251709,1,direct_grid,
2022-07-10,TELANGANA,Mahabubnagar,5247,MIDJIL,205686,KOTHAPALLE,6.381318092346191,1,direct_grid,
2022-07-10,TELANGANA,Mahabubnagar,5247,MIDJIL,205687,KOTHUR,7.95379114151001,1,direct_grid,
2022-07-10,TELANGANA,Mahabubnagar,5247,MIDJIL,205692,MIDJIL,6.198913861406337,4,area_weighted,
2022-07-10,TELANGANA,Mahabubnagar,5247,MIDJIL,205693,MUNNANUR,6.3582763671875,1,area_weighted,
2022-07-10,TELANGANA,Mahabubnagar,5247,MIDJIL,280245,Mangligaddathanda,7.886026853385834,2,area_weighted,
2022-07-10,TELANGANA,Mahabubnagar,5247,MIDJIL,205701,VASPULA,7.000079915714663,4,area_weighted,
2022-07-10,TELANGANA,Mahabubnagar,5247,MIDJIL,205702,VELGOMULA,8.579671859741211,1,direct_grid,
2022-07-10,TELANGANA,Mahabubnagar,5247,MIDJIL,205704,WADIYAL,6.3582763671875,1,direct_grid,
2022-07-10,TELANGANA,Mahabubnagar,7329,Mahabubnagar Urban,280321,Bhavani Tanda,18.444343439826127,4,area_weighted,
2022-07-10,TELANGANA,Mahabubnagar,7329,Mahabubnagar Urban,280382,LALYANAIK THANDA,18.49112892150879,1,direct_grid,
2022-07-10,TELANGANA,Mahabubnagar,7219,Moosapet,279373,Achaipally,24.85811268892315,4,area_weighted,
2022-07-10,TELANGANA,Mahabubnagar,7219,Moosapet,204782,CHAKRAPOOR,22.31657469102663,3,area_weighted,
2022-07-10,TELANGANA,Mahabubnagar,7219,Moosapet,204768,DASARIPALLY,23.432798839611056,2,area_weighted,
2022-07-10,TELANGANA,Mahabubnagar,7219,Moosapet,204769,GAJULAPET,23.071601547631484,2,area_weighted,
2022-07-10,TELANGANA,Mahabubnagar,7219,Moosapet,204774,KOMMREDDYPALLY,24.501417607800235,2,area_weighted,
2022-07-10,TELANGANA,Mahabubnagar,7219,Moosapet,279552,Musapet,25.191492592107327,2,area_weighted,
2022-07-10,TELANGANA,Mahabubnagar,7219,Moosapet,204775,NANDIPET,22.526319715914763,2,area_weighted,
2022-07-10,TELANGANA,Mahabubnagar,7219,Moosapet,204776,NIJALAPUR,27.157267813315688,4,area_weighted,
2022-07-10,TELANGANA,Mahabubnagar,7219,Moosapet,204777,POLKAMPALLY,23.58681861474283,4,area_weighted,
2022-07-10,TELANGANA,Mahabubnagar,7219,Moosapet,204784,THIMMAPOOR,26.107582092285156,1,area_weighted,
2022-07-10,TELANGANA,Mahabubnagar,7219,Moosapet,204785,THUNKINIPUR,23.84328842163086,1,area_weighted,
2022-07-10,TELANGANA,Mahabubnagar,7219,Moosapet,204786,VEMULA,23.84328842163086,1,direct_grid,
2022-07-10,TELANGANA,Mahabubnagar,5251,NAWABPET,205767,AMMAPUR,17.3969523708621,2,area_weighted,
2022-07-10,TELANGANA,Mahabubnagar,5251,NAWABPET,279214,Battonipalli thanda,17.482481002807617,1,direct_grid,
2022-07-10,TELANGANA,Mahabubnagar,5251,NAWABPET,205768,CHOWDOOR,17.386892318725586,1,direct_grid,
2022-07-10,TELANGANA,Mahabubnagar,5251,NAWABPET,279203,Chenreddy palli,16.10676812933914,4,area_weighted,
2022-07-10,TELANGANA,Mahabubnagar,5251,NAWABPET,205769,DEEPALLE,16.790258498500094,2,area_weighted,
2022-07-10,TELANGANA,Mahabubnagar,5251,NAWABPET,279198,Darpalli,17.286639460283062,2,area_weighted,
2022-07-10,TELANGANA,Mahabubnagar,5251,NAWABPET,279216,Doddipalli,16.150800860687745,2,area_weighted,
2022-07-10,TELANGANA,Mahabubnagar,5251,NAWABPET,205770,GURKUNTA,17.79682892165965,4,area_weighted,
2022-07-10,TELANGANA,Mahabubnagar,5251,NAWABPET,205771,HAJILAPUR,19.027223587036133,1,direct_grid,
2022-07-10,TELANGANA,Mahabubnagar,5251,NAWABPET,279206,Hanmasanpalli,17.086885452270508,1,direct_grid,
2022-07-10,TELANGANA,Mahabubnagar,5251,NAWABPET,205773,KAKARJALA,15.756513959594946,2,area_weighted,
2022-07-10,TELANGANA,Mahabubnagar,5251,NAWABPET,205774,KAKARLAPAHAD,18.723534709716514,3,area_weighted,
2022-07-10,TELANGANA,Mahabubnagar,5251,NAWABPET,205775,KAMARAM,18.658661776267977,3,area_weighted,
2022-07-10,TELANGANA,Mahabubnagar,5251,NAWABPET,205776,KARKONDA,17.152479536135132,2,area_weighted,
2022-07-10,TELANGANA,Mahabubnagar,5251,NAWABPET,205777,KAROOR,15.142942329669541,2,area_weighted,
2022-07-10,TELANGANA,Mahabubnagar,5251,NAWABPET,205778,KHANAPUR,16.501256807281933,4,area_weighted,
2022-07-10,TELANGANA,Mahabubnagar,5251,NAWABPET,205780,KONDAPUR,19.046805980633067,2,area_weighted,
2022-07-10,TELANGANA,Mahabubnagar,5251,NAWABPET,279219,Kishanguda,16.788263994261314,3,area_weighted,
2022-07-10,TELANGANA,Mahabubnagar,5251,NAWABPET,205783,LOKIREV,17.060290327090105,3,area_weighted,
2022-07-10,TELANGANA,Mahabubnagar,5251,NAWABPET,205785,POMAL,18.73813331446625,4,area_weighted,
2022-07-10,TELANGANA,Mahabubnagar,5251,NAWABPET,205786,REKULACHOWDAPUR,15.736790123426449,4,area_weighted,
2022-07-10,TELANGANA,Mahabubnagar,5251,NAWABPET,205787,RUDRARAM,18.446796453085874,2,area_weighted,
2022-07-10,TELANGANA,Mahabubnagar,5251,NAWABPET,205788,SIDDOTAM,16.80528450581842,4,area_weighted,
2022-07-10,TELANGANA,Mahabubnagar,5251,NAWABPET,205789,TEEGALA PALLE,16.798507640631207,2,area_weighted,
2022-07-10,TELANGANA,Mahabubnagar,5251,NAWABPET,205790,YENMANAGANDLA,17.247758865356445,1,direct_grid,
2022-07-10,TELANGANA,Mahabubnagar,7276,Rajapur,204882,AGRAHARAM POTLAPALLY,11.95713996887207,1,direct_grid,
2022-07-10,TELANGANA,Mahabubnagar,7276,Rajapur,280220,BIBINAGAR TANDA,11.584679302213132,2,area_weighted,
2022-07-10,TELANGANA,Mahabubnagar,7276,Rajapur,204885,CHENNAVALLY,14.400556595142914,4,area_weighted,
2022-07-10,TELANGANA,Mahabubnagar,7276,Rajapur,280227,Chokampet,15.46934986114502,1,direct_grid,
2022-07-10,TELANGANA,Mahabubnagar,7276,Rajapur,204888,EDIGANIPALLY,10.807324192471196,4,area_weighted,
2022-07-10,TELANGANA,Mahabubnagar,7276,Rajapur,204891,GUNDLAPOTLAPALLY,11.95713996887207,1,area_weighted,
2022-07-10,TELANGANA,Mahabubnagar,7276,Rajapur,204893,KALLEPALLY,11.046414122310862,2,area_weighted,
2022-07-10,TELANGANA,Mahabubnagar,7276,Rajapur,204895,KHANAPOOR,13.865646362304688,1,area_weighted,
2022-07-10,TELANGANA,Mahabubnagar,7276,Rajapur,204896,KUCHERKAL,13.656487391896288,2,area_weighted,
2022-07-10,TELANGANA,Mahabubnagar,7276,Rajapur,280226,KUTNEPALLE-BODAGUTTA,15.505035633835377,2,area_weighted,
2022-07-10,TELANGANA,Mahabubnagar,7276,Rajapur,280230,Korra Thanda,15.622189918308848,3,area_weighted,
2022-07-10,TELANGANA,Mahabubnagar,7276,Rajapur,204897,MALLEPALLY,11.398225784301758,1,direct_grid,
2022-07-10,TELANGANA,Mahabubnagar,7276,Rajapur,280224,MOTHKULAKUNTA TANDA,13.46770191192627,1,direct_grid,
2022-07-10,TELANGANA,Mahabubnagar,7276,Rajapur,204905,RAIPALLY,13.46770191192627,1,area_weighted,
2022-07-10,TELANGANA,Mahabubnagar,7276,Rajapur,204907,RANGAREDDIGUDA,13.865646362304688,1,direct_grid,
2022-07-10,TELANGANA,Mahabubnagar,7276,Rajapur,204910,THIRUMALAPUR,15.26508910028571,3,area_weighted,
2022-07-10,TELANGANA,Mahabubnagar,7303,Urkonda,280270,BALYALOKYA THANDA,6.535874664116218,2,area_weighted,
2022-07-10,TELANGANA,Mahabubnagar,7303,Urkonda,205681,GUDIGANPALLE,9.082128015924733,4,area_weighted,
2022-07-10,TELANGANA,Mahabubnagar,7303,Urkonda,205689,MADARAM,8.873287874037775,2,area_weighted,
2022-07-10,TELANGANA,Mahabubnagar,7303,Urkonda,205696,REVALLY,7.257534675585965,2,area_weighted,
2022-07-10,TELANGANA,Nagarkurnool,5213,BIJINAPALLE,204942,ALLIPUR,16.996211403897846,2,area_weighted,
2022-07-10,TELANGANA,Nagarkurnool,5213,BIJINAPALLE,204943,BIJINEPALLY,16.115766907289192,5,area_weighted,
2022-07-10,TELANGANA,Nagarkurnool,5213,BIJINAPALLE,279640,Borusugadda Thanda,18.94867515563965,1,direct_grid,
2022-07-10,TELANGANA,Nagarkurnool,5213,BIJINAPALLE,279607,Boyapur,17.76487159729004,1,direct_grid,
2022-07-10,TELANGANA,Nagarkurnool,5213,BIJINAPALLE,204944,GANGARAM,20.939292907714844,1,direct_grid,
2022-07-10,TELANGANA,Nagarkurnool,5213,BIJINAPALLE,204945,GOURARAM,19.32287780131756,4,area_weighted,
2022-07-10,TELANGANA,Nagarkurnool,5213,BIJINAPALLE,204946,GUDLANARVA,12.847392082214355,1,direct_grid,
2022-07-10,TELANGANA,Nagarkurnool,5213,BIJINAPALLE,204947,KANAPUR,14.301523208618164,1,direct_grid,
2022-07-10,TELANGANA,Nagarkurnool,5213,BIJINAPALLE,204948,KARKONDA,12.409535691054906,2,area_weighted,
2022-07-10,TELANGANA,Nagarkurnool,5213,BIJINAPALLE,279510,Kalwakunta Thanda,13.990545792906694,5,area_weighted,
2022-07-10,TELANGANA,Nagarkurnool,5213,BIJINAPALLE,204950,LINGASANIPALLY,13.966671963425542,3,area_weighted,
2022-07-10,TELANGANA,Nagarkurnool,5213,BIJINAPALLE,204951,MAHADEVPET,17.76487159729004,1,area_weighted,
2022-07-10,TELANGANA,Nagarkurnool,5213,BIJINAPALLE,204952,MANGANOOR,17.943553515223925,4,area_weighted,
2022-07-10,TELANGANA,Nagarkurnool,5213,BIJINAPALLE,204953,MOMMAIPALLY,19.028242680703592,2,area_weighted,
2022-07-10,TELANGANA,Nagarkurnool,5213,BIJINAPALLE,204954,PALEM,13.695620824843571,2,area_weighted,
2022-07-10,TELANGANA,Nagarkurnool,5213,BIJINAPALLE,204955,POLEPALLY,18.881863309710603,4,area_weighted,
2022-07-10,TELANGANA,Nagarkurnool,5213,BIJINAPALLE,204956,SALKARPET,15.434566442040952,2,area_weighted,
2022-07-10,TELANGANA,Nagarkurnool,5213,BIJINAPALLE,204957,SHAINPALLY,19.75597608790189,4,area_weighted,
2022-07-10,TELANGANA,Nagarkurnool,5213,BIJINAPALLE,204958,VASANTHAPUR,12.851971946533181,4,area_weighted,
2022-07-10,TELANGANA,Nagarkurnool,5213,BIJINAPALLE,204960,VELGONDA,15.382871150970459,2,direct_grid,
2022-07-10,TELANGANA,Nagarkurnool,5213,BIJINAPALLE,204961,WADDEMAN,16.149145126342773,1,direct_grid,
2022-07-10,TELANGANA,Nagarkurnool,5229,KALWAKURTHY,205314,YELIKATTA,9.633390426635742,1,area_weighted,
2022-07-10,TELANGANA,Nagarkurnool,5231,KODAIR,280208,BADUGADINNE,8.993427739554823,2,area_weighted,
2022-07-10,TELANGANA,Nagarkurnool,5231,KODAIR,205335,BAVAIPALLY,11.82656192779541,1,direct_grid,
2022-07-10,TELANGANA,Nagarkurnool,5231,KODAIR,280210,Errannabai Thanda,11.90307402029944,4,area_weighted,
2022-07-10,TELANGANA,Nagarkurnool,5231,KODAIR,280200,GUNDYA VALYANAIK TANDA,13.757135391235352,1,direct_grid,
2022-07-10,TELANGANA,Nagarkurnool,5231,KODAIR,205336,JANUMPALLY,11.959186712858951,2,area_weighted,
2022-07-10,TELANGANA,Nagarkurnool,5231,KODAIR,205337,KADIREPAD,13.48828125,1,area_weighted,
2022-07-10,TELANGANA,Nagarkurnool,5231,KODAIR,205338,KODAIR,11.963415145874023,1,direct_grid,
2022-07-10,TELANGANA,Nagarkurnool,5231,KODAIR,205339,KONDRAOPALLY,10.209792137145996,1,direct_grid,
2022-07-10,TELANGANA,Nagarkurnool,5231,KODAIR,205340,MACHUPALLY,13.757135391235352,1,area_weighted,
2022-07-10,TELANGANA,Nagarkurnool,5231,KODAIR,205341,MUTHIREDDYPALLY,12.10188051535367,2,area_weighted,
2022-07-10,TELANGANA,Nagarkurnool,5231,KODAIR,205343,NAGULAPALLY,12.175064086914062,1,direct_grid,
2022-07-10,TELANGANA,Nagarkurnool,5231,KODAIR,205344,NARSAIPALLY,10.528409488555862,3,area_weighted,
2022-07-10,TELANGANA,Nagarkurnool,5231,KODAIR,205345,PASUPULA,11.694889017102774,4,area_weighted,
2022-07-10,TELANGANA,Nagarkurnool,5231,KODAIR,205346,RAJAPUR,13.693670297476796,6,area_weighted,
2022-07-10,TELANGANA,Nagarkurnool,5231,KODAIR,205347,SINGAIPALLY,12.673868704188346,2,area_weighted,
2022-07-10,TELANGANA,Nagarkurnool,5231,KODAIR,205348,TEEGALAPALLY,11.985935052489618,4,area_weighted,
2022-07-10,TELANGANA,Nagarkurnool,5231,KODAIR,205349,YETHAM,10.510095596313477,1,direct_grid,
2022-07-10,TELANGANA,Nagarkurnool,5234,KOLLAPUR,205397,ANKIRAOPALLY,8.584605736527655,2,area_weighted,
2022-07-10,TELANGANA,Nagarkurnool,5234,KOLLAPUR,279068,Amaragiri,6.499815318506883,2,area_weighted,
2022-07-10,TELANGANA,Nagarkurnool,5234,KOLLAPUR,205398,CHINTHALAPALLY,7.642018795013428,1,direct_grid,
2022-07-10,TELANGANA,Nagarkurnool,5234,KOLLAPUR,279050,Jawaipally,8.949620246887207,1,direct_grid,
2022-07-10,TELANGANA,Nagarkurnool,5234,KOLLAPUR,205399,KUDIKILLA,8.280704498291016,1,direct_grid,
2022-07-10,TELANGANA,Nagarkurnool,5234,KOLLAPUR,279074,Lachanaik Thanda,8.409896829004085,2,area_weighted,
2022-07-10,TELANGANA,Nagarkurnool,5234,KOLLAPUR,205400,MACHINENIPALLY,9.05483942861991,2,area_weighted,
2022-07-10,TELANGANA,Nagarkurnool,5234,KOLLAPUR,205407,RAMPUR,6.5526100116689365,4,area_weighted,
2022-07-10,TELANGANA,Nagarkurnool,5234,KOLLAPUR,205408,SINGOTAM,9.355925671244272,4,area_weighted,
2022-07-10,TELANGANA,Nagarkurnool,5234,KOLLAPUR,205409,SOMASILA,5.762784481048584,2,direct_grid,
2022-07-10,TELANGANA,Nagarkurnool,5234,KOLLAPUR,205410,YENMANBETLA,8.802172938531164,3,area_weighted,
2022-07-10,TELANGANA,Nagarkurnool,5234,KOLLAPUR,259204,Yellur,6.948362827301025,1,direct_grid,
2022-07-10,TELANGANA,Nagarkurnool,5248,NAGARKURNOOL,205705,AURASPALLY,12.48848536835468,5,area_weighted,
2022-07-10,TELANGANA,Nagarkurnool,5248,NAGARKURNOOL,205706,BONDALAPALLY,13.09872817993164,1,direct_grid,
2022-07-10,TELANGANA,Nagarkurnool,5248,NAGARKURNOOL,205707,CHANDUBATLA,11.945634841918945,1,direct_grid,
2022-07-10,TELANGANA,Nagarkurnool,5248,NAGARKURNOOL,205709,GAGGALAPALLY,13.602317054295524,2,area_weighted,
2022-07-10,TELANGANA,Nagarkurnool,5248,NAGARKURNOOL,205710,GANYAGULA,11.716861162204973,2,area_weighted,
2022-07-10,TELANGANA,Nagarkurnool,5248,NAGARKURNOOL,205711,GUDIPALLY,12.378421783447266,1,direct_grid,
2022-07-10,TELANGANA,Nagarkurnool,5248,NAGARKURNOOL,205713,MANTHATI,12.509043602932334,2,area_weighted,
2022-07-10,TELANGANA,Nagarkurnool,5248,NAGARKURNOOL,205715,NALLAVELLY,13.974775952578698,2,area_weighted,
2022-07-10,TELANGANA,Nagarkurnool,5248,NAGARKURNOOL,205716,PEDDAMUDDUNOOR,11.937542825100826,2,area_weighted,
2022-07-10,TELANGANA,Nagarkurnool,5248,NAGARKURNOOL,205717,PEDDAPUR,12.551067961380715,3,area_weighted,
2022-07-10,TELANGANA,Nagarkurnool,5248,NAGARKURNOOL,205719,SRIPUR,13.183303046717166,4,area_weighted,
2022-07-10,TELANGANA,Nagarkurnool,5248,NAGARKURNOOL,205720,THOODKURTHY,13.125022888183594,1,direct_grid,
2022-07-10,TELANGANA,Nagarkurnool,5248,NAGARKURNOOL,205722,WANAPATLA,12.346752096827124,4,area_weighted,
2022-07-10,TELANGANA,Nagarkurnool,5254,PEDDAKOTHAPALLE,279763,Adhirala,11.469244000471091,2,area_weighted,
2022-07-10,TELANGANA,Nagarkurnool,5254,PEDDAKOTHAPALLE,205837,CHANDRAKAL,11.497284889221191,1,direct_grid,
2022-07-10,TELANGANA,Nagarkurnool,5254,PEDDAKOTHAPALLE,205838,CHENNAPURAOPALLY,10.062293637963698,2,area_weighted,
2022-07-10,TELANGANA,Nagarkurnool,5254,PEDDAKOTHAPALLE,205841,DEVALTHIRUMALAPUR,11.477219333242216,2,area_weighted,
2022-07-10,TELANGANA,Nagarkurnool,5254,PEDDAKOTHAPALLE,205842,GANTRAOPALLY,11.792202420264632,2,area_weighted,
2022-07-10,TELANGANA,Nagarkurnool,5254,PEDDAKOTHAPALLE,205843,JONNALABOGUDA,11.51858249291032,2,area_weighted,
2022-07-10,TELANGANA,Nagarkurnool,5254,PEDDAKOTHAPALLE,205844,KALWAKOLE,9.441469650606155,4,area_weighted,
2022-07-10,TELANGANA,Nagarkurnool,5254,PEDDAKOTHAPALLE,205845,MAREDUMANDINNE,9.77570837366245,3,area_weighted,
2022-07-10,TELANGANA,Nagarkurnool,5254,PEDDAKOTHAPALLE,205847,MUSTIPALLY,11.478166345765139,2,area_weighted,
2022-07-10,TELANGANA,Nagarkurnool,5254,PEDDAKOTHAPALLE,279828,Mahasamudram,10.610254214127007,2,area_weighted,
2022-07-10,TELANGANA,Nagarkurnool,5254,PEDDAKOTHAPALLE,205848,NARAYANAPALLY,11.586492911290248,4,area_weighted,
2022-07-10,TELANGANA,Nagarkurnool,5254,PEDDAKOTHAPALLE,279835,Nakkalapally,11.769093072168108,4,area_weighted,
2022-07-10,TELANGANA,Nagarkurnool,5254,PEDDAKOTHAPALLE,205849,PEDDAKARPAMULA,11.440021656293144,2,area_weighted,
2022-07-10,TELANGANA,Nagarkurnool,5254,PEDDAKOTHAPALLE,205850,PEDDAKOTHAPALLY,11.433640480041504,1,direct_grid,
2022-07-10,TELANGANA,Nagarkurnool,5254,PEDDAKOTHAPALLE,205851,SATHAPUR,10.691621780395508,2,direct_grid,
2022-07-10,TELANGANA,Nagarkurnool,5254,PEDDAKOTHAPALLE,205853,YAPATLA,9.85247802734375,1,area_weighted,
2022-07-10,TELANGANA,Nagarkurnool,7282,Pentlavelli,205402,MALLESHWARAM,6.04026096333585,4,area_weighted,
2022-07-10,TELANGANA,Nagarkurnool,7282,Pentlavelli,205403,MANCHALAKATTA,6.320065498352051,1,direct_grid,
2022-07-10,TELANGANA,Nagarkurnool,7282,Pentlavelli,280232,Madhavaswamy Nagar,6.7812352861612455,2,area_weighted,
2022-07-10,TELANGANA,Nagarkurnool,5256,TADOOR,205872,ANTHARAM,10.977272987365723,1,area_weighted,
2022-07-10,TELANGANA,Nagarkurnool,5256,TADOOR,205873,BALLAN PALLY,10.98733288935494,4,area_weighted,
2022-07-10,TELANGANA,Nagarkurnool,5256,TADOOR,205874,CHERLA ITIKYALA,13.027569974684361,4,area_weighted,
2022-07-10,TELANGANA,Nagarkurnool,5256,TADOOR,205875,CHERLATHIRUMALAPUR,13.912476011698006,3,area_weighted,
2022-07-10,TELANGANA,Nagarkurnool,5256,TADOOR,205876,GOVINDAIPALLY,10.97500419177477,2,area_weighted,
2022-07-10,TELANGANA,Nagarkurnool,5256,TADOOR,205878,INDRAKAL,12.18407917022705,1,direct_grid,
2022-07-10,TELANGANA,Nagarkurnool,5256,TADOOR,205879,ITHOLE,10.977272987365723,1,direct_grid,
2022-07-10,TELANGANA,Nagarkurnool,5256,TADOOR,205880,KUMMERA,12.801837921142578,1,direct_grid,
2022-07-10,TELANGANA,Nagarkurnool,5256,TADOOR,205882,PAPAGAL,10.305890083312988,1,direct_grid,
2022-07-10,TELANGANA,Nagarkurnool,5256,TADOOR,280234,Parvataipally,11.572421073913574,1,direct_grid,
2022-07-10,TELANGANA,Nagarkurnool,5256,TADOOR,205884,SIRSA WADA,9.633390426635742,1,direct_grid,
2022-07-10,TELANGANA,Nagarkurnool,5256,TADOOR,205885,TADOOR,13.737281799316406,1,direct_grid,
2022-07-10,TELANGANA,Nagarkurnool,5256,TADOOR,205886,THUMMALASUGURU,11.908296159739482,2,area_weighted,
2022-07-10,TELANGANA,Nagarkurnool,5256,TADOOR,205887,YADIREDDIPALLY,11.912785575739655,2,area_weighted,
2022-07-10,TELANGANA,Nagarkurnool,5256,TADOOR,205888,YETMATHAPUR,12.223082847006742,4,area_weighted,
2022-07-10,TELANGANA,Nagarkurnool,5258,TELKAPALLE,205913,GADDAMPALLY,12.050655558888561,2,area_weighted,
2022-07-10,TELANGANA,Nagarkurnool,5258,TELKAPALLE,205919,GOUTHAMPALLY,11.945634841918945,1,area_weighted,
2022-07-10,TELANGANA,Nagarkurnool,5258,TELKAPALLE,205923,PEDDAPALLY,11.945634841918945,1,area_weighted,
2022-07-10,TELANGANA,Nagarkurnool,5259,THIMMAJIPETA,205931,APPAJIPALLI,11.732396020648274,2,area_weighted,
2022-07-10,TELANGANA,Nagarkurnool,5259,THIMMAJIPETA,205932,AVANCHA,8.738816261291504,1,direct_grid,
2022-07-10,TELANGANA,Nagarkurnool,5259,THIMMAJIPETA,205933,BAJIPOOR,14.823536632698657,3,area_weighted,
2022-07-10,TELANGANA,Nagarkurnool,5259,THIMMAJIPETA,205934,BAVAJIPALLY,10.540589164993712,4,area_weighted,
2022-07-10,TELANGANA,Nagarkurnool,5259,THIMMAJIPETA,205935,BUDDASAMUDRAM,8.646453807553813,2,area_weighted,
2022-07-10,TELANGANA,Nagarkurnool,5259,THIMMAJIPETA,205936,CHEGUNTA,17.42647361755371,1,direct_grid,
2022-07-10,TELANGANA,Nagarkurnool,5259,THIMMAJIPETA,280254,Chendrainpally Tanda,15.893217336095569,4,area_weighted,
2022-07-10,TELANGANA,Nagarkurnool,5259,THIMMAJIPETA,205937,GORITA,15.82753849029541,1,direct_grid,
2022-07-10,TELANGANA,Nagarkurnool,5259,THIMMAJIPETA,205938,GUMMAKONDA,13.251373291015625,1,direct_grid,
2022-07-10,TELANGANA,Nagarkurnool,5259,THIMMAJIPETA,280255,Hanuman Tanda,11.305503845214844,1,direct_grid,
2022-07-10,TELANGANA,Nagarkurnool,5259,THIMMAJIPETA,280256,Hemla Naik Tanda,12.883218069825748,4,area_weighted,
2022-07-10,TELANGANA,Nagarkurnool,5259,THIMMAJIPETA,205940,KODPARTHY,12.194223236688856,4,area_weighted,
2022-07-10,TELANGANA,Nagarkurnool,5259,THIMMAJIPETA,205941,MAREPALLE,10.417752265930176,1,direct_grid,
2022-07-10,TELANGANA,Nagarkurnool,5259,THIMMAJIPETA,205943,NERELLAPALLY,9.228429745840206,3,area_weighted,
2022-07-10,TELANGANA,Nagarkurnool,5259,THIMMAJIPETA,205944,POTHIREDDIPALLY,11.723865509033203,1,direct_grid,
2022-07-10,TELANGANA,Nagarkurnool,5259,THIMMAJIPETA,205947,THIMMAJIPET,13.953375793063097,3,area_weighted,
2022-07-10,TELANGANA,Nagarkurnool,5259,THIMMAJIPETA,205948,YADIREDDIPALLY,12.234496786181086,4,area_weighted,
2022-07-10,TELANGANA,Narayanpet,5216,DAMARAGIDDA,205007,ANNASAGAR,21.72334663696382,2,area_weighted,
2022-07-10,TELANGANA,Narayanpet,5216,DAMARAGIDDA,205008,ASHANPALLI,21.362380242159286,2,area_weighted,
2022-07-10,TELANGANA,Narayanpet,5216,DAMARAGIDDA,280509,AYYAVARIPALLI,20.566298993834447,2,area_weighted,
2022-07-10,TELANGANA,Narayanpet,5216,DAMARAGIDDA,205009,BAPANPALLE,19.48412534893078,4,area_weighted,
2022-07-10,TELANGANA,Narayanpet,5216,DAMARAGIDDA,205010,BOMMANPAD,17.129884719848633,1,direct_grid,
2022-07-10,TELANGANA,Narayanpet,5216,DAMARAGIDDA,280472,CHAKLIVARIPALLY,20.793697357177734,1,direct_grid,
2022-07-10,TELANGANA,Narayanpet,5216,DAMARAGIDDA,205011,DAMARAGIDDA,19.007204055786133,1,direct_grid,
2022-07-10,TELANGANA,Narayanpet,5216,DAMARAGIDDA,205012,DESAIPALLE,20.758966345295548,3,area_weighted,
2022-07-10,TELANGANA,Narayanpet,5216,DAMARAGIDDA,205013,GADAPPA,22.818134975485577,2,area_weighted,
2022-07-10,TELANGANA,Narayanpet,5216,DAMARAGIDDA,205014,GADIMUNKANPALLE,20.598169326782227,1,direct_grid,
2022-07-10,TELANGANA,Narayanpet,5216,DAMARAGIDDA,205015,KAMSANIPALLE,18.773717992336486,4,area_weighted,
2022-07-10,TELANGANA,Narayanpet,5216,DAMARAGIDDA,205016,KANDANPALLE,20.690883139679514,2,area_weighted,
2022-07-10,TELANGANA,Narayanpet,5216,DAMARAGIDDA,205017,KANKURTHY,21.7276554107666,1,direct_grid,
2022-07-10,TELANGANA,Narayanpet,5216,DAMARAGIDDA,205018,KYATANPALLE,20.67701285081004,3,area_weighted,
2022-07-10,TELANGANA,Narayanpet,5216,DAMARAGIDDA,205019,LOKURTHY,21.143444711179377,4,area_weighted,
2022-07-10,TELANGANA,Narayanpet,5216,DAMARAGIDDA,205021,MALREDDIPALLE,21.41056977302836,2,area_weighted,
2022-07-10,TELANGANA,Narayanpet,5216,DAMARAGIDDA,205022,MOGALA MADAKA,21.677907943725586,1,direct_grid,
2022-07-10,TELANGANA,Narayanpet,5216,DAMARAGIDDA,205023,NARSAPUR,21.687994662597927,2,area_weighted,
2022-07-10,TELANGANA,Narayanpet,5216,DAMARAGIDDA,205024,PIDAMPALLY,20.8110672036431,2,area_weighted,
2022-07-10,TELANGANA,Narayanpet,5216,DAMARAGIDDA,205025,SAJNAPUR,19.57580710872367,4,area_weighted,
2022-07-10,TELANGANA,Narayanpet,5216,DAMARAGIDDA,205026,UDMALGIDDA,20.836747092939966,2,area_weighted,
2022-07-10,TELANGANA,Narayanpet,5216,DAMARAGIDDA,205027,ULLIGUNDAM,22.029731300923757,4,area_weighted,
2022-07-10,TELANGANA,Narayanpet,5216,DAMARAGIDDA,205028,VATHUGUNDLA,19.056299209594727,1,direct_grid,
2022-07-10,TELANGANA,Narayanpet,5216,DAMARAGIDDA,205029,VITTALAPOOR,22.519053215067263,3,area_weighted,
2022-07-10,TELANGANA,Narayanpet,5218,DHANWADA,280514,BUDDAMARRI TANDA,16.560941184290364,5,area_weighted,
2022-07-10,TELANGANA,Narayanpet,5218,DHANWADA,205055,DHANWADA,16.65735744508616,3,area_weighted,
2022-07-10,TELANGANA,Narayanpet,5218,DHANWADA,205056,GOTUR,16.280698635615906,2,area_weighted,
2022-07-10,TELANGANA,Narayanpet,5218,DHANWADA,205057,GUNMUKLA,16.377666473388672,1,direct_grid,
2022-07-10,TELANGANA,Narayanpet,5218,DHANWADA,205059,KAMSANPALLE,16.377666473388672,1,area_weighted,
2022-07-10,TELANGANA,Narayanpet,5218,DHANWADA,205060,KISTAPUR,16.56698735555013,3,direct_grid,
2022-07-10,TELANGANA,Narayanpet,5218,DHANWADA,205063,MANDIPALLE,16.50686632682337,4,area_weighted,
2022-07-10,TELANGANA,Narayanpet,5236,KOSGI,205440,AMLIKUNTA,21.176329881306327,4,area_weighted,
2022-07-10,TELANGANA,Narayanpet,5236,KOSGI,280553,APPAYAPALLY,21.014409195651666,2,area_weighted,
2022-07-10,TELANGANA,Narayanpet,5236,KOSGI,205441,BALABHADRAIPALLE,21.337102014232325,4,area_weighted,
2022-07-10,TELANGANA,Narayanpet,5236,KOSGI,205443,BHAKTHIMALLA,21.66828596682803,3,area_weighted,
2022-07-10,TELANGANA,Narayanpet,5236,KOSGI,205444,BHOGARAM,21.696249084973662,2,area_weighted,
2022-07-10,TELANGANA,Narayanpet,5236,KOSGI,205445,BIJJARAM,21.904511047254616,3,area_weighted,
2022-07-10,TELANGANA,Narayanpet,5236,KOSGI,205446,CHANDRAVANCHA,22.477599316613034,4,area_weighted,
2022-07-10,TELANGANA,Narayanpet,5236,KOSGI,205447,CHENNARAM,22.07004488194962,2,area_weighted,
2022-07-10,TELANGANA,Narayanpet,5236,KOSGI,205448,GUNDMAL,21.003244400024414,1,direct_grid,
2022-07-10,TELANGANA,Narayanpet,5236,KOSGI,205450,KADAMPALLE,21.70346450805664,1,direct_grid,
2022-07-10,TELANGANA,Narayanpet,5236,KOSGI,205452,KOTHAPALLE,22.74775301680043,2,area_weighted,
2022-07-10,TELANGANA,Narayanpet,5236,KOSGI,280561,KUMMARIKUNTA TANDA,20.677740218596725,2,area_weighted,
2022-07-10,TELANGANA,Narayanpet,5236,KOSGI,205455,MIRZAPUR,22.1829833984375,1,direct_grid,
2022-07-10,TELANGANA,Narayanpet,5236,KOSGI,280567,MUKTHIPAD,22.827154384256,4,area_weighted,
2022-07-10,TELANGANA,Narayanpet,5236,KOSGI,205457,MUNGIMALLA,22.58353415942954,2,area_weighted,
2022-07-10,TELANGANA,Narayanpet,5236,KOSGI,205458,MUSHRIFA,22.443515308883022,4,area_weighted,
2022-07-10,TELANGANA,Narayanpet,5236,KOSGI,205459,NACHARAM,22.368769760064364,2,area_weighted,
2022-07-10,TELANGANA,Narayanpet,5236,KOSGI,205462,SARJAKHANPET,21.922350128369317,3,area_weighted,
2022-07-10,TELANGANA,Narayanpet,5236,KOSGI,205463,THOGAPUR,21.577735338967923,4,area_weighted,
2022-07-10,TELANGANA,Narayanpet,7218,Krishna,205564,AINAPUR,22.438180262976793,4,area_weighted,
2022-07-10,TELANGANA,Narayanpet,7218,Krishna,205566,CHEGUNTA,21.413957995589268,4,area_weighted,
2022-07-10,TELANGANA,Narayanpet,7218,Krishna,205567,GUDEBALLUR,20.429737091064453,1,direct_grid,
2022-07-10,TELANGANA,Narayanpet,7218,Krishna,280607,Gurujal,20.97345635166859,3,area_weighted,
2022-07-10,TELANGANA,Narayanpet,7218,Krishna,205568,HINDUPUR,20.78006935119629,1,direct_grid,
2022-07-10,TELANGANA,Narayanpet,7218,Krishna,205575,MUDMAL,20.228380109796042,6,area_weighted,
2022-07-10,TELANGANA,Narayanpet,7218,Krishna,205577,THANGADIGI,21.292338356023215,3,area_weighted,
2022-07-10,TELANGANA,Narayanpet,7218,Krishna,280605,khandoddi,20.11537742614746,2,direct_grid,
2022-07-10,TELANGANA,Narayanpet,7218,Krishna,280617,kusumurthy,21.483362197875977,1,direct_grid,
2022-07-10,TELANGANA,Narayanpet,5240,MADDUR,281970,Achammpally,20.08489265551128,4,area_weighted,
2022-07-10,TELANGANA,Narayanpet,5240,MADDUR,280630,Allipur,19.780185115557927,2,area_weighted,
2022-07-10,TELANGANA,Narayanpet,5240,MADDUR,205521,BHOONED,18.762206609881982,2,area_weighted,
2022-07-10,TELANGANA,Narayanpet,5240,MADDUR,280619,Bheempur,20.55746841430664,2,direct_grid,
2022-07-10,TELANGANA,Narayanpet,5240,MADDUR,205522,CHANWAR,18.81482696533203,1,direct_grid,
2022-07-10,TELANGANA,Narayanpet,5240,MADDUR,205523,CHENNAREDDIPALLY,18.999502182006836,1,direct_grid,
2022-07-10,TELANGANA,Narayanpet,5240,MADDUR,205524,CHINTALDINNE,21.216341718509987,4,area_weighted,
2022-07-10,TELANGANA,Narayanpet,5240,MADDUR,280643,Chendrya naik thanda,21.44400405883789,1,direct_grid,
2022-07-10,TELANGANA,Narayanpet,5240,MADDUR,205525,DAMAGANPURAM,21.511797249818276,2,area_weighted,
2022-07-10,TELANGANA,Narayanpet,5240,MADDUR,205527,DUPPATGHAT,18.614800072963046,2,area_weighted,
2022-07-10,TELANGANA,Narayanpet,5240,MADDUR,280594,Damla Thanda,20.991483476737315,4,area_weighted,
2022-07-10,TELANGANA,Narayanpet,5240,MADDUR,280598,Ekamed,18.5564589057672,4,area_weighted,
2022-07-10,TELANGANA,Narayanpet,5240,MADDUR,205528,GOKULNAGAR,18.6007080078125,1,direct_grid,
2022-07-10,TELANGANA,Narayanpet,5240,MADDUR,280612,Jadavarao pally Thanda,21.405960083007812,1,direct_grid,
2022-07-10,TELANGANA,Narayanpet,5240,MADDUR,205530,KAJIPURAM,20.901022828919483,4,area_weighted,
2022-07-10,TELANGANA,Narayanpet,5240,MADDUR,205532,KOMMUR,20.05819219364873,2,area_weighted,
2022-07-10,TELANGANA,Narayanpet,5240,MADDUR,205533,KOTHAPALLE,20.153182983398438,1,direct_grid,
2022-07-10,TELANGANA,Narayanpet,5240,MADDUR,280637,Lakkaipally,22.234431336848765,2,area_weighted,
2022-07-10,TELANGANA,Narayanpet,5240,MADDUR,205536,MANNAPUR,18.60562832440072,2,area_weighted,
2022-07-10,TELANGANA,Narayanpet,5240,MADDUR,205537,MOMINAPUR,18.945814025890776,2,area_weighted,
2022-07-10,TELANGANA,Narayanpet,5240,MADDUR,205538,NAGIREDDIPALLY,21.422621499513717,2,area_weighted,
2022-07-10,TELANGANA,Narayanpet,5240,MADDUR,205539,NANDIGAM,18.20919267381893,2,area_weighted,
2022-07-10,TELANGANA,Narayanpet,5240,MADDUR,205540,NANDIPAD,22.17230112391622,3,area_weighted,
2022-07-10,TELANGANA,Narayanpet,5240,MADDUR,205541,NIDJINTA,20.06983772350033,4,area_weighted,
2022-07-10,TELANGANA,Narayanpet,5240,MADDUR,205543,PEDRIPAHAD,19.751833700540175,4,area_weighted,
2022-07-10,TELANGANA,Narayanpet,5240,MADDUR,281971,Pedda Thanda,20.109361840697396,2,area_weighted,
2022-07-10,TELANGANA,Narayanpet,5240,MADDUR,280646,Peddapur,19.95594295394509,4,area_weighted,
2022-07-10,TELANGANA,Narayanpet,5240,MADDUR,205545,THIMMAREDDIPALLE,18.56941336650352,2,area_weighted,
2022-07-10,TELANGANA,Narayanpet,5242,MAGANOOR,205563,ADIVISATYAR,19.473380088806152,2,direct_grid,
2022-07-10,TELANGANA,Narayanpet,5242,MAGANOOR,205565,ALAMPALLE,20.24724568673113,4,area_weighted,
2022-07-10,TELANGANA,Narayanpet,5242,MAGANOOR,280587,Ammapally,17.310779571533203,1,direct_grid,
2022-07-10,TELANGANA,Narayanpet,5242,MAGANOOR,280591,Bairampally,18.73737330824729,2,area_weighted,
2022-07-10,TELANGANA,Narayanpet,5242,MAGANOOR,280585,Gururaolingampally,18.217418670654297,1,area_weighted,
2022-07-10,TELANGANA,Narayanpet,5242,MAGANOOR,205569,KOLPUR,20.04996521275958,2,area_weighted,
2022-07-10,TELANGANA,Narayanpet,5242,MAGANOOR,205570,KOTHAPALLE,18.217418670654297,1,direct_grid,
2022-07-10,TELANGANA,Narayanpet,5242,MAGANOOR,205573,MAGANOOR,18.77689922255682,4,area_weighted,
2022-07-10,TELANGANA,Narayanpet,5242,MAGANOOR,205574,MANDIPALLI,19.984922409057617,1,direct_grid,
2022-07-10,TELANGANA,Narayanpet,5242,MAGANOOR,205576,NERADGAM,17.262758255004883,1,direct_grid,
2022-07-10,TELANGANA,Narayanpet,5242,MAGANOOR,205578,UJJELLI,17.521645839784966,2,area_weighted,
2022-07-10,TELANGANA,Narayanpet,5242,MAGANOOR,205579,WADWAT,18.115365823608716,4,area_weighted,
2022-07-10,TELANGANA,Narayanpet,5242,MAGANOOR,205580,WARKOOR,16.296850204467773,1,direct_grid,
2022-07-10,TELANGANA,Narayanpet,5244,MAKTHAL,280559,ANKENPALLY,19.68545288906492,4,area_weighted,
2022-07-10,TELANGANA,Narayanpet,5244,MAKTHAL,280579,BHAGAVANPALLY,19.212433042461015,2,area_weighted,
2022-07-10,TELANGANA,Narayanpet,5244,MAKTHAL,205608,BHOOTHPUR,17.331418991088867,1,direct_grid,
2022-07-10,TELANGANA,Narayanpet,5244,MAKTHAL,205610,CHINNAGOPLAPUR,19.538807433141912,3,area_weighted,
2022-07-10,TELANGANA,Narayanpet,5244,MAKTHAL,205611,CHITYAL,19.711078643798828,1,direct_grid,
2022-07-10,TELANGANA,Narayanpet,5244,MAKTHAL,205612,DASARDODDI,16.293938722182872,2,area_weighted,
2022-07-10,TELANGANA,Narayanpet,5244,MAKTHAL,205613,GOLLAPALLY,14.406204223632812,1,direct_grid,
2022-07-10,TELANGANA,Narayanpet,5244,MAKTHAL,205614,GUDIGANDLA,15.80244255065918,1,direct_grid,
2022-07-10,TELANGANA,Narayanpet,5244,MAKTHAL,280576,GURLAPALLY,15.670552484921936,2,area_weighted,
2022-07-10,TELANGANA,Narayanpet,5244,MAKTHAL,205615,JAKLAIR,15.800559997558594,1,direct_grid,
2022-07-10,TELANGANA,Narayanpet,5244,MAKTHAL,205616,KACHWAR,15.490659717107176,3,area_weighted,
2022-07-10,TELANGANA,Narayanpet,5244,MAKTHAL,205617,KARNI,17.297195434570312,1,direct_grid,
2022-07-10,TELANGANA,Narayanpet,5244,MAKTHAL,205618,KATREVPALLE,16.953461712711295,3,area_weighted,
2022-07-10,TELANGANA,Narayanpet,5244,MAKTHAL,205619,KHANAPUR,17.118861779646217,4,area_weighted,
2022-07-10,TELANGANA,Narayanpet,5244,MAKTHAL,280577,KONDADODDI,18.623020686810573,3,area_weighted,
2022-07-10,TELANGANA,Narayanpet,5244,MAKTHAL,205620,LINGAMPALLE,15.271109529695515,2,area_weighted,
2022-07-10,TELANGANA,Narayanpet,5244,MAKTHAL,205621,MADWAR,15.127131462097168,1,direct_grid,
2022-07-10,TELANGANA,Narayanpet,5244,MAKTHAL,205623,MANTHANGOD,14.78299331665039,1,direct_grid,
2022-07-10,TELANGANA,Narayanpet,5244,MAKTHAL,205624,MUSALAIPALLE,20.443635940551758,1,direct_grid,
2022-07-10,TELANGANA,Narayanpet,5244,MAKTHAL,205625,MUSTIPALLE,19.07879404452734,3,area_weighted,
2022-07-10,TELANGANA,Narayanpet,5244,MAKTHAL,205626,PANCHADEVUPAD,20.982144586901804,2,area_weighted,
2022-07-10,TELANGANA,Narayanpet,5244,MAKTHAL,205627,PANCHALINGAL,19.30262146485349,4,area_weighted,
2022-07-10,TELANGANA,Narayanpet,5244,MAKTHAL,205628,PASPUL,20.383378254609006,4,area_weighted,
2022-07-10,TELANGANA,Narayanpet,5244,MAKTHAL,205629,RUDRASAMUDRAM,16.018623327456137,4,area_weighted,
2022-07-10,TELANGANA,Narayanpet,5244,MAKTHAL,205630,SANGAMBANDA,14.9829959228889,4,area_weighted,
2022-07-10,TELANGANA,Narayanpet,5244,MAKTHAL,205631,SATYAWAR,19.109468460083008,1,direct_grid,
2022-07-10,TELANGANA,Narayanpet,5244,MAKTHAL,205632,SOMESHWARBANDA,16.2113674448011,4,area_weighted,
2022-07-10,TELANGANA,Narayanpet,7277,Marikal,205053,APPAMPALLY,16.256847381591797,1,direct_grid,
2022-07-10,TELANGANA,Narayanpet,7277,Marikal,281991,BUDDEGANI TANDA (K),15.944713592529297,1,direct_grid,
2022-07-10,TELANGANA,Narayanpet,7277,Marikal,205746,CHITTANUR,15.204203160459087,4,area_weighted,
2022-07-10,TELANGANA,Narayanpet,7277,Marikal,205747,EKLASPUR,15.944713592529297,1,area_weighted,
2022-07-10,TELANGANA,Narayanpet,7277,Marikal,280540,Ibrahimpatnam,15.924599647521973,1,direct_grid,
2022-07-10,TELANGANA,Narayanpet,7277,Marikal,205751,JINNARAM,15.482695579528809,1,direct_grid,
2022-07-10,TELANGANA,Narayanpet,7277,Marikal,205062,MADWAR,16.35760803754674,4,area_weighted,
2022-07-10,TELANGANA,Narayanpet,7277,Marikal,205065,PASPULA,16.256927598775075,2,area_weighted,
2022-07-10,TELANGANA,Narayanpet,7277,Marikal,205066,PEDDACHINTAKUNTA,16.914600905496947,4,area_weighted,
2022-07-10,TELANGANA,Narayanpet,7277,Marikal,205067,POOSALPAD,16.21772003173828,1,direct_grid,
2022-07-10,TELANGANA,Narayanpet,7277,Marikal,205068,RAKONDA,18.248436702636756,3,area_weighted,
2022-07-10,TELANGANA,Narayanpet,7277,Marikal,205070,TEELAIR,16.320458560242994,4,area_weighted,
2022-07-10,TELANGANA,Narayanpet,7277,Marikal,205071,YELIGANDLA,16.246015324109774,4,area_weighted,
2022-07-10,TELANGANA,Narayanpet,5249,NARAYANPET,205724,ABHANGAPUR,16.89327049255371,1,direct_grid,
2022-07-10,TELANGANA,Narayanpet,5249,NARAYANPET,205725,AMMIREDDIPALLE,17.089514646989578,3,area_weighted,
2022-07-10,TELANGANA,Narayanpet,5249,NARAYANPET,205726,ANTHWAR,16.87594223022461,1,direct_grid,
2022-07-10,TELANGANA,Narayanpet,5249,NARAYANPET,205727,APPAKPALLY,17.043472290039062,1,area_weighted,
2022-07-10,TELANGANA,Narayanpet,5249,NARAYANPET,205728,APPIREDDIPALLE,17.128484122881016,4,area_weighted,
2022-07-10,TELANGANA,Narayanpet,5249,NARAYANPET,205731,BOINPALLY,16.982240676879883,1,direct_grid,
2022-07-10,TELANGANA,Narayanpet,5249,NARAYANPET,205732,CHINNAJATRAM,17.020105384584024,3,area_weighted,
2022-07-10,TELANGANA,Narayanpet,5249,NARAYANPET,205733,EKLASPUR,18.020148439402675,4,area_weighted,
2022-07-10,TELANGANA,Narayanpet,5249,NARAYANPET,205734,JAJAPUR,17.06761965366489,2,area_weighted,
2022-07-10,TELANGANA,Narayanpet,5249,NARAYANPET,205736,KOLLAMPALLY,16.68576431274414,1,direct_grid,
2022-07-10,TELANGANA,Narayanpet,5249,NARAYANPET,205737,KOTAKONDA,16.776546562635097,2,area_weighted,
2022-07-10,TELANGANA,Narayanpet,5249,NARAYANPET,280507,Meedi Thanda,18.180920994769977,4,area_weighted,
2022-07-10,TELANGANA,Narayanpet,5249,NARAYANPET,280508,Mekha Hanman Thanda,16.892939626795684,6,area_weighted,
2022-07-10,TELANGANA,Narayanpet,5249,NARAYANPET,205741,SHERNAPALLY,17.177174665412654,3,area_weighted,
2022-07-10,TELANGANA,Narayanpet,5249,NARAYANPET,205742,SINGARAM,17.143457412719727,1,direct_grid,
2022-07-10,TELANGANA,Narayanpet,5250,NARVA,205744,BEKKARAPALLE,16.47997147435169,4,area_weighted,
2022-07-10,TELANGANA,Narayanpet,5250,NARVA,205749,JAKKANNAPALLE,16.439115921413823,3,area_weighted,
2022-07-10,TELANGANA,Narayanpet,5250,NARVA,205750,JANGAMREDDIPALLE,15.80244255065918,1,area_weighted,
2022-07-10,TELANGANA,Narayanpet,5250,NARVA,205752,KALWAL,18.171672623802493,2,area_weighted,
2022-07-10,TELANGANA,Narayanpet,5250,NARVA,205754,KOTHAPALLI,17.073020935058594,1,direct_grid,
2022-07-10,TELANGANA,Narayanpet,5250,NARVA,205755,KUMARLINGAMPALLE,14.928680419921875,1,direct_grid,
2022-07-10,TELANGANA,Narayanpet,5250,NARVA,205756,LANKAL,15.197968482971191,1,direct_grid,
2022-07-10,TELANGANA,Narayanpet,5250,NARVA,205759,NARVA,15.492704686269834,4,area_weighted,
2022-07-10,TELANGANA,Narayanpet,5250,NARVA,205760,PATHERCHED,15.3114811584601,3,area_weighted,
2022-07-10,TELANGANA,Narayanpet,5250,NARVA,205761,PEDDAKADMOOR,18.743886947631836,1,direct_grid,
2022-07-10,TELANGANA,Narayanpet,5250,NARVA,205762,RAIKODE,15.104497909545898,1,direct_grid,
2022-07-10,TELANGANA,Narayanpet,5250,NARVA,205763,RAMPUR,15.159074375817758,2,area_weighted,
2022-07-10,TELANGANA,Narayanpet,5250,NARVA,205764,SEEPUR,17.181475420982697,4,area_weighted,
2022-07-10,TELANGANA,Narayanpet,5250,NARVA,205765,UNDEKODE,15.361492807897976,4,area_weighted,
2022-07-10,TELANGANA,Narayanpet,5250,NARVA,205766,YAMKI,16.76970672607422,1,direct_grid,
2022-07-10,TELANGANA,Narayanpet,5250,NARVA,280441,Yellampally,17.946238326378243,2,area_weighted,
2022-07-10,TELANGANA,Narayanpet,5261,UTKOOR,205964,AMINPUR,18.4337100982666,1,direct_grid,
2022-07-10,TELANGANA,Narayanpet,5261,UTKOOR,205730,BHAIRAMKONDA,18.420225143432617,1,direct_grid,
2022-07-10,TELANGANA,Narayanpet,5261,UTKOOR,205966,BIJWAR,16.528296396397145,4,area_weighted,
2022-07-10,TELANGANA,Narayanpet,5261,UTKOOR,205967,CHINNAPORLA,16.056908355399553,4,area_weighted,
2022-07-10,TELANGANA,Narayanpet,5261,UTKOOR,205968,EDIVELLY,15.415935516357422,1,direct_grid,
2022-07-10,TELANGANA,Narayanpet,5261,UTKOOR,205735,JALALPOOR,18.445678844367734,2,area_weighted,
2022-07-10,TELANGANA,Narayanpet,5261,UTKOOR,205969,KOLLUR,15.883782386779785,1,direct_grid,
2022-07-10,TELANGANA,Narayanpet,5261,UTKOOR,280420,Laxmipally,16.752826690673828,1,area_weighted,
2022-07-10,TELANGANA,Narayanpet,5261,UTKOOR,205971,MALLEPALLE,16.059638336174086,3,area_weighted,
2022-07-10,TELANGANA,Narayanpet,5261,UTKOOR,205972,NIDUGURTHI,17.043472290039062,1,direct_grid,
2022-07-10,TELANGANA,Narayanpet,5261,UTKOOR,205973,OBLAPUR,17.197503842891802,4,area_weighted,
2022-07-10,TELANGANA,Narayanpet,5261,UTKOOR,205974,PAGIDIMARRI,16.93511390686035,1,direct_grid,
2022-07-10,TELANGANA,Narayanpet,5261,UTKOOR,205975,PATHAPALLE,16.85725569084175,2,area_weighted,
2022-07-10,TELANGANA,Narayanpet,5261,UTKOOR,205976,PEDDAJATRAM,16.90879249572754,1,direct_grid,
2022-07-10,TELANGANA,Narayanpet,5261,UTKOOR,205977,PEDDAPORLA,16.230329513549805,1,direct_grid,
2022-07-10,TELANGANA,Narayanpet,5261,UTKOOR,205978,PULMAMIDI,16.314720153808594,1,direct_grid,
2022-07-10,TELANGANA,Narayanpet,5261,UTKOOR,205979,THIPRASPALLE,16.93461974724233,4,area_weighted,
2022-07-10,TELANGANA,Narayanpet,5261,UTKOOR,205980,UTKOOR,16.72327709197998,2,direct_grid,
2022-07-10,TELANGANA,Narayanpet,5261,UTKOOR,205981,VALLAMPALLE,16.970102309487903,3,area_weighted,
2022-07-10,TELANGANA,Ranga Reddy,5221,FAROOQNAGAR,205118,ANNARAM,12.386107926410677,4,area_weighted,
2022-07-10,TELANGANA,Ranga Reddy,5221,FAROOQNAGAR,205119,AYYAWARI PALLE,15.419243703941735,4,area_weighted,
2022-07-10,TELANGANA,Ranga Reddy,5221,FAROOQNAGAR,205120,BHEEMARAM,15.901796340942383,1,direct_grid,
2022-07-10,TELANGANA,Ranga Reddy,5221,FAROOQNAGAR,205121,BUCHIGUDA,9.630635261535645,1,direct_grid,
2022-07-10,TELANGANA,Ranga Reddy,5221,FAROOQNAGAR,205122,BURGUL,11.957245835645244,4,area_weighted,
2022-07-10,TELANGANA,Ranga Reddy,5221,FAROOQNAGAR,205123,CHILKAMARRI,12.59275885168183,2,area_weighted,
2022-07-10,TELANGANA,Ranga Reddy,5221,FAROOQNAGAR,205126,CHOWLAPALLY,13.54382038116455,1,direct_grid,
2022-07-10,TELANGANA,Ranga Reddy,5221,FAROOQNAGAR,281689,Chowdammagutta thanda,13.249039093452499,3,area_weighted,
2022-07-10,TELANGANA,Ranga Reddy,5221,FAROOQNAGAR,205128,DOOSKAL,9.534695520500952,3,area_weighted,
2022-07-10,TELANGANA,Ranga Reddy,5221,FAROOQNAGAR,281700,Devunibanda thanda,10.805983053243464,2,area_weighted,
2022-07-10,TELANGANA,Ranga Reddy,5221,FAROOQNAGAR,205129,ELKATTA,12.610220101529974,4,area_weighted,
2022-07-10,TELANGANA,Ranga Reddy,5221,FAROOQNAGAR,281691,Giraigutta thanda,15.55565796115052,2,area_weighted,
2022-07-10,TELANGANA,Ranga Reddy,5221,FAROOQNAGAR,205131,HAJIPALLE,11.66682993781623,3,area_weighted,
2022-07-10,TELANGANA,Ranga Reddy,5221,FAROOQNAGAR,205134,KANDIVANAM,14.874383926391602,1,direct_grid,
2022-07-10,TELANGANA,Ranga Reddy,5221,FAROOQNAGAR,205136,KONDANNAGUDA,10.01786647294213,5,area_weighted,
2022-07-10,TELANGANA,Ranga Reddy,5221,FAROOQNAGAR,281696,Kadialakunta thanda,12.695500373840332,1,direct_grid,
2022-07-10,TELANGANA,Ranga Reddy,5221,FAROOQNAGAR,205137,LINGAREDDYGUDA,10.72871889607628,2,area_weighted,
2022-07-10,TELANGANA,Ranga Reddy,5221,FAROOQNAGAR,205138,MADHURAPUR,10.481841194288146,2,area_weighted,
2022-07-10,TELANGANA,Ranga Reddy,5221,FAROOQNAGAR,205139,MOGALAGIDDA,13.389687341754618,4,area_weighted,
2022-07-10,TELANGANA,Ranga Reddy,5221,FAROOQNAGAR,281701,Mondoni rai thanda,14.093504586196632,4,area_weighted,
2022-07-10,TELANGANA,Ranga Reddy,5221,FAROOQNAGAR,205140,NAGULA PALLE,10.712152481079102,1,direct_grid,
2022-07-10,TELANGANA,Ranga Reddy,5221,FAROOQNAGAR,205141,RAIKAL,14.369818362111962,2,area_weighted,
2022-07-10,TELANGANA,Ranga Reddy,5221,FAROOQNAGAR,281684,Sheriguda,10.492382189926026,2,area_weighted,
2022-07-10,TELANGANA,Ranga Reddy,7335,Jilled Chowdergudem,205412,CHEGIREDDI GHANPUR,18.07541514895097,2,area_weighted,
2022-07-10,TELANGANA,Ranga Reddy,7335,Jilled Chowdergudem,288939,Chowderguda,17.20554691615242,4,area_weighted,
2022-07-10,TELANGANA,Ranga Reddy,7335,Jilled Chowdergudem,288935,Dharmya Thanda,18.42879867553711,1,direct_grid,
2022-07-10,TELANGANA,Ranga Reddy,7335,Jilled Chowdergudem,205415,EDIRA,18.55157106105816,6,area_weighted,
2022-07-10,TELANGANA,Ranga Reddy,7335,Jilled Chowdergudem,288937,Elkaguda,17.326404607018564,4,area_weighted,
2022-07-10,TELANGANA,Ranga Reddy,7335,Jilled Chowdergudem,205417,GUNJALAPAHAD,18.978347778320312,1,direct_grid,
2022-07-10,TELANGANA,Ranga Reddy,7335,Jilled Chowdergudem,205418,GURRAMPALLE,17.881757736206055,1,area_weighted,
2022-07-10,TELANGANA,Ranga Reddy,7335,Jilled Chowdergudem,205419,INDRANAGAR,16.719589531160025,2,area_weighted,
2022-07-10,TELANGANA,Ranga Reddy,7335,Jilled Chowdergudem,205420,JAKARAM,18.995551876854012,3,area_weighted,
2022-07-10,TELANGANA,Ranga Reddy,7335,Jilled Chowdergudem,288940,Lachampeta,16.687541961669922,1,area_weighted,
2022-07-10,TELANGANA,Ranga Reddy,7335,Jilled Chowdergudem,205427,PEDDA YELKICHERLA,18.4827064063972,2,area_weighted,
2022-07-10,TELANGANA,Ranga Reddy,7335,Jilled Chowdergudem,205428,RAVIRYAL,17.881757736206055,1,direct_grid,
2022-07-10,TELANGANA,Ranga Reddy,7335,Jilled Chowdergudem,205433,THOOMPALLE,16.687541961669922,1,direct_grid,
2022-07-10,TELANGANA,Ranga Reddy,7335,Jilled Chowdergudem,205437,VEERANNAPETA,18.365147385874685,2,area_weighted,
2022-07-10,TELANGANA,Ranga Reddy,5230,KESHAMPETA,205316,ALWAL,9.726247787475586,1,direct_grid,
2022-07-10,TELANGANA,Ranga Reddy,5230,KESHAMPETA,205317,BHAIRKHANPALLE,9.041229418226665,3,area_weighted,
2022-07-10,TELANGANA,Ranga Reddy,5230,KESHAMPETA,205318,BODANAMPALLE,9.126900663460006,2,area_weighted,
2022-07-10,TELANGANA,Ranga Reddy,5230,KESHAMPETA,281681,CHINTAKUNTA PALLE,9.951189994812012,1,direct_grid,
2022-07-10,TELANGANA,Ranga Reddy,5230,KESHAMPETA,205319,CHOWLAPALLE,9.209689140319824,1,area_weighted,
2022-07-10,TELANGANA,Ranga Reddy,5230,KESHAMPETA,281676,DATTAIPALLE,10.323037147521973,1,direct_grid,
2022-07-10,TELANGANA,Ranga Reddy,5230,KESHAMPETA,281674,DEVUNIGUDI TANDA,10.17998683686644,4,area_weighted,
2022-07-10,TELANGANA,Ranga Reddy,5230,KESHAMPETA,205320,EKLASKHAMPETA,9.743774399115246,4,area_weighted,
2022-07-10,TELANGANA,Ranga Reddy,5230,KESHAMPETA,205322,KAKANOOR,9.221340399725985,4,area_weighted,
2022-07-10,TELANGANA,Ranga Reddy,5230,KESHAMPETA,205323,KESHAMPET,9.209689140319824,1,direct_grid,
2022-07-10,TELANGANA,Ranga Reddy,5230,KESHAMPETA,281680,KONAIPALLE,9.526293274799555,2,area_weighted,
2022-07-10,TELANGANA,Ranga Reddy,5230,KESHAMPETA,205325,KOTHAPETA,9.625687027502277,2,area_weighted,
2022-07-10,TELANGANA,Ranga Reddy,5230,KESHAMPETA,205326,LEMAMIDI,8.755601327680706,2,area_weighted,
2022-07-10,TELANGANA,Ranga Reddy,5230,KESHAMPETA,205327,LINGAMDANA,8.404751498301966,3,area_weighted,
2022-07-10,TELANGANA,Ranga Reddy,5230,KESHAMPETA,205328,NIRDAVALLY,8.749979019165039,1,direct_grid,
2022-07-10,TELANGANA,Ranga Reddy,5230,KESHAMPETA,205329,PAPIREDDIGUDA,10.638940811157227,1,direct_grid,
2022-07-10,TELANGANA,Ranga Reddy,5230,KESHAMPETA,281679,POLKONGUTTA TANDA,9.636191939263773,3,area_weighted,
2022-07-10,TELANGANA,Ranga Reddy,5230,KESHAMPETA,205330,POMALPALLE,9.946426255192211,4,area_weighted,
2022-07-10,TELANGANA,Ranga Reddy,5230,KESHAMPETA,281678,PUTTAVANIGUDA,10.072727054546853,4,area_weighted,
2022-07-10,TELANGANA,Ranga Reddy,5230,KESHAMPETA,205333,THOMMIDIREKULA,9.351683232668067,4,area_weighted,
2022-07-10,TELANGANA,Ranga Reddy,5235,KONDURG,205411,AGRYAL,17.333385868736453,2,area_weighted,
2022-07-10,TELANGANA,Ranga Reddy,5235,KONDURG,288944,Ayodyapur Thanda,14.657374270416572,4,area_weighted,
2022-07-10,TELANGANA,Ranga Reddy,5235,KONDURG,288942,Bairampally,14.848259016043684,2,area_weighted,
2022-07-10,TELANGANA,Ranga Reddy,5235,KONDURG,205413,CHERUKUPALLE,16.71314954061684,2,area_weighted,
2022-07-10,TELANGANA,Ranga Reddy,5235,KONDURG,205422,KONDURG,15.278972625732422,1,direct_grid,
2022-07-10,TELANGANA,Ranga Reddy,5235,KONDURG,288945,Laxmidevunipally,17.085773619938802,2,area_weighted,
2022-07-10,TELANGANA,Ranga Reddy,5235,KONDURG,205423,MAHADEVPOOR,15.265234879984458,2,area_weighted,
2022-07-10,TELANGANA,Ranga Reddy,5235,KONDURG,205426,PARVATHPUR,16.34218723411894,3,area_weighted,
2022-07-10,TELANGANA,Ranga Reddy,5235,KONDURG,205430,SRIRANGAPUR,13.825138575779876,2,area_weighted,
2022-07-10,TELANGANA,Ranga Reddy,5235,KONDURG,205431,TANGELLAPALLE,16.4506893157959,1,direct_grid,
2022-07-10,TELANGANA,Ranga Reddy,5235,KONDURG,205436,UTTARASPALLE,15.278972625732422,1,area_weighted,
2022-07-10,TELANGANA,Ranga Reddy,5235,KONDURG,205439,VISWANATHPUR,16.698181492134708,2,area_weighted,
2022-07-10,TELANGANA,Ranga Reddy,5238,KOTHUR,205493,INMULNARVA,8.775595373945812,2,area_weighted,
2022-07-10,TELANGANA,Ranga Reddy,5238,KOTHUR,205494,KODICHERLA,8.157346163586237,2,area_weighted,
2022-07-10,TELANGANA,Ranga Reddy,5238,KOTHUR,205501,PENJERLA,8.474302291870117,1,direct_grid,
2022-07-10,TELANGANA,Ranga Reddy,5238,KOTHUR,205503,SERIGUDABHADRAYAPALLY,8.3624488117123,2,area_weighted,
2022-07-10,TELANGANA,Ranga Reddy,5238,KOTHUR,205504,SIDDAPUR,8.759340286254883,1,direct_grid,
2022-07-10,TELANGANA,Ranga Reddy,5522,MAHESHWARAM,277769,DABILGUDA,8.016956329345703,1,area_weighted,
2022-07-10,TELANGANA,Ranga Reddy,5522,MAHESHWARAM,210173,DUBBACHERLA,8.016956329345703,1,area_weighted,
2022-07-10,TELANGANA,Ranga Reddy,5522,MAHESHWARAM,277776,Dilawarguda,8.326932729214766,2,area_weighted,
2022-07-10,TELANGANA,Ranga Reddy,5522,MAHESHWARAM,210177,KALVAKOLE,8.016956329345703,1,area_weighted,
2022-07-10,TELANGANA,Ranga Reddy,5522,MAHESHWARAM,210186,PORANDLA,8.759340286254883,1,area_weighted,
2022-07-10,TELANGANA,Ranga Reddy,5522,MAHESHWARAM,210190,SUBHANPUR,8.016956329345703,1,direct_grid,
2022-07-10,TELANGANA,Ranga Reddy,7301,Nandigama,281712,Appareddyguda,9.650082086230261,2,area_weighted,
2022-07-10,TELANGANA,Ranga Reddy,7301,Nandigama,205491,EDULAPALLE,10.712152481079102,1,area_weighted,
2022-07-10,TELANGANA,Ranga Reddy,7301,Nandigama,205499,NANDIGAMA,8.721223831176758,1,direct_grid,
2022-07-10,TELANGANA,Ranga Reddy,5535,SHABAD,210418,ANTHARAM,12.471914291381836,1,area_weighted,
2022-07-10,TELANGANA,Ranga Reddy,5535,SHABAD,278301,Appareddyguda,13.800626754760742,1,direct_grid,
2022-07-10,TELANGANA,Ranga Reddy,5535,SHABAD,278304,Cherlaguda,13.09890212115453,2,area_weighted,
2022-07-10,TELANGANA,Ranga Reddy,5535,SHABAD,210425,KAKLOOR,12.471914291381836,1,direct_grid,
2022-07-10,TELANGANA,Ranga Reddy,5535,SHABAD,210426,KESARAM,11.871705528874084,2,area_weighted,
2022-07-10,TELANGANA,Ranga Reddy,5257,TALAKONDAPALLE,205889,ANTHARAM,8.070969915104111,3,area_weighted,
2022-07-10,TELANGANA,Ranga Reddy,5257,TALAKONDAPALLE,205891,CHANDRADANA,8.277940673954346,2,area_weighted,
2022-07-10,TELANGANA,Ranga Reddy,5257,TALAKONDAPALLE,205897,JULAPALLE,8.207542419433594,1,direct_grid,
2022-07-10,TELANGANA,Ranga Reddy,5257,TALAKONDAPALLE,244062,LINGARAOPALLY,9.126744498316896,2,area_weighted,
2022-07-10,TELANGANA,Ranga Reddy,5257,TALAKONDAPALLE,281771,MADAIPALLY,7.1587653160095215,1,direct_grid,
2022-07-10,TELANGANA,Ranga Reddy,5257,TALAKONDAPALLE,205904,TALAKONDAPALLE,8.749979019165039,1,area_weighted,
2022-07-10,TELANGANA,Ranga Reddy,5257,TALAKONDAPALLE,205906,VENKATAPUR,7.635571520148915,4,area_weighted,
2022-07-10,TELANGANA,Vikarabad,5511,BASHEERABAD,277695,Ismailpur,20.525852212841027,2,area_weighted,
2022-07-10,TELANGANA,Vikarabad,5511,BASHEERABAD,277688,Kamsanpally (B),20.409431316211514,2,area_weighted,
2022-07-10,TELANGANA,Vikarabad,5214,BOMRASPETA,204962,AMSANPALLE,19.13247299194336,1,direct_grid,
2022-07-10,TELANGANA,Vikarabad,5214,BOMRASPETA,281781,Alikhanpally,20.677146911621094,1,direct_grid,
2022-07-10,TELANGANA,Vikarabad,5214,BOMRASPETA,204963,BAPALLY TANDA,18.87126350402832,1,direct_grid,
2022-07-10,TELANGANA,Vikarabad,5214,BOMRASPETA,281782,Bapancheruvu Thanda,19.443810368272704,2,area_weighted,
2022-07-10,TELANGANA,Vikarabad,5214,BOMRASPETA,204966,CHILMALMAILWAR,19.16977434163711,2,area_weighted,
2022-07-10,TELANGANA,Vikarabad,5214,BOMRASPETA,204967,CHOWDAPALLE,19.07693547501855,2,area_weighted,
2022-07-10,TELANGANA,Vikarabad,5214,BOMRASPETA,281788,Chettupally Thanda,19.21034267226134,2,area_weighted,
2022-07-10,TELANGANA,Vikarabad,5214,BOMRASPETA,204970,ERLAPALLY,19.754657949082457,2,area_weighted,
2022-07-10,TELANGANA,Vikarabad,5214,BOMRASPETA,204972,GOURARAM,19.019327098010763,3,area_weighted,
2022-07-10,TELANGANA,Vikarabad,5214,BOMRASPETA,204973,HAKIMPETA,20.46796417236328,1,direct_grid,
2022-07-10,TELANGANA,Vikarabad,5214,BOMRASPETA,204974,KOTHUR,19.13247299194336,1,area_weighted,
2022-07-10,TELANGANA,Vikarabad,5214,BOMRASPETA,204975,LAGCHERLA,20.469294083580465,4,area_weighted,
2022-07-10,TELANGANA,Vikarabad,5214,BOMRASPETA,204976,LINGAMPALLE,19.13247299194336,1,area_weighted,
2022-07-10,TELANGANA,Vikarabad,5214,BOMRASPETA,281776,Medichettu Thanda,18.87126350402832,1,area_weighted,
2022-07-10,TELANGANA,Vikarabad,5214,BOMRASPETA,204980,NAGEREDDIPALLE,19.13247299194336,1,area_weighted,
2022-07-10,TELANGANA,Vikarabad,5214,BOMRASPETA,281791,Nazkhanpally,19.569515228271484,1,direct_grid,
2022-07-10,TELANGANA,Vikarabad,5214,BOMRASPETA,204982,POLEPALLE,20.4956497287468,4,area_weighted,
2022-07-10,TELANGANA,Vikarabad,5514,DOMA,209992,AINAPUR,19.594994154647473,3,area_weighted,
2022-07-10,TELANGANA,Vikarabad,5514,DOMA,209993,BACHPALLY,18.066383361816406,1,direct_grid,
2022-07-10,TELANGANA,Vikarabad,5514,DOMA,209994,BADAMPALLY,19.290882243749397,4,area_weighted,
2022-07-10,TELANGANA,Vikarabad,5514,DOMA,209995,BOMPALLY,18.066383361816406,1,area_weighted,
2022-07-10,TELANGANA,Vikarabad,5514,DOMA,209996,BRAHMANPALLY,18.40497911804009,2,area_weighted,
2022-07-10,TELANGANA,Vikarabad,5514,DOMA,209997,BUDLAPUR,18.397141877454576,2,area_weighted,
2022-07-10,TELANGANA,Vikarabad,5514,DOMA,209998,DADAPUR,20.61904972866276,2,area_weighted,
2022-07-10,TELANGANA,Vikarabad,5514,DOMA,209999,DIRSAMPALLY,18.39310073852539,1,direct_grid,
2022-07-10,TELANGANA,Vikarabad,5514,DOMA,210000,DOMA,18.110302326675818,2,area_weighted,
2022-07-10,TELANGANA,Vikarabad,5514,DOMA,210001,DONGAYENKEPALLY,17.444887161254883,1,area_weighted,
2022-07-10,TELANGANA,Vikarabad,5514,DOMA,210002,DORNALPALLY,17.86778964905043,2,area_weighted,
2022-07-10,TELANGANA,Vikarabad,5514,DOMA,210003,GUDUR,17.444887161254883,1,direct_grid,
2022-07-10,TELANGANA,Vikarabad,5514,DOMA,210004,GUMDAL,21.737539020644526,2,area_weighted,
2022-07-10,TELANGANA,Vikarabad,5514,DOMA,277731,Gonyanaik Thanda,19.55954933166504,1,direct_grid,
2022-07-10,TELANGANA,Vikarabad,5514,DOMA,210005,KISTAPUR,18.39310073852539,1,area_weighted,
2022-07-10,TELANGANA,Vikarabad,5514,DOMA,277732,Khamam Nacharam,18.293289410668944,2,area_weighted,
2022-07-10,TELANGANA,Vikarabad,5514,DOMA,277724,Lingampally,18.158886719292152,2,area_weighted,
2022-07-10,TELANGANA,Vikarabad,5514,DOMA,210007,MALLEPALLY,19.877893447875977,1,direct_grid,
2022-07-10,TELANGANA,Vikarabad,5514,DOMA,210009,OOTPALLY,18.11347644543644,2,area_weighted,
2022-07-10,TELANGANA,Vikarabad,5514,DOMA,210010,PALEPALLY,18.857243469979014,4,area_weighted,
2022-07-10,TELANGANA,Vikarabad,5514,DOMA,210012,SIVAREDDYPALLY,17.488487975721952,2,area_weighted,
2022-07-10,TELANGANA,Vikarabad,5220,DOULATABAD,205098,ANTHWAR,22.83864974975586,1,direct_grid,
2022-07-10,TELANGANA,Vikarabad,5220,DOULATABAD,281799,Allapur,23.580203977932022,3,area_weighted,
2022-07-10,TELANGANA,Vikarabad,5220,DOULATABAD,205099,BALAMPETA,22.779118799393622,2,area_weighted,
2022-07-10,TELANGANA,Vikarabad,5220,DOULATABAD,205100,BICHAL,24.073261260986328,1,direct_grid,
2022-07-10,TELANGANA,Vikarabad,5220,DOULATABAD,281804,Bandivada,22.638042449951172,1,direct_grid,
2022-07-10,TELANGANA,Vikarabad,5220,DOULATABAD,205101,CHALLAPUR,22.285759901918187,2,area_weighted,
2022-07-10,TELANGANA,Vikarabad,5220,DOULATABAD,205102,CHANDRAKAL,22.966685267382807,2,area_weighted,
2022-07-10,TELANGANA,Vikarabad,5220,DOULATABAD,205103,DEVARFASLAWAD,21.85696682976664,4,area_weighted,
2022-07-10,TELANGANA,Vikarabad,5220,DOULATABAD,205104,DOULATABAD,23.647537231445312,1,direct_grid,
2022-07-10,TELANGANA,Vikarabad,5220,DOULATABAD,281806,Deshaipally,23.096866607666016,1,direct_grid,
2022-07-10,TELANGANA,Vikarabad,5220,DOULATABAD,281805,Erlapally,22.84018281758802,2,area_weighted,
2022-07-10,TELANGANA,Vikarabad,5220,DOULATABAD,205105,GOKAJASALAWAD,22.235939025878906,1,direct_grid,
2022-07-10,TELANGANA,Vikarabad,5220,DOULATABAD,205107,GUNDEPALLE,23.130492844255453,4,area_weighted,
2022-07-10,TELANGANA,Vikarabad,5220,DOULATABAD,205108,IMDAPUR,23.052637932581778,2,area_weighted,
2022-07-10,TELANGANA,Vikarabad,5220,DOULATABAD,205109,KUDRIMALLA,21.830511789387025,4,area_weighted,
2022-07-10,TELANGANA,Vikarabad,5220,DOULATABAD,281802,Kowded,21.569331108487493,2,area_weighted,
2022-07-10,TELANGANA,Vikarabad,5220,DOULATABAD,281794,Kuppagiri,23.36663678246579,4,area_weighted,
2022-07-10,TELANGANA,Vikarabad,5220,DOULATABAD,205110,MATOOR,21.919721603393555,1,direct_grid,
2022-07-10,TELANGANA,Vikarabad,5220,DOULATABAD,205111,NANDARAM,21.89673922812782,2,area_weighted,
2022-07-10,TELANGANA,Vikarabad,5220,DOULATABAD,281803,Nagasar,21.769690032725364,2,area_weighted,
2022-07-10,TELANGANA,Vikarabad,5220,DOULATABAD,281801,Narsapur,21.662736276385925,2,area_weighted,
2022-07-10,TELANGANA,Vikarabad,5220,DOULATABAD,205113,POLKAMPALLE,22.533295242272143,3,area_weighted,
2022-07-10,TELANGANA,Vikarabad,5220,DOULATABAD,205114,SULTANPUR,22.68946756620638,2,area_weighted,
2022-07-10,TELANGANA,Vikarabad,5220,DOULATABAD,205115,SURAIPALLE,22.929096221923828,1,direct_grid,
2022-07-10,TELANGANA,Vikarabad,5232,KODANGAL,205350,ANGADI RAICHUR,20.270458221435547,1,direct_grid,
2022-07-10,TELANGANA,Vikarabad,5232,KODANGAL,205351,ANNARAM,20.28218698923843,2,area_weighted,
2022-07-10,TELANGANA,Vikarabad,5232,KODANGAL,205352,APPAIPALLE,19.74167251586914,1,area_weighted,
2022-07-10,TELANGANA,Vikarabad,5232,KODANGAL,280682,Aledu,21.204164505004883,1,direct_grid,
2022-07-10,TELANGANA,Vikarabad,5232,KODANGAL,280716,Bhavanamma Thanda,20.77976004489744,3,area_weighted,
2022-07-10,TELANGANA,Vikarabad,5232,KODANGAL,280700,Boyapally Thanda,20.852468401634113,3,area_weighted,
2022-07-10,TELANGANA,Vikarabad,5232,KODANGAL,205353,CHINNA NANDIGAMA,21.06397783310136,3,area_weighted,
2022-07-10,TELANGANA,Vikarabad,5232,KODANGAL,205354,CHITLAPALLE,20.081663445547477,4,area_weighted,
2022-07-10,TELANGANA,Vikarabad,5232,KODANGAL,280687,Hussainpoor,20.41576215002622,4,area_weighted,
2022-07-10,TELANGANA,Vikarabad,5232,KODANGAL,205356,INDANOORLY,22.351486206054688,1,area_weighted,
2022-07-10,TELANGANA,Vikarabad,5232,KODANGAL,205357,KASTOORPALLY,22.351486206054688,1,direct_grid,
2022-07-10,TELANGANA,Vikarabad,5232,KODANGAL,205364,PEDDANANDIGAM,21.310407638549805,1,direct_grid,
2022-07-10,TELANGANA,Vikarabad,5232,KODANGAL,280704,Paluguralla Thanda,20.398233482496526,4,area_weighted,
2022-07-10,TELANGANA,Vikarabad,5232,KODANGAL,205366,RAVALPALLY,22.141681887075688,2,area_weighted,
2022-07-10,TELANGANA,Vikarabad,5232,KODANGAL,205367,RUDRARAM,20.812541961669922,1,direct_grid,
2022-07-10,TELANGANA,Vikarabad,5232,KODANGAL,205368,TEKALKODE,20.810333452063894,2,area_weighted,
2022-07-10,TELANGANA,Vikarabad,5521,KULKACHARLA,210142,ADIVIVENKATAPUR,19.323329028153434,4,area_weighted,
2022-07-10,TELANGANA,Vikarabad,5521,KULKACHARLA,210143,ANANTHASAGAR,19.868183135986328,1,direct_grid,
2022-07-10,TELANGANA,Vikarabad,5521,KULKACHARLA,210144,ANTHARAM,20.72884960990553,4,area_weighted,
2022-07-10,TELANGANA,Vikarabad,5521,KULKACHARLA,277762,Allapur,18.801055908203125,1,direct_grid,
2022-07-10,TELANGANA,Vikarabad,5521,KULKACHARLA,210145,BANDIYELKACHERLA,19.89290521174705,4,area_weighted,
2022-07-10,TELANGANA,Vikarabad,5521,KULKACHARLA,210146,BOMREDDIPALLE,20.996116638183594,1,area_weighted,
2022-07-10,TELANGANA,Vikarabad,5521,KULKACHARLA,277763,Bandameedi Thanda,20.132537841796875,1,direct_grid,
2022-07-10,TELANGANA,Vikarabad,5521,KULKACHARLA,277783,Bongaram Palli - Agraharam,19.054443359375,1,direct_grid,
2022-07-10,TELANGANA,Vikarabad,5521,KULKACHARLA,277760,Botyanaik Thanda,18.98243864329159,2,area_weighted,
2022-07-10,TELANGANA,Vikarabad,5521,KULKACHARLA,210147,CHAKALIPALLE,19.051931345165517,4,area_weighted,
2022-07-10,TELANGANA,Vikarabad,5521,KULKACHARLA,210148,CHELLAPUR,21.45789909362793,1,direct_grid,
2022-07-10,TELANGANA,Vikarabad,5521,KULKACHARLA,210149,CHOWDAPUR,19.59586524963379,1,direct_grid,
2022-07-10,TELANGANA,Vikarabad,5521,KULKACHARLA,277754,Chapalagudem,20.996116638183594,1,direct_grid,
2022-07-10,TELANGANA,Vikarabad,5521,KULKACHARLA,277750,Chervumundali Thanda (A),19.86570623659692,4,area_weighted,
2022-07-10,TELANGANA,Vikarabad,5521,KULKACHARLA,210150,GHANAPUR,20.84700981644317,4,area_weighted,
2022-07-10,TELANGANA,Vikarabad,5521,KULKACHARLA,210151,IPPAIPALLE,20.15333487431661,2,area_weighted,
2022-07-10,TELANGANA,Vikarabad,5521,KULKACHARLA,210153,KANMANKALVA,19.220088958740234,1,direct_grid,
2022-07-10,TELANGANA,Vikarabad,5521,KULKACHARLA,277788,Kothapalli Thanda,19.40321372688832,4,area_weighted,
2022-07-10,TELANGANA,Vikarabad,5521,KULKACHARLA,210157,LINGAMPALLE,18.67555219802763,2,area_weighted,
2022-07-10,TELANGANA,Vikarabad,5521,KULKACHARLA,210158,MALKAPUR,19.02700424194336,1,direct_grid,
2022-07-10,TELANGANA,Vikarabad,5521,KULKACHARLA,210159,MANDIPAL,19.456767451500593,4,area_weighted,
2022-07-10,TELANGANA,Vikarabad,5521,KULKACHARLA,210160,MAQTAVENKATAPUR,19.43455696105957,1,direct_grid,
2022-07-10,TELANGANA,Vikarabad,5521,KULKACHARLA,277790,Nersab Thanda,19.182633675879607,3,area_weighted,
2022-07-10,TELANGANA,Vikarabad,5521,KULKACHARLA,210164,PUTTAPAHAD,20.59053611755371,1,area_weighted,
2022-07-10,TELANGANA,Vikarabad,5521,KULKACHARLA,277786,Pursampalli,19.402634483653724,2,area_weighted,
2022-07-10,TELANGANA,Vikarabad,5521,KULKACHARLA,210168,SALVEED,21.220110858360705,2,area_weighted,
2022-07-10,TELANGANA,Vikarabad,5521,KULKACHARLA,210170,VEERAPUR,19.00406535383277,2,area_weighted,
2022-07-10,TELANGANA,Vikarabad,5529,PARGI,210314,CHITYAL,17.095436096191406,1,direct_grid,
2022-07-10,TELANGANA,Vikarabad,5529,PARGI,278205,Jafferpally,17.344253437245033,2,area_weighted,
2022-07-10,TELANGANA,Vikarabad,5529,PARGI,278211,Narsaguda,17.095436096191406,1,area_weighted,
2022-07-10,TELANGANA,Vikarabad,5529,PARGI,278252,Ravalapally,17.220571248851595,3,area_weighted,
2022-07-10,TELANGANA,Vikarabad,5529,PARGI,210332,TONDAPALLY,16.80995504667501,2,area_weighted,
2022-07-10,TELANGANA,Wanaparthy,5209,ATMAKUR,204862,AREPALLE,18.814919977111394,3,area_weighted,
2022-07-10,TELANGANA,Wanaparthy,5209,ATMAKUR,204864,DEVARAPALLE,19.10855062486149,3,area_weighted,
2022-07-10,TELANGANA,Wanaparthy,5209,ATMAKUR,204866,GUNTIPALLE,18.97541618956525,2,area_weighted,
2022-07-10,TELANGANA,Wanaparthy,5209,ATMAKUR,204867,JURIAL,18.474315643310547,1,direct_grid,
2022-07-10,TELANGANA,Wanaparthy,5209,ATMAKUR,204869,KATHEPALLE,18.812668435063213,2,area_weighted,
2022-07-10,TELANGANA,Wanaparthy,5209,ATMAKUR,204872,MEDEPALLE,19.306685295664394,2,area_weighted,
2022-07-10,TELANGANA,Wanaparthy,5209,ATMAKUR,204873,MOTLAMPALLE,19.17896842956543,1,direct_grid,
2022-07-10,TELANGANA,Wanaparthy,5209,ATMAKUR,204874,MULMALLA,17.130945524365632,3,area_weighted,
2022-07-10,TELANGANA,Wanaparthy,5209,ATMAKUR,204877,PINAMCHERLA,18.902279212227594,4,area_weighted,
2022-07-10,TELANGANA,Wanaparthy,5209,ATMAKUR,204878,RECHINTALA,16.445453672033473,2,area_weighted,
2022-07-10,TELANGANA,Wanaparthy,5209,ATMAKUR,204880,THIPPADAMPALLE,19.31778693375429,4,area_weighted,
2022-07-10,TELANGANA,Wanaparthy,5209,ATMAKUR,204881,THOOMPALLE,18.692861557006836,1,direct_grid,
2022-07-10,TELANGANA,Wanaparthy,7281,Amarachintha,205745,CHANDRAGAD,16.521236419677734,1,direct_grid,
2022-07-10,TELANGANA,Wanaparthy,7281,Amarachintha,280562,Chandranaik Thanda,17.950286573588087,4,area_weighted,
2022-07-10,TELANGANA,Wanaparthy,7281,Amarachintha,280452,Chinthareddypally,18.55647911230707,4,area_weighted,
2022-07-10,TELANGANA,Wanaparthy,7281,Amarachintha,205748,ERLADINNE,18.476906950091344,3,area_weighted,
2022-07-10,TELANGANA,Wanaparthy,7281,Amarachintha,204868,KANKANVANIPALLE,17.46098296285323,2,area_weighted,
2022-07-10,TELANGANA,Wanaparthy,7281,Amarachintha,280582,Kistampally,16.98661231994629,1,direct_grid,
2022-07-10,TELANGANA,Wanaparthy,7281,Amarachintha,204871,MASTIPUR,16.790875020566737,2,area_weighted,
2022-07-10,TELANGANA,Wanaparthy,7281,Amarachintha,205757,MITTANANDIMALLA,18.14072322845459,2,direct_grid,
2022-07-10,TELANGANA,Wanaparthy,7281,Amarachintha,205758,NAGALKADUMUR,17.181326974123657,3,area_weighted,
2022-07-10,TELANGANA,Wanaparthy,7281,Amarachintha,204876,PAMIREDDIPALLE,18.708765029907227,1,direct_grid,
2022-07-10,TELANGANA,Wanaparthy,7281,Amarachintha,204879,SINGAMPETA,18.459051682266953,2,area_weighted,
2022-07-10,TELANGANA,Wanaparthy,7279,Chinnambavi,206006,AYYAWARI PALLY,4.910077593150854,4,area_weighted,
2022-07-10,TELANGANA,Wanaparthy,7279,Chinnambavi,280763,Ammaipally,8.069691993892983,4,area_weighted,
2022-07-10,TELANGANA,Wanaparthy,7279,Chinnambavi,206007,BEKKEM,6.9283037185668945,1,direct_grid,
2022-07-10,TELANGANA,Wanaparthy,7279,Chinnambavi,206008,CHELLEPAD,5.054565191268921,2,direct_grid,
2022-07-10,TELANGANA,Wanaparthy,7279,Chinnambavi,206009,CHINNAMAROOR,4.739619083834174,3,area_weighted,
2022-07-10,TELANGANA,Wanaparthy,7279,Chinnambavi,206010,DAGADAPALLY,6.662139892578125,1,direct_grid,
2022-07-10,TELANGANA,Wanaparthy,7279,Chinnambavi,206011,GOPULAPUR,6.747553953589479,2,area_weighted,
2022-07-10,TELANGANA,Wanaparthy,7279,Chinnambavi,206013,JATPROLE,5.9407139430575775,4,area_weighted,
2022-07-10,TELANGANA,Wanaparthy,7279,Chinnambavi,206014,KALOOR,4.4238057136535645,1,direct_grid,
2022-07-10,TELANGANA,Wanaparthy,7279,Chinnambavi,206015,KONDOOR,7.91143738821804,6,area_weighted,
2022-07-10,TELANGANA,Wanaparthy,7279,Chinnambavi,206016,KOPPUNOOR,5.515951595963594,3,area_weighted,
2022-07-10,TELANGANA,Wanaparthy,7279,Chinnambavi,206017,LAXMIPALLY,6.460008144378662,1,direct_grid,
2022-07-10,TELANGANA,Wanaparthy,7279,Chinnambavi,206018,MIYAPOOR,7.011310827674801,3,area_weighted,
2022-07-10,TELANGANA,Wanaparthy,7279,Chinnambavi,206019,PEDDA MAROOR,4.825310230255127,1,direct_grid,
2022-07-10,TELANGANA,Wanaparthy,7279,Chinnambavi,206020,PEDDADAGADA,7.676750929846604,4,area_weighted,
2022-07-10,TELANGANA,Wanaparthy,7279,Chinnambavi,206024,VELGONDA,8.641457170695944,4,area_weighted,
2022-07-10,TELANGANA,Wanaparthy,7279,Chinnambavi,206025,VELTOOR,4.562104215819266,4,area_weighted,
2022-07-10,TELANGANA,Wanaparthy,5223,GHANPUR,205168,AGARAM,25.14998266824162,2,area_weighted,
2022-07-10,TELANGANA,Wanaparthy,5223,GHANPUR,205169,ALMAIPALLY,21.149474759909765,2,area_weighted,
2022-07-10,TELANGANA,Wanaparthy,5223,GHANPUR,205170,ANTHAIPALLY,26.107582092285156,1,area_weighted,
2022-07-10,TELANGANA,Wanaparthy,5223,GHANPUR,205171,APPAREDDIPALLY,20.014805318982777,3,area_weighted,
2022-07-10,TELANGANA,Wanaparthy,5223,GHANPUR,279578,Amudam Banda Thanda,24.36226235398128,4,area_weighted,
2022-07-10,TELANGANA,Wanaparthy,5223,GHANPUR,280425,Balijapally,21.588740092963434,3,area_weighted,
2022-07-10,TELANGANA,Wanaparthy,5223,GHANPUR,280326,Donthikunta Thanda,26.47011440288007,3,area_weighted,
2022-07-10,TELANGANA,Wanaparthy,5223,GHANPUR,280419,Gattukadipally,24.65312957763672,1,direct_grid,
2022-07-10,TELANGANA,Wanaparthy,5223,GHANPUR,205173,JANGAMAIPALLY,22.532830238342285,2,direct_grid,
2022-07-10,TELANGANA,Wanaparthy,5223,GHANPUR,205174,KAMALUDDINPUR,26.107582092285156,1,direct_grid,
2022-07-10,TELANGANA,Wanaparthy,5223,GHANPUR,279562,Kothula Kunta Thanda,27.230775833129883,1,direct_grid,
2022-07-10,TELANGANA,Wanaparthy,5223,GHANPUR,205175,MALKAPUR,28.246432386287463,2,area_weighted,
2022-07-10,TELANGANA,Wanaparthy,5223,GHANPUR,205176,MAMIDIMADA,21.554813385009766,1,direct_grid,
2022-07-10,TELANGANA,Wanaparthy,5223,GHANPUR,205178,MD.HUSSAINPALLY,26.774110260456712,2,area_weighted,
2022-07-10,TELANGANA,Wanaparthy,5223,GHANPUR,205179,PARVATHAPUR,21.977328023269457,5,area_weighted,
2022-07-10,TELANGANA,Wanaparthy,5223,GHANPUR,279651,Road Meedi Thanda,22.702434539794922,1,direct_grid,
2022-07-10,TELANGANA,Wanaparthy,5223,GHANPUR,205181,SALKALAPUR,20.295344838923782,3,area_weighted,
2022-07-10,TELANGANA,Wanaparthy,5223,GHANPUR,279627,Suraipally,31.389354705810547,1,direct_grid,
2022-07-10,TELANGANA,Wanaparthy,5223,GHANPUR,205185,UPPERPALLY,30.632488693701024,4,area_weighted,
2022-07-10,TELANGANA,Wanaparthy,5223,GHANPUR,205186,VENKATAMPALLY,22.702434539794922,1,area_weighted,
2022-07-10,TELANGANA,Wanaparthy,5225,GOPALPETA,279321,Amudalakunta Thanda,16.10351553831221,4,area_weighted,
2022-07-10,TELANGANA,Wanaparthy,5225,GOPALPETA,205212,BUDDARAM,18.803634643554688,1,direct_grid,
2022-07-10,TELANGANA,Wanaparthy,5225,GOPALPETA,205213,CHAKALAPALLY,15.328497269946578,4,area_weighted,
2022-07-10,TELANGANA,Wanaparthy,5225,GOPALPETA,205216,CHENNUR,18.8523510000948,2,area_weighted,
2022-07-10,TELANGANA,Wanaparthy,5225,GOPALPETA,205217,GOPALPET,17.362689971923828,1,direct_grid,
2022-07-10,TELANGANA,Wanaparthy,5225,GOPALPETA,205218,JAINTHIRMALAPUR,16.97433078263908,2,area_weighted,
2022-07-10,TELANGANA,Wanaparthy,5225,GOPALPETA,205220,MUNNANOOR,17.624379491011293,2,area_weighted,
2022-07-10,TELANGANA,Wanaparthy,5225,GOPALPETA,205224,TADIPARTHY,19.439037322998047,1,direct_grid,
2022-07-10,TELANGANA,Wanaparthy,5225,GOPALPETA,205227,YEDUTLA,16.213947296142578,1,direct_grid,
2022-07-10,TELANGANA,Wanaparthy,5237,KOTHAKOTA,205465,AMDABAKULA,21.3682861328125,1,direct_grid,
2022-07-10,TELANGANA,Wanaparthy,5237,KOTHAKOTA,205466,APPARALA,19.437196731567383,1,direct_grid,
2022-07-10,TELANGANA,Wanaparthy,5237,KOTHAKOTA,205467,BHOOTHPUR,20.617950163822904,4,area_weighted,
2022-07-10,TELANGANA,Wanaparthy,5237,KOTHAKOTA,205468,CHERLAPALLY,19.789436939574486,2,area_weighted,
2022-07-10,TELANGANA,Wanaparthy,5237,KOTHAKOTA,205470,KANAIPALLY,22.896309652095177,3,area_weighted,
2022-07-10,TELANGANA,Wanaparthy,5237,KOTHAKOTA,205471,KANIMETTA,25.00812339782715,1,direct_grid,
2022-07-10,TELANGANA,Wanaparthy,5237,KOTHAKOTA,205475,MIRASIPALLY,19.365398015533252,2,area_weighted,
2022-07-10,TELANGANA,Wanaparthy,5237,KOTHAKOTA,205476,MUMMALLAPALLY,19.96904945373535,1,direct_grid,
2022-07-10,TELANGANA,Wanaparthy,5237,KOTHAKOTA,205480,NIRVEN,23.024677276611328,1,direct_grid,
2022-07-10,TELANGANA,Wanaparthy,5237,KOTHAKOTA,280734,Nacharampeta,18.672534942626953,1,direct_grid,
2022-07-10,TELANGANA,Wanaparthy,5237,KOTHAKOTA,205481,PALEM,23.25797085373781,2,area_weighted,
2022-07-10,TELANGANA,Wanaparthy,5237,KOTHAKOTA,205482,PAMAPUR,18.991524922032085,4,area_weighted,
2022-07-10,TELANGANA,Wanaparthy,5237,KOTHAKOTA,205483,RAMAKRISHNAPUR,19.471104702609374,2,area_weighted,
2022-07-10,TELANGANA,Wanaparthy,5237,KOTHAKOTA,205485,RAMANTHAPUR,22.19284524094142,2,area_weighted,
2022-07-10,TELANGANA,Wanaparthy,5237,KOTHAKOTA,205486,RAYANPET,21.788142893839087,3,area_weighted,
2022-07-10,TELANGANA,Wanaparthy,5237,KOTHAKOTA,205487,SANKIREDDIPALLY,21.72380009313423,3,area_weighted,
2022-07-10,TELANGANA,Wanaparthy,5237,KOTHAKOTA,205489,WADDEWATA,20.361024856567383,1,direct_grid,
2022-07-10,TELANGANA,Wanaparthy,7280,Madanapur,205464,AJJAKOLE,19.82255244799891,4,area_weighted,
2022-07-10,TELANGANA,Wanaparthy,7280,Madanapur,280442,Balakistapur,19.220714880717203,4,area_weighted,
2022-07-10,TELANGANA,Wanaparthy,7280,Madanapur,280586,Bhavsing Thanda,19.68876044109792,3,area_weighted,
2022-07-10,TELANGANA,Wanaparthy,7280,Madanapur,205469,DANTHANUR,21.467864990234375,1,direct_grid,
2022-07-10,TELANGANA,Wanaparthy,7280,Madanapur,280688,Dwarakanagar,22.055246108130085,2,area_weighted,
2022-07-10,TELANGANA,Wanaparthy,7280,Madanapur,204865,GOPANPET,20.19397173867371,2,area_weighted,
2022-07-10,TELANGANA,Wanaparthy,7280,Madanapur,205472,KONNUR,22.228000925803002,4,area_weighted,
2022-07-10,TELANGANA,Wanaparthy,7280,Madanapur,205474,MADANAPUR,20.93958865996032,2,area_weighted,
2022-07-10,TELANGANA,Wanaparthy,7280,Madanapur,205477,NARSINGAPUR,21.18190710597786,2,area_weighted,
2022-07-10,TELANGANA,Wanaparthy,7280,Madanapur,205479,NELIVIDI,20.960364457350817,2,area_weighted,
2022-07-10,TELANGANA,Wanaparthy,7280,Madanapur,205484,RAMANPAHAD,19.677453994750977,1,direct_grid,
2022-07-10,TELANGANA,Wanaparthy,7280,Madanapur,205488,THIRUMALAIPALLY,20.45628786151728,4,area_weighted,
2022-07-10,TELANGANA,Wanaparthy,5252,PANGAL,205791,ANNARAM,16.145857249537848,2,area_weighted,
2022-07-10,TELANGANA,Wanaparthy,5252,PANGAL,205793,BUSIREDDYPALLY,13.436675071716309,1,direct_grid,
2022-07-10,TELANGANA,Wanaparthy,5252,PANGAL,280844,Bahadur Gudem,15.870322227478027,1,direct_grid,
2022-07-10,TELANGANA,Wanaparthy,5252,PANGAL,280845,Bandapally,15.4805049798706,3,area_weighted,
2022-07-10,TELANGANA,Wanaparthy,5252,PANGAL,205794,CHIKKEPALLY,11.700161826223699,4,area_weighted,
2022-07-10,TELANGANA,Wanaparthy,5252,PANGAL,205795,CHINTHAKUNTA,17.223722457885742,1,direct_grid,
2022-07-10,TELANGANA,Wanaparthy,5252,PANGAL,205796,DAVAJIPALLY,16.841224670410156,1,direct_grid,
2022-07-10,TELANGANA,Wanaparthy,5252,PANGAL,205797,DONDAIPALLY,16.224070190411787,3,area_weighted,
2022-07-10,TELANGANA,Wanaparthy,5252,PANGAL,280852,Dawoodkhanpally,13.62716597096293,2,area_weighted,
2022-07-10,TELANGANA,Wanaparthy,5252,PANGAL,205799,GOPLAPUR,15.854229714237281,4,area_weighted,
2022-07-10,TELANGANA,Wanaparthy,5252,PANGAL,205800,JAMMAPOOR,13.643254163783062,4,area_weighted,
2022-07-10,TELANGANA,Wanaparthy,5252,PANGAL,205802,KETHEPALLY,12.500807762145996,1,direct_grid,
2022-07-10,TELANGANA,Wanaparthy,5252,PANGAL,205803,MALLAIPALLY,17.232077299083723,2,area_weighted,
2022-07-10,TELANGANA,Wanaparthy,5252,PANGAL,205804,MOHAMMADAPUR,16.305098501034877,3,area_weighted,
2022-07-10,TELANGANA,Wanaparthy,5252,PANGAL,280847,Madhavaraopally,14.686909675598145,1,direct_grid,
2022-07-10,TELANGANA,Wanaparthy,5252,PANGAL,280850,Nizamabad,13.61074393168647,3,area_weighted,
2022-07-10,TELANGANA,Wanaparthy,5252,PANGAL,205807,RAYANPALLY,13.95214421668192,4,area_weighted,
2022-07-10,TELANGANA,Wanaparthy,5252,PANGAL,205808,REMUDDULA,15.384743690490723,1,direct_grid,
2022-07-10,TELANGANA,Wanaparthy,5252,PANGAL,205809,SHAKAPOOR,13.48828125,1,direct_grid,
2022-07-10,TELANGANA,Wanaparthy,5252,PANGAL,205810,TELLARALLAPALLY,11.475092887878418,1,direct_grid,
2022-07-10,TELANGANA,Wanaparthy,5253,PEBBAIR,205813,AYYAVARIPALLY,10.463956956167692,4,area_weighted,
2022-07-10,TELANGANA,Wanaparthy,5253,PEBBAIR,205814,BUNIYADPUR,15.656265258789062,1,direct_grid,
2022-07-10,TELANGANA,Wanaparthy,5253,PEBBAIR,205815,BURDIPAD,9.737558364868164,1,direct_grid,
2022-07-10,TELANGANA,Wanaparthy,5253,PEBBAIR,205817,GUMMADAM,9.556135177612305,1,direct_grid,
2022-07-10,TELANGANA,Wanaparthy,5253,PEBBAIR,205821,KANCHIRAOPALLY,18.78718376159668,1,direct_grid,
2022-07-10,TELANGANA,Wanaparthy,5253,PEBBAIR,279548,Kotha Sugur,11.58500150852488,2,area_weighted,
2022-07-10,TELANGANA,Wanaparthy,5253,PEBBAIR,205823,PATHAPALLY,11.647371744511531,4,area_weighted,
2022-07-10,TELANGANA,Wanaparthy,5253,PEBBAIR,205825,PENCHIKALPAD,11.228614005739482,4,area_weighted,
2022-07-10,TELANGANA,Wanaparthy,5253,PEBBAIR,205826,RAMPUR,16.462582094189422,3,area_weighted,
2022-07-10,TELANGANA,Wanaparthy,5253,PEBBAIR,205827,RANGAPOOR,16.09846305847168,1,direct_grid,
2022-07-10,TELANGANA,Wanaparthy,5253,PEBBAIR,279529,Ramammapeta,16.656471174552006,4,area_weighted,
2022-07-10,TELANGANA,Wanaparthy,5253,PEBBAIR,205829,SHAKAPOOR (Y),18.67266240018686,3,area_weighted,
2022-07-10,TELANGANA,Wanaparthy,5253,PEBBAIR,205833,THIPPAIPALLY,9.22723543700631,4,area_weighted,
2022-07-10,TELANGANA,Wanaparthy,5253,PEBBAIR,205834,THOMALAPALLY,18.723866486201246,2,area_weighted,
2022-07-10,TELANGANA,Wanaparthy,5253,PEBBAIR,205836,YAPARLA,6.9914774894714355,1,direct_grid,
2022-07-10,TELANGANA,Wanaparthy,5255,PEDDAMANDADI,205854,ALWAL,27.448464331884406,4,area_weighted,
2022-07-10,TELANGANA,Wanaparthy,5255,PEDDAMANDADI,280329,Ammapally,27.887798309326172,1,direct_grid,
2022-07-10,TELANGANA,Wanaparthy,5255,PEDDAMANDADI,280365,Anakaipally Thanda,23.9531325359208,6,area_weighted,
2022-07-10,TELANGANA,Wanaparthy,5255,PEDDAMANDADI,205855,BALEEDPALLY,24.639292224247193,4,area_weighted,
2022-07-10,TELANGANA,Wanaparthy,5255,PEDDAMANDADI,280436,Buggapally Thanda,25.143707275390625,1,direct_grid,
2022-07-10,TELANGANA,Wanaparthy,5255,PEDDAMANDADI,205856,CHINNAMANDADI,24.201814651489258,1,direct_grid,
2022-07-10,TELANGANA,Wanaparthy,5255,PEDDAMANDADI,205857,CHINNAMUNGALCHED,25.38804770479624,2,area_weighted,
2022-07-10,TELANGANA,Wanaparthy,5255,PEDDAMANDADI,280335,Cheekuru Chettu Thanda,23.783555993587566,4,area_weighted,
2022-07-10,TELANGANA,Wanaparthy,5255,PEDDAMANDADI,280346,Chilkatonipally,27.67327117919922,1,direct_grid,
2022-07-10,TELANGANA,Wanaparthy,5255,PEDDAMANDADI,205859,GATLAKHANAPUR,30.062776966611338,3,area_weighted,
2022-07-10,TELANGANA,Wanaparthy,5255,PEDDAMANDADI,205861,KANMANOOR,23.971354796475637,2,area_weighted,
2022-07-10,TELANGANA,Wanaparthy,5255,PEDDAMANDADI,205864,MOJERLA,26.371553466556136,3,area_weighted,
2022-07-10,TELANGANA,Wanaparthy,5255,PEDDAMANDADI,205867,PEDDAMUNGALCHED,24.696264266967773,1,direct_grid,
2022-07-10,TELANGANA,Wanaparthy,5255,PEDDAMANDADI,205868,VEERAIPALLY,26.34176166150771,2,area_weighted,
2022-07-10,TELANGANA,Wanaparthy,7278,Revally,279326,Ananthapur,12.071537971496582,1,direct_grid,
2022-07-10,TELANGANA,Wanaparthy,7278,Revally,205211,BANDARAIPAKULA,12.033618093751164,2,area_weighted,
2022-07-10,TELANGANA,Wanaparthy,7278,Revally,205214,CHEERKAPALLY,12.429333881305038,2,area_weighted,
2022-07-10,TELANGANA,Wanaparthy,7278,Revally,205215,CHENNARAM,14.28842544555664,1,direct_grid,
2022-07-10,TELANGANA,Wanaparthy,7278,Revally,279261,Gouridevipally,11.976274490356445,1,direct_grid,
2022-07-10,TELANGANA,Wanaparthy,7278,Revally,205219,KESHAMPET,15.042304992675781,1,direct_grid,
2022-07-10,TELANGANA,Wanaparthy,7278,Revally,279287,Patha Thanda,12.512445449829102,1,direct_grid,
2022-07-10,TELANGANA,Wanaparthy,7278,Revally,205223,REVALLY,12.117864608764648,1,direct_grid,
2022-07-10,TELANGANA,Wanaparthy,7228,Srirangapur,205818,JANAMPET,12.662964820861816,1,direct_grid,
2022-07-10,TELANGANA,Wanaparthy,7228,Srirangapur,205819,JANUMPALLY,13.568300247192383,1,direct_grid,
2022-07-10,TELANGANA,Wanaparthy,7228,Srirangapur,205820,KAMBALAPUR,15.114505843050223,3,area_weighted,
2022-07-10,TELANGANA,Wanaparthy,7228,Srirangapur,205822,NAGARALA,14.226323920628353,3,area_weighted,
2022-07-10,TELANGANA,Wanaparthy,7228,Srirangapur,205830,SRIRANGAPUR,14.560988426208496,1,direct_grid,
2022-07-10,TELANGANA,Wanaparthy,7228,Srirangapur,205832,THATIPAMULA,17.902124122242412,4,area_weighted,
2022-07-10,TELANGANA,Wanaparthy,7228,Srirangapur,205835,VENKATAPUR,12.426324055556051,4,area_weighted,
2022-07-10,TELANGANA,Wanaparthy,5266,WANAPARTHY,206063,ACHUTHAPUR,22.012348175048828,1,direct_grid,
2022-07-10,TELANGANA,Wanaparthy,5266,WANAPARTHY,206064,ANKOOR,20.26319491859279,2,area_weighted,
2022-07-10,TELANGANA,Wanaparthy,5266,WANAPARTHY,206065,APPAIPALLY,19.107548713684082,2,direct_grid,
2022-07-10,TELANGANA,Wanaparthy,5266,WANAPARTHY,279218,Anjanagiri,16.895112299016546,2,area_weighted,
2022-07-10,TELANGANA,Wanaparthy,5266,WANAPARTHY,206066,CHANDAPUR,17.985098040881837,3,area_weighted,
2022-07-10,TELANGANA,Wanaparthy,5266,WANAPARTHY,206067,CHIMANGUNTAPALLY,19.974870127706225,3,area_weighted,
2022-07-10,TELANGANA,Wanaparthy,5266,WANAPARTHY,206068,CHITYALA,21.176851904083282,2,area_weighted,
2022-07-10,TELANGANA,Wanaparthy,5266,WANAPARTHY,206069,DATTAIPALLY,18.66021156311035,1,direct_grid,
2022-07-10,TELANGANA,Wanaparthy,5266,WANAPARTHY,206070,KADUKUNTLA,20.266059538583796,2,area_weighted,
2022-07-10,TELANGANA,Wanaparthy,5266,WANAPARTHY,206072,KISTAGIRI,20.71491241455078,1,direct_grid,
2022-07-10,TELANGANA,Wanaparthy,5266,WANAPARTHY,279213,Kandriya Thanda,17.020177498665262,4,area_weighted,
2022-07-10,TELANGANA,Wanaparthy,5266,WANAPARTHY,206073,MENTAPALLY,20.25951949811042,4,area_weighted,
2022-07-10,TELANGANA,Wanaparthy,5266,WANAPARTHY,206074,NACHAHALLY,19.64320416690186,2,area_weighted,
2022-07-10,TELANGANA,Wanaparthy,5266,WANAPARTHY,206075,PEDDAGUDEM,20.89821333075554,6,area_weighted,
2022-07-10,TELANGANA,Wanaparthy,5266,WANAPARTHY,280408,Pedda Thanda D,18.9637021919871,4,area_weighted,
2022-07-10,TELANGANA,Wanaparthy,5266,WANAPARTHY,279240,Pedda Thanda R,22.829336166381836,1,direct_grid,
2022-07-10,TELANGANA,Wanaparthy,5263,WEEPANGANDLA,205792,BOLLARAM,9.674405097961426,1,direct_grid,
2022-07-10,TELANGANA,Wanaparthy,5263,WEEPANGANDLA,205798,GOPALDINNE,11.141916829160724,4,area_weighted,
2022-07-10,TELANGANA,Wanaparthy,5263,WEEPANGANDLA,206012,GOVARDHANAGIRI,9.63693418189736,3,area_weighted,
2022-07-10,TELANGANA,Wanaparthy,5263,WEEPANGANDLA,205801,KALWARALA,11.069015256329724,4,area_weighted,
2022-07-10,TELANGANA,Wanaparthy,5263,WEEPANGANDLA,280742,Nagarlabanda Thanda,8.920201084078887,4,area_weighted,
2022-07-10,TELANGANA,Wanaparthy,5263,WEEPANGANDLA,205806,PULGERCHERLA,11.17637825012207,1,direct_grid,
2022-07-10,TELANGANA,Wanaparthy,5263,WEEPANGANDLA,206021,SAMPATHRAOPALLY,8.017075538635254,1,direct_grid,
2022-07-10,TELANGANA,Wanaparthy,5263,WEEPANGANDLA,206022,SANGINENIPALLY,10.409116744995117,1,direct_grid,
2022-07-10,TELANGANA,Wanaparthy,5263,WEEPANGANDLA,206026,WEEPANAGANDLA,8.801972389221191,2,direct_grid,
